0.12889161391020965,0.36837220142832106,0.8059746407126047,0.24379901619289343,0.6288070490001468,0.21818323423870684,0.7958544019693226,0.5815286723594864,0.20199805029937223,0.6116039099837884,0.531668915490509,0.9716160601283749,0.6399187477596363,0.9979550094217668,0.5609736059911112,0.1719205735065141,0.8168407281448555,0.8742399525755086,0.11045808520246574,0.6130270868284451,0.38376578765561975,0.9844510080443556,0.1649601250943028,0.23915531509205054,0.7425573305663764,0.1566577798187633,1.0,0.4152878118460762,0.029559721116296095,0.5942632649956073,0.9186255800223276,0.3367173573262839,0.9889945326350387,0.034011043405127804,0.7142618117430243,0.322495586589859,0.20725896790779422,0.564805121038955,0.7139332657778331,0.729033682912988,0.8380081027987659,0.0,0.17084774053913393,0.36520859961091584,0.5347974636018767,0.8950330400046986,0.8823237816773168,0.1792402555693627,0.26918996046592186,0.5302723337687988
0.6123654857206172,0.3061353526459261,0.45120548062709853,0.5530346246428999,0.47761520094538523,0.6043490171532747,0.4280514784920212,0.44656838622451117,0.4141602804389784,0.4611784366908198,0.3111499039018395,0.4823852167623581,0.5067946663915774,0.5883338122611865,0.4834534235916892,0.3598547584138588,0.4347117044704093,0.3710223248430118,0.7033724671692623,0.2760342055190253,0.7431976887856132,0.41721558508914036,0.7503286837744443,0.6082009313915572,0.6856983942952453,0.5891294700874332,0.42856457100436146,0.6425901937681949,0.5379916544778858,0.4906611031528639,0.5534066063376903,0.6851034085713394,0.178247683124299,0.739617971482215,0.42237410582424834,0.4002510566947543,0.47121534177357627,0.4610964897686005,0.4812262198217313,0.4575240141332005,0.3059108735880054,0.5159203283233619,0.581890422266587,0.7273235931054909,0.6018867833755397,0.37729558501428956,0.3168810828989263,0.6885996604817595,0.6853439308107183,0.5063669309054438
0.32245151795372023,0.2617926358847239,0.4635906358322992,0.3366933601746279,0.32800501684652605,0.39398240041485066,0.33060395742430015,0.4666265004683181,0.2670849099405094,0.3084023975131671,0.2684968625716554,0.8019680634496451,0.4410150965190063,0.7934057033354548,0.32952291907042586,0.22077852930612907,0.6011583340665871,0.3144563828202564,0.6093649820786384,0.3141350672029082,0.6303077082516753,0.6801645817426942,0.7556351723899292,0.5631557263684782,0.7238704181276628,0.6026072463014334,0.6355007623827666,0.5055644414000164,0.4998883677377212,0.4033005266442905,0.6131618497190336,0.44477264763059654,0.30243154326868477,0.46224040485303897,0.5997951666373209,0.44805384439403473,0.28174169027017204,0.5439991437564284,0.42440830431106535,0.5866494786560547,0.3691211360331923,0.299170772965538,0.5617696809872454,0.60912083452723,0.719205808944586,0.5082369723305002,0.616853056460464,0.4027250772321228,0.5421067528671815,0.5931526673543719
0.44179971094231446,0.32554458767438077,0.5154179370695505,0.4419935660449688,0.45300389160807597,0.5238465554762264,0.3755821010710686,0.43541796056028753,0.35781679205365136,0.3428580650270351,0.37198249738496053,0.6407942712038006,0.5204133038128607,0.6553849186503642,0.4786686532559093,0.3347766287376203,0.500273986309752,0.3811435177088975,0.5326218546402908,0.3355302576695474,0.629669823200357,0.5671121618981757,0.7256267677849642,0.5421205310759509,0.6593403329031144,0.5601440068791803,0.5114525486921654,0.5549986701772748,0.44506040351476484,0.44142017118529386,0.5866779069618162,0.5605886217000021,0.3450035299968941,0.5493448344569717,0.5597646347105584,0.44918404990561334,0.4297322575178686,0.5057457922569178,0.5498450063723723,0.46024815801773633,0.3724864967475281,0.33789571499540927,0.5029464293835311,0.6249943442644982,0.661440869354441,0.4335359327649074,0.520941095021497,0.4854261414705509,0.6031469186545118,0.5737652599524373
0.8485126956015292,0.27121356817891534,0.22182621276347214,0.6883906864994517,0.36612961916598974,0.4705015396824002,0.642809280978006,0.6080974181072994,0.3689716841415559,0.7781170824307625,0.1969151819411814,0.4481435922628993,0.346996247863622,0.6088392915754198,0.28474538119969406,0.3580619291865861,0.606274013129934,0.4019432080260948,0.9851374986824283,0.2387487179167011,0.8245936905938269,0.28174379755328904,0.6449100703688493,0.7168587903665486,0.732209245585504,0.6188003992890614,0.5628477972470447,0.6793644775588857,0.7909428207672585,0.54905284235548,0.6432999905323623,0.8010392253532727,0.0,0.8317645992699138,0.1873971608859676,0.33068383054999956,0.35063918604945465,0.3678148089817427,0.15517222820334586,0.7073016109875767,0.3823024083846329,0.9313978988955399,0.8038702665421226,0.8620719237371667,0.45800967347935506,0.48070260827435296,0.08645242829687481,1.0,0.6231246285774483,0.37899494973853065
0.5288670689086589,0.4333919726859893,0.4131593070905368,0.5257552537255771,0.37866087452514297,0.5852437969966567,0.1971956878104472,0.38953004340004316,0.4031901807969619,0.13286536838912405,0.5283122079059556,0.6049555409833398,0.4817540708977321,0.42027763954514863,0.4926091577831678,0.5546497376560338,0.46667571774300637,0.2261554348825605,0.4012972516648579,0.3380892575206407,0.514775025789921,0.4442330832445022,0.8795017528596354,0.5968996944679879,0.4563438963355566,0.6907750943673425,0.3475478543098453,0.49516542348862813,0.5571138576038271,0.30515701277992074,0.501090141485739,0.6216864546042478,0.34878716855949266,0.5345561416717121,0.6097001202540122,0.623592270597602,0.5960699926120175,0.45977047488690037,0.5855651257469201,0.29099562616281166,0.33864996366610955,0.43469280956633816,0.5699624493093189,0.6254772346735264,0.707073675994892,0.2633049488304482,0.5473775124197799,0.47145908791309654,0.6231058494588722,0.6666547999532989
0.47260290583153136,0.37417346914763094,0.48051968549930085,0.473636176839702,0.4299436315194356,0.5249144658442505,0.3401587852608824,0.4335984130268845,0.3661159973278385,0.2886792969517965,0.44603826194847923,0.6429021513497444,0.5052910462431474,0.576299064794634,0.48294845325520747,0.42011459560581094,0.5144507367233758,0.35151493579437104,0.4606862565171913,0.3541025225357955,0.5678919440842268,0.5335396643026336,0.7470060701768279,0.5501281045253716,0.5791700806789505,0.5891639822224225,0.4791321831982625,0.5227769274916145,0.47678150186042334,0.3973762076195167,0.5769005798845982,0.5799647997745266,0.38221023816026956,0.5144168565915008,0.5785334073251145,0.5115926848248223,0.48252394253589287,0.4843861567985783,0.5618580762923646,0.4166227852043703,0.3939335195116516,0.37889749656540705,0.5193694348103595,0.6148425888455442,0.6635474378969943,0.39606485131656133,0.5428685748338532,0.4765980391916266,0.5868521860972702,0.6034769906766867
0.522041138243812,0.31095935417382103,0.5866240689349455,0.49897458301541997,0.5842739844750758,0.5805915513688621,0.5409668321452368,0.45584005224395807,0.40179846584856893,0.531857639623956,0.35128415120620143,0.52176771013159,0.5874566547348371,0.6780918231699753,0.568171148760178,0.3022612042984064,0.4560922671032362,0.5270564059081035,0.5839245611939311,0.34521683831875977,0.7077828436621905,0.525001717776525,0.6016675652614089,0.5086832796004646,0.7291851636152908,0.4555425573026167,0.5179103970785269,0.6362129153833634,0.36948752234710264,0.5585115148599396,0.6237505674999598,0.6371237026343112,0.3512124622806131,0.6450352929233287,0.46677554555200756,0.34083044170744764,0.4417000369658762,0.4885454658461977,0.590365028267672,0.4839674111641355,0.4016320792263426,0.36875121650099923,0.44573980392926743,0.6566568741879905,0.569673572358883,0.4807419788476629,0.39460700671157206,0.6035326299445593,0.6362996001340849,0.4878770764493258
0.7815183940796089,0.6811251829293362,0.17243041461613967,0.747426313359921,0.2507619206099444,0.5466601909294461,0.13035505000665268,0.44450422299246883,0.4363023204990796,0.0,0.8882866692953402,0.5906130922433253,0.36427724244967946,0.01908524108947124,0.46958152236499984,1.0,0.6031582805101128,0.12588423636652216,0.10748632200144148,0.4368514408222525,0.21881524496645588,0.22295544684569382,0.9122826735817371,0.6594403594359498,0.059286172491766743,0.8204724226572918,0.23821707100853046,0.347112937067854,0.7835593619114327,0.11882607035879883,0.4988016645430969,0.7740808424820056,0.511431262026598,0.3809473965784468,0.6155988628262306,0.9075624338164506,0.8332975161898828,0.31142940020554505,0.5528650521544578,0.15650235752078334,0.5024816070325993,0.7921137784625814,0.7104258571644781,0.6147913589130033,0.6451045559686418,0.12349813280936643,0.5718733465545934,0.5452381167981344,0.5097132213693973,0.7628290359696546
0.5919445777634901,0.3110730158261156,0.47714536144938297,0.5430467682646531,0.49223295871404876,0.6410877898168483,0.38072348982336013,0.4151156515173521,0.43003790200758196,0.4041460695681499,0.32450316427552867,0.4692944543671799,0.5293930449766056,0.5685131973253353,0.5154302491203447,0.36885147569056187,0.3924697688506513,0.349569519321888,0.6755555128434843,0.2712135019024598,0.7414251430478987,0.41837784676188033,0.787175872341027,0.6026741823571958,0.6745277872017658,0.5985904601467447,0.3852742565799075,0.6446153950154982,0.513315485301272,0.47769544577655265,0.5258894483918641,0.6796452078436283,0.1809584257624403,0.7492281472990869,0.4506221155169414,0.41487787007012855,0.5023847900706088,0.47214634787654725,0.5285632106430496,0.4053206885523165,0.2756630517015737,0.46623608387747023,0.5587948849484373,0.7176173469601473,0.6269538862307502,0.34149529007482377,0.3344111173054668,0.6558596528220533,0.7102715882312826,0.526435813210321
0.48092024039198966,0.405969277113765,0.6088366029347152,0.49736071771758295,0.5805524467480131,0.6089783679669307,0.42095629976518767,0.40627332480416106,0.42101958074735146,0.3404164548686834,0.5191516606451833,0.5568128950704601,0.6138559172376225,0.5520777654348465,0.6365037565939629,0.4407402829528198,0.4409117970012715,0.4792712169075709,0.35379919411811495,0.3989192168771315,0.5639230606790663,0.5315353030522685,0.6552487721233363,0.4771100759049335,0.5796557386633594,0.4842874563373713,0.4408903305460958,0.5601094990514768,0.3296087595762394,0.4656519630006925,0.5902714815153689,0.6189573040587049,0.49608654717291417,0.5305462032853485,0.5846519286051288,0.4684945159763326,0.558412267723163,0.48591297848127296,0.718340578453152,0.34132024567362906,0.43059195016438273,0.2896256873175263,0.3924560100365264,0.5843441758049334,0.6191498087929191,0.4013884240392046,0.5267892101297819,0.4702830022353894,0.6131495850208755,0.5813215438722246
0.281572648585834,0.3360091405167864,0.629428333764505,0.3397266856408957,0.49133816620925447,0.48007633550389217,0.37049041949417,0.41722192515805234,0.3232316530792089,0.2759714497927759,0.4242703144120459,0.7518115796052145,0.5752717787898688,0.7360824973735349,0.5254213213185372,0.2881911914010291,0.5288787269176197,0.4455880500260332,0.3700383862966803,0.3974259881190082,0.549600994146886,0.7124261101949818,0.6633776112960579,0.45505471382737084,0.6654825345568234,0.4872145506000114,0.584744773180967,0.501498833491393,0.30003714153847266,0.4374309644071884,0.6250446615559713,0.4559870835770819,0.519569035761069,0.3977386227088686,0.6771308740429861,0.45487093691362446,0.39914351151109706,0.5537312057703481,0.6600184784165107,0.45346825277976804,0.4372663379361794,0.13402016995013313,0.38297933877488166,0.5270065450587763,0.6980138518411574,0.49987890184769235,0.6891480506449206,0.30573631181280486,0.5444238337939308,0.6150327487093068
0.4978785449192897,0.31089519752672307,0.8375408599286311,0.5109272040278291,0.8308515492157366,1.0,0.2846814561230981,0.19871249775290467,0.6076467559271833,0.25811373122853565,0.38291590875305825,0.21565963446814296,0.8315759912795254,0.5060537415217489,0.9152014393530236,0.340329530572799,0.0,0.44250965086493826,0.5182174220498833,0.2608663615660155,0.8488798114940598,0.4193975842171468,0.8514719944738964,0.4778594634442556,0.7300173047240947,0.4749334149980414,0.09546123663290486,0.7830103095682437,0.14757668450215833,0.5758791612808127,0.38639875932246814,0.7171150776167206,0.25090029959505955,0.9397626635931019,0.552963529967783,0.33658187871003664,0.7323572330603709,0.5538554547538342,0.9872864219433486,0.05321848695883453,0.09869968568090844,0.05131893388994633,0.24757591769500867,0.6656973780497912,0.6881920072110775,0.1730625532834317,0.3162195648131008,0.534917122899222,0.9431204236535667,0.5489146655697321
0.4281563100132607,0.3790891548548755,0.5066850108752387,0.4443103300595416,0.4370193632846821,0.4797778566588794,0.37828076881933487,0.45155100162395767,0.34162301146398033,0.30766370012237426,0.464135309533067,0.6952945195318453,0.5112869520793452,0.6184292780461028,0.48098597233023044,0.40108710492217076,0.5596778471421855,0.3979978744677314,0.4093976623924024,0.3860676777430373,0.5324800920071731,0.5882177188650233,0.6892177875156493,0.5176937238952266,0.5850009647014518,0.550177050127734,0.5409971125509615,0.498620425239228,0.43616561010870136,0.40594841268056436,0.6151708931062797,0.5455545993675865,0.45704536916120336,0.44354733921568557,0.6035010791450558,0.5046445797705047,0.45093303444758587,0.4927914617448784,0.5731110398738656,0.4516146201659436,0.4483221156719868,0.3385947410004916,0.48708928961922454,0.5817895011037095,0.6556229666980081,0.4501193150448022,0.5966169051576601,0.4311587172460488,0.5421412152997188,0.6045564465761827
0.4352044077981984,0.3951660509281425,0.48188366449777,0.45159558454311366,0.4123468943769446,0.4712168280830649,0.3532745971151845,0.45231480176959665,0.3386015660312617,0.27681265432637875,0.48684283337735995,0.7076781166704257,0.49513720974941455,0.5908338191555764,0.4676398288464401,0.4318770182295902,0.5725532168311807,0.37247916993762326,0.3884154963811265,0.38951814265664986,0.5067064840540468,0.5783120665555621,0.7080606667529019,0.5269957247794981,0.5529354813873139,0.5722454461639302,0.5324260976365387,0.48061081843159625,0.4612142207967035,0.38027164161894206,0.6095721035589916,0.5463938423358096,0.4628024623647743,0.4250415413854846,0.6138239832674063,0.5348567594355605,0.4638232076488451,0.4856164795803921,0.5644363602549056,0.44068475296944026,0.4529197197643364,0.3585969595069403,0.5044048090060929,0.5787361708113767,0.6631827429263485,0.4347513514902601,0.6113627141352623,0.4232870570477351,0.5324335846592295,0.620447583215806
0.4391211801714697,0.39478268720842175,0.4937851293945543,0.4577692820641899,0.42153770398002616,0.5539671468660391,0.2549391873719441,0.3954627806043042,0.3770336202200005,0.18174488589942744,0.48513595961788414,0.6525797843954959,0.5179931014570724,0.5348234846884559,0.506966778927477,0.45467284067820707,0.4808481086688542,0.30171859344333235,0.39688089900223045,0.3551570677363936,0.5344186013388367,0.539186570570356,0.8079474338021619,0.5473046477599117,0.5360949673467001,0.619295328976219,0.4267432888634261,0.5018095027942602,0.4632695522650361,0.35412959453970505,0.541021989039869,0.5627029492171145,0.4019285953637688,0.4941396175681456,0.6332165297232288,0.5601427956108531,0.5264190138076292,0.49552090955124894,0.6147113709447662,0.3454156769302412,0.3656555872129598,0.32213537180084867,0.501963374580978,0.5924620186078216,0.7065635592238043,0.34387960424486325,0.5942841507937318,0.4129852214651123,0.6016115417557146,0.6476255463126179
0.10624829079851962,0.20188209991907716,0.41026028424212635,0.16829870189338916,0.13392118169917416,0.32600279908065777,0.035816314590594936,0.4008558014575286,0.18749338730403434,0.0,0.1769780182746982,1.0,0.3603902478246619,0.871620340937812,0.18008798049853822,0.13514152433596044,0.6123661878161454,0.06566992792595604,0.6343141149548073,0.2500821646603901,0.604237168478179,0.8109704606802518,0.9938759509589092,0.6139131285534448,0.7305166394345757,0.7627270100062458,0.6330824288654185,0.41932600572091827,0.5716620546157116,0.2513758636487119,0.5295807252022467,0.26726384247135837,0.20708413130386574,0.3705266158479559,0.7587374743886596,0.5503402341686888,0.19427485182934592,0.6237099077404601,0.3630978265246496,0.5711316299941199,0.23647957833587863,0.13152979701060993,0.626833288452365,0.5673930893718384,0.9114895834601934,0.44656005521996983,0.8173885131331925,0.17861788873213894,0.5408982486266011,0.7167158260465544
0.4820098717609557,0.3797123396992206,0.43051935472685926,0.47846795422554045,0.3768365875130142,0.5159348820379484,0.2836377087085668,0.4302693083840354,0.35960284562447753,0.23638531266626134,0.4462107361234144,0.6585671337046021,0.47054293844920675,0.5464672707386855,0.4437321948892256,0.44611795202495963,0.5233612044196968,0.28713190446989656,0.47404209945563647,0.33860964947166394,0.5554641214020344,0.5142866692916127,0.8032967360539004,0.5803993985807682,0.5497414271524174,0.6414683305331622,0.45881474443187253,0.5053961440526636,0.5347338290753421,0.35654296337695307,0.5554323142801727,0.5781188302676615,0.3448138483650086,0.5132602945802487,0.5856189961381696,0.5502637038161311,0.4886055611347972,0.47863165514735273,0.5259078235422561,0.4070297310644572,0.3712399494698771,0.41440285955194833,0.5649313463600496,0.624694026773934,0.6865911169460632,0.3634706147935156,0.5501690138405828,0.4751147385133952,0.5877745606584319,0.6251391422904732
0.5538075839821448,0.3367067240553693,0.6155965862484611,0.5352650584181209,0.6222708058608198,0.760906316856297,0.3545153751526662,0.34090442770178986,0.4930486151062677,0.3413407311035001,0.39144241470459773,0.39154134262045553,0.6450816935106918,0.527258879560882,0.6757113300604861,0.38897055208324743,0.2680688457930263,0.4019844582391332,0.5570295217781416,0.29272972404728353,0.7392603011492517,0.42655979781256403,0.7869232745715785,0.5406956681758561,0.663032702028222,0.5401310947802376,0.2884496041496952,0.6747462397764078,0.36386936546778265,0.504656865682369,0.48830331165071217,0.6912054725939196,0.2635195493819594,0.7759564933266118,0.5062238746049905,0.40599304326835106,0.6022866087742509,0.49614401527734225,0.7190373776086869,0.2666869187801336,0.24661046651543866,0.30879132180538316,0.4279156455072768,0.6781693541287399,0.6423540688657366,0.2873744925752484,0.3573906087385934,0.589417600277949,0.7717749368261749,0.5453804216162292
0.4680645853960411,0.3691778856228125,0.5354030825228735,0.4732650842169824,0.4901120756452202,0.5543729887529304,0.3813286909210264,0.42530455233227027,0.38307287545807145,0.3267926281136339,0.446555185243828,0.6103081818566178,0.5475717307138446,0.5929420589375295,0.5347377742751256,0.39982213524615995,0.48400911982286077,0.405973330824413,0.4493456044311284,0.3630436690677858,0.5880397185333209,0.5417656668758056,0.707734123084428,0.522971204974094,0.605863562010816,0.543336948306137,0.47589223829544236,0.5473690313497787,0.41669292538539626,0.43636095318044915,0.5847633163728042,0.5890052468327126,0.4077191886683938,0.5336854318754931,0.5723398288872351,0.4754242525257904,0.491938816642261,0.49108621729420365,0.6109586037053706,0.40528784214826274,0.39941870750606323,0.33753905121658917,0.4711118382321676,0.6089661845511939,0.6461714608514636,0.40993591916755934,0.5272087384129216,0.48042539346929797,0.6019780675672031,0.5848991129819419
0.7954972218083962,0.35558939955950813,0.1787144966362796,0.3807104399833805,0.8364648086210867,0.5389748736021778,0.8481777657286281,0.6856358213343576,0.25565945623602393,0.7718061338278934,0.512591323303621,0.5913742121418805,0.7204392690656611,0.9203058011225871,0.9374721728052814,0.8065510094050262,0.6124780599474196,0.4917856878441573,0.9450756098141287,0.9534642243192128,1.0,0.34121527391969936,0.5951893813982264,0.9835610763639959,0.1077752476568506,0.8235745888173771,0.7260244462076229,0.44764796308949917,0.6001692660954059,0.09594717608234596,0.0,0.31774382100974924,0.6757981951261017,0.5927793624249705,0.788487924349751,0.5792047075383407,0.7123299098881697,0.9997855227070349,0.730931818585378,0.5670825719626864,0.029824239136478227,0.8633824200965284,0.2156726970063794,0.5685444235297784,0.1429187805899701,0.8519168387833058,0.5335498738433432,0.19069147529628303,0.6553650484405662,0.9182578756479631
0.72543741977929,0.26869085976902374,0.5031180391022667,0.6415355568700554,0.4970894044334433,0.5998720814206212,0.5517250033100626,0.41551650651945865,0.34318385254402967,0.5214277750301495,0.6097261177265405,0.4263500976304914,0.5562102357363353,0.49099905332397664,0.5784342861191814,0.3411025424010324,0.6243182635448861,0.22195924294669858,0.36480794466216176,0.44664124939454414,0.6300019213227698,0.307520458810212,0.5600970310268297,0.5522019408676646,0.56169791729421,0.29894925818103013,0.8631608194091457,0.48149062725644765,0.43247420741073483,0.12606968080309447,0.6448849195517883,0.6236843474779569,0.7259826021750967,0.5621136967507688,0.40903730003962524,0.586666731131277,0.3031108783524397,0.5241735804916766,0.6813744693011511,0.5042066654519661,0.595121870587272,0.5774649227007858,0.32329266269363083,0.3365485979058677,0.49522604699399075,0.8079643205244106,0.2836923973720642,0.3529027214308129,0.6203621076091966,0.7753547155244639
0.7324322524723272,0.34644984916031846,0.4115164613883079,0.5064600924453226,0.7102814032939613,0.45660868933106746,0.4181687296221263,0.5845122971012153,0.5265068904097282,0.5421360788445111,0.7363586258280864,0.36873360077773043,0.5655657335641878,0.6874820173871269,0.6608980243592191,0.6847842969792886,0.4099946464774521,0.2213568522219581,0.7819700032074581,0.574413877325092,0.7397421646447433,0.6110010867565115,0.660057013614644,0.6464017768837652,0.3363333296221024,0.597866502631633,0.6169471979348737,0.4540373901264089,0.6273740199264921,0.43921688698856115,0.3670203976007891,0.39211948879452585,0.6234152805683698,0.4977473920850745,0.6008966536397966,0.4639088689153547,0.4907238079861097,0.6690632593388601,0.631449488004431,0.5534776058823124,0.3797511979563779,0.6627990771568075,0.38447296848770607,0.3394701261631242,0.38044375119168705,0.9092023250607593,0.3857443677240091,0.3578479159125615,0.4844080480187176,0.5293639732634662
0.7536096038175923,0.3520543888272947,0.47069737452015614,0.6205304999662601,0.6684495617581665,0.5517303044476622,0.527353334996273,0.4960607243359669,0.39989642003554227,0.4836053767966416,0.6928824948080208,0.4326636856998379,0.5375316272435151,0.6176133092940062,0.6568735698177273,0.5229686459040889,0.5608948889634282,0.2226885206510515,0.5821609369473423,0.49113378727615725,0.7356044303371438,0.5033826616522082,0.5731255517893408,0.6073336345976025,0.44656116748117963,0.4597362001629808,0.753004822063459,0.5290583951709232,0.5053785997123834,0.25938999118273803,0.4991345002527165,0.4746846454699924,0.6810803631134072,0.5583011208392006,0.49190837334445314,0.5526928612131743,0.4487588873863687,0.5778990040628693,0.623238301127718,0.5526319234546836,0.5013528148451651,0.6571527341401854,0.3180075520349974,0.4059576348709244,0.49543890231919224,0.8538827678850268,0.35575304381739337,0.344157227892932,0.5244110844156882,0.6179639476778853
0.3589935585485357,0.4997411689134493,0.605881381091029,0.7482167425033232,0.8784227164342125,0.6583683385585826,0.20708439544313129,0.32884058885737916,0.4786322248935211,0.4342417018784976,0.838658316846328,0.4202454967965838,0.24133832061664373,0.10783365583554326,0.01480748440386225,0.5470099141461267,0.17864332103651034,0.03789005449693185,0.6990955310289058,1.0,0.9580318903601421,0.7109663881450682,0.7371083767196324,0.9358705844695231,0.5135961569566116,0.2702323230437658,0.37660093221053825,0.8036828573590687,0.5457153348705374,0.9102341592749046,0.228609832183541,0.2384094938340082,0.7110792454440251,0.5748757624390949,0.3300040145285097,0.6995949654718311,0.3394374808857478,0.39574729972623046,0.5128011435641924,0.7190735746439315,0.4171563803008452,0.692015507691475,0.7780860476265297,0.0,0.8060399500990927,0.9281388517354667,0.18542989210191976,0.09342441554995187,0.33208571508561874,0.1682870401576719
0.6872533487057999,0.33830459214780184,0.5072467668892827,0.602991213522184,0.6381752046985844,0.5074402113643571,0.3612932371443179,0.48584848063195335,0.5129448421122816,0.47357999416926055,0.7517735647694331,0.3514159187735384,0.4996101338690492,0.5284342034259288,0.5253391880176661,0.5372168857086813,0.42372125241486724,0.15079355683980536,0.6068430988323834,0.4917192757379637,0.6770233531564448,0.5808374814487083,0.6429305099054963,0.574347835417473,0.47133934854378223,0.42719487059849115,0.6553705217073713,0.502793826692288,0.5591256627321539,0.44549661008645447,0.5185058407942851,0.46487650604889813,0.6548220116712868,0.5098406611820806,0.474869631098048,0.5049033045987427,0.3777404636894831,0.5285428721057965,0.6130553322407208,0.5522859717820284,0.5255687899241416,0.6016116690413268,0.4292123368299454,0.2703945778689552,0.5106047269775646,0.8888926786914501,0.30742737172442136,0.3651222669817603,0.47725598914777745,0.4947438074099752
0.7689973485861668,0.27223260534725674,0.503860096182396,0.5849537267765816,0.5179565749546755,0.4850054242313665,0.40353643953395935,0.49473862321271833,0.5056252048866159,0.4796290687839029,0.7105408318221487,0.32836455181778174,0.5662863481428342,0.5936866701319975,0.6326344030863112,0.46566819152353656,0.5141975020366961,0.17089780109043662,0.4980143390896,0.318007043176681,0.5615235773186932,0.4934154864858573,0.6078546033998986,0.44384334178932117,0.5101331561323673,0.4049987126613035,0.7697154707006072,0.41550454743211573,0.5326272515557195,0.2791847940405308,0.6637544651348763,0.5773011903221231,0.6549283603845595,0.49522460886921393,0.4744170648664875,0.46483324406416376,0.33666395014128553,0.5286254202188467,0.6511701597800058,0.49323677979271097,0.6057317134708634,0.5472718533917975,0.335524928936183,0.3232238001226615,0.45039792982505067,0.8628510668868108,0.3128486493259599,0.4469258436029998,0.5395566707592356,0.6190176958944003
0.7627519108456101,0.36130050294251015,0.5131334264400758,0.6244594273148881,0.6705003872323831,0.4905772018458711,0.3918873450677882,0.5132059586946547,0.5141553483541507,0.4180371663925803,0.78099184939706,0.3567386488559188,0.509347212405808,0.6252616416049136,0.6349855323909193,0.5620974274202085,0.4798384407102689,0.15277284429021962,0.6193316975071482,0.37240390769685794,0.672376756916871,0.642897791378723,0.6014905010062904,0.5072701979141586,0.4608470022033007,0.4709929952140167,0.6899162508086629,0.513202333715957,0.5522366725282901,0.3898883622530377,0.5638872644682489,0.45733639709682616,0.6412415835469466,0.5168627749577974,0.4870196200443858,0.4840438872602048,0.4350703401192619,0.5203056976539271,0.5861952943091061,0.5512533259685861,0.5651210587089499,0.6168581508501882,0.3507804907310963,0.3687360309632284,0.5271250795597315,0.888596643272737,0.346347598819827,0.41004856064151146,0.45228264556069636,0.4712306360235846
1.0,0.5873898050386706,0.6508168523015953,0.9716093756971781,0.94169676775809,0.6502391089911889,0.6961280700584366,0.4462289967614509,0.2633963917552039,0.05882879264306114,0.8807023957657941,0.5599767975015115,0.3899256181419817,0.8111303371723722,0.9394481247398389,0.47624391880757805,0.8847086608350293,0.1443531360782649,0.46906796732468237,0.0,0.8559797161701437,0.8349617081647365,0.3018032548143898,0.37655085496053764,0.5568272575571857,0.43670695426242584,0.9242492857423084,0.8587703691050305,0.3213141660042354,0.051692453645176946,0.758989797944976,0.3928716003465501,0.699903189805802,0.6993816291895317,0.33279842562639816,0.6454905422684215,0.6852328865969165,0.31915418429578274,0.39177891887528915,0.6470679826024693,0.8261323343174963,0.7766336930693092,0.024569110225674394,0.8558104175634083,0.9206657506374354,0.8179214583850692,0.4558798310383279,0.4304754687364121,0.3252342361515307,0.3535813456626305
0.6930397374157787,0.3389008935144746,0.46666174426771034,0.5845061667132476,0.6575196895276224,0.5302181831176365,0.44536433445851337,0.49705407916064404,0.4545851142811134,0.5179374057528157,0.7050361359446903,0.39668678050230693,0.5255456818428292,0.5588771207927956,0.5664329724114942,0.5488122003869991,0.4649987579398764,0.20121162303166948,0.625318702142635,0.5696979878220011,0.7269383084826705,0.5191671364439019,0.6295078619549401,0.6421785164693076,0.4356707116203243,0.4576105369593122,0.6799409969917264,0.5059029585298785,0.5475744793091828,0.3767061798748346,0.4524037367612931,0.45557050919483305,0.669267278839091,0.5307742066940864,0.5024643545166858,0.5339736641472067,0.41210243337661073,0.5858046008184598,0.6332358165734125,0.555376330748633,0.4631046959000548,0.6379941842432666,0.40126499937299975,0.30824454626780207,0.4720169395337674,0.8751021897260356,0.32988844543667417,0.32835467282364567,0.5133388293408372,0.5739178092552272
0.7142501263396207,0.34140101150418456,0.4896707800513457,0.5864025296714661,0.6534233805169453,0.49130054439719967,0.37685985291573204,0.5119203337789446,0.5186444035332691,0.4760384680396156,0.7544011930307342,0.35287001852828376,0.5171957870740114,0.5818682288599039,0.5774289602141658,0.5697772540042432,0.4331140572791467,0.16467827302067775,0.641041062277174,0.47584074229318807,0.6820878540590075,0.5980549688436421,0.6380379362414406,0.568279315382248,0.44390202023412306,0.46945052707730167,0.6573326442733813,0.4902984717954814,0.5718937774755085,0.429951298718389,0.5040720676774081,0.4532533180210523,0.644855653922735,0.5068763135892973,0.5027660914394952,0.48904825675494634,0.4091168030640107,0.5543177274731232,0.6126816858418135,0.5496135132297012,0.5082406377662841,0.613386637030469,0.40233883863495673,0.30390616855265373,0.4850352320110269,0.8927357486555576,0.33057450531456223,0.37730186672655786,0.4750934182941302,0.499322414715454
0.8529504402027571,0.3744634081415697,0.4385934783739142,0.5910097039602388,0.7256320072129211,0.4933567328602079,0.5515268877611217,0.5755616224648971,0.43697747036226625,0.45135766843150754,0.7313768023615921,0.4247588639677808,0.5771220515256489,0.7919513108172416,0.8263831630247459,0.6246447313631037,0.5902682638714508,0.24331440901842216,0.6832654674826539,0.38134268895384765,0.7380453692344637,0.6044505001755849,0.5491066657665495,0.5474036895043237,0.3756770376374641,0.5865239825534637,0.7568866939190211,0.5033594402229478,0.5437475207407754,0.22766773456903516,0.49138025391974344,0.4350117576510778,0.6426528734357739,0.5467075560924449,0.5650354280502479,0.49241526263631435,0.550848016265748,0.6262491743740947,0.6014176640562249,0.547591302775312,0.4861370568273588,0.6872570659741424,0.2262533391795687,0.5237831888456375,0.4486242325581979,0.8709461636154946,0.4282966782493869,0.4042268410527392,0.4912962087634425,0.5851722558943269
0.6022410675911709,0.08706648645337205,0.5107701186709607,0.5616428719911876,0.18201521785521033,0.6095191920286989,0.4639194370534597,0.3255717449957446,0.3616419913879235,0.6801263667739416,0.47791825109811525,0.3434391800283666,0.609860723591044,0.24766261751461915,0.3558588631124572,0.1265811699803573,0.5617497703521059,0.21143366109882872,0.12482920927346774,0.5051225321751801,0.4255241626247106,0.0,0.6461181567240067,0.5160753343762298,0.6904273000010136,0.08821973013786526,0.9212419785566484,0.31021405750274317,0.4140647425561692,0.08410882418771334,0.7808381079224364,0.8393708926025193,0.7643471838777385,0.5042006160181225,0.34172020721740465,0.5766072661637908,0.020363761540079708,0.5052113479984665,0.8162796424900204,0.4113277096448575,0.643525628421045,0.4139714478892487,0.45032926245567695,0.07129455882991613,0.3790226530360553,0.7740114925629715,0.14531697707358437,0.3595849305757594,0.7790493615348096,1.0
0.7333639919316707,0.45093371941999627,0.5199633497973826,0.6919317413944646,0.8177926311029005,0.5551776080843567,0.4577438848941276,0.4928179369230328,0.4387427278223691,0.3789556490226783,0.8002060309003848,0.4372216896000941,0.44684518886483554,0.6063231668937301,0.6104036611111534,0.5995708710828996,0.500416047052177,0.16227577352069897,0.678796711066434,0.499371540268056,0.8236613166890692,0.6996967387493518,0.5712395021038668,0.631805709866358,0.4339740993837922,0.48696172642196267,0.6548509841400452,0.646785208558261,0.5220441862605596,0.42507320635227225,0.44692182860325713,0.35639733181431466,0.663620105339545,0.5735229615551639,0.4687018875420206,0.5666097434905177,0.5205310371083751,0.5128396304828776,0.5359204157705455,0.6167347677245173,0.5136940612876034,0.705352620854677,0.3604889476527026,0.4223671516817683,0.6261113060813048,0.887032489897299,0.366794880175366,0.32220563537015795,0.4050734217275236,0.4016192435826792
0.7871595939865349,0.4171343721834071,0.4652762379584199,0.6510751237900022,0.782050845139727,0.5595698379531474,0.5706340981706527,0.5210647309261208,0.378594025810674,0.4360798568760629,0.7293794344600038,0.4721475172886712,0.5164432020089912,0.6903366046051853,0.7240592412348557,0.591902948674294,0.5867772312913648,0.2322096688571814,0.6619629627773831,0.4973588406711108,0.8201918016142474,0.5949000687436293,0.5421796014109046,0.6404094735201898,0.40172447486774865,0.5268986121542404,0.734416423348755,0.5970223647535985,0.5054855121550161,0.26849402812964474,0.43788418208507923,0.3974907610153013,0.6741702513834299,0.5848829812708654,0.5120862759624265,0.5692387678017151,0.5466420033043057,0.5882135401591352,0.5790443082631845,0.5886296772432266,0.47455139664828605,0.7203782577303353,0.27843055585574894,0.49541860558126766,0.5385918717464413,0.8621468981824819,0.401552332432778,0.3274104739276613,0.4753504733166225,0.5511776639292925
0.5701779197744693,0.33957207804246464,0.4941624601061859,0.5942074087645817,0.651434995573012,0.5590724706186033,0.3567153162901855,0.44183960090845154,0.47342524354435617,0.5454737463493967,0.7097993493513277,0.38166629186273443,0.4669142249343314,0.38983455917657733,0.36795521040961143,0.5189596381326813,0.35834483494280034,0.16026888868808464,0.6158017961769054,0.7223725859765839,0.7492130537761844,0.5042775939190055,0.6883546797127146,0.7281372271852153,0.4693327577353579,0.37717933704997053,0.5967764614241423,0.5385000579149846,0.5561610138991997,0.5265531415995656,0.39809203111956654,0.4354974937305446,0.6846663827230551,0.5245291989403033,0.4561109387670317,0.5700793454772887,0.33490688976904504,0.5477646940439167,0.6356817237800491,0.5789446321670686,0.43877205886447135,0.6196616544282636,0.5394431241024163,0.15753621233370507,0.5172174142511098,0.8866342771651592,0.2640587562522854,0.26215688684971156,0.5008563353125416,0.5150245197957767
0.8347318095580908,0.20251191258870074,0.4653569353151457,0.35644278564861626,0.46252855516490077,0.17125141233007288,0.0,0.7005660421282615,0.9415666546808582,0.4804713655477401,0.9033827863597791,0.04470867022036655,0.6430014987978978,0.8079659662684234,0.7168879362752896,0.7580122346626289,0.18411346912341484,0.06466232794744813,0.8165260115851803,0.06868293637867522,0.3244092240148528,0.8457547841012244,0.784607170410784,0.19169748776673567,0.3734402892714544,0.6574655485651073,0.5280408999155733,0.14664524497056794,0.8167127342715713,0.6670695024103908,0.6950972035646402,0.5185880099772688,0.47540304348471357,0.28973019690306046,0.6691103082665903,0.12964630607681887,0.34145595449201277,0.5961432680179826,0.6440545042103775,0.4255151357112844,0.5816076486134257,0.4227604173576617,0.41721568156859146,0.18623212045863322,0.22281973159027368,1.0,0.35643518070587205,0.682251148354841,0.4057832012374076,0.32922727308091887
0.6686478814232895,0.33325400222037527,0.5326961863043809,0.6003166184568973,0.6218729422209899,0.47837651151746596,0.27211888789841393,0.4838664459159484,0.578181196452326,0.4524031218369564,0.7920235317041702,0.3041771270930575,0.48036684666717155,0.49767580242522225,0.475351531796978,0.5444139221657931,0.3614216688153189,0.10811272044062344,0.6148916707797689,0.45425828583165334,0.6357745170498014,0.6367621915314952,0.6715951155693469,0.5319733775554876,0.4887143246509219,0.41290972670938864,0.612410098674062,0.48839232844735797,0.5856032290646567,0.5341804016042733,0.550676107776953,0.4636635722244862,0.637247476057619,0.48325287001217704,0.4640576314686684,0.471896521604195,0.3454819425171831,0.493599116550262,0.6014477984905614,0.5496520542924328,0.5565977951777417,0.5692253289436087,0.47269241022529895,0.21537800032977789,0.5252099506711125,0.9075762043665623,0.2866234321046021,0.39139169034035803,0.44586724154027013,0.42096696462367383
0.8032243145026245,0.4347467817947504,0.4432559061951189,0.6493899973868303,0.8220498749146832,0.5707279813986234,0.6244275159101669,0.5356559897424973,0.3454945207956627,0.44370819533285544,0.7171765964806733,0.5042034646064736,0.5253940842270634,0.7308177878337003,0.7687302548312299,0.6179787916905954,0.6160924156487303,0.26005822369241194,0.6937005457761352,0.5308052873290263,0.8655819245676933,0.5914990142561622,0.5259923569202178,0.6783912326833693,0.37092479783368204,0.5630863398336537,0.7431939155885222,0.6149570612862099,0.5005592759473807,0.23414439921546748,0.3914061190945892,0.3726499402282553,0.6781951873561542,0.6016976969988725,0.532940028961585,0.5854717717343676,0.5921421761247049,0.6200179671651835,0.5767290751452152,0.5988507509819255,0.4379685466281601,0.7551681447321521,0.2500299989674169,0.5422870813597565,0.529473997240047,0.8577894136491161,0.4270154787281487,0.30809060212697514,0.479470181197745,0.5722884929845466
0.8917797073281466,0.4270841622804657,0.5078889908912319,0.6985068646940761,0.7696540202660298,0.5300437354420118,0.5684429773690133,0.5353175093381756,0.4048354311257334,0.3350156004433798,0.780864765137419,0.4475165010998762,0.5218374613981313,0.7859533770929729,0.8451356934162411,0.573951283534189,0.6618248237307679,0.2030516678251072,0.6109472200675875,0.25156026063235676,0.7494145725685114,0.6751256852122958,0.4853173628341271,0.47759490493843026,0.43896486508088745,0.5320214713414387,0.8011691272106142,0.5941355488102221,0.48435025593558045,0.19152217064549582,0.5899530126265972,0.43387942220278697,0.6554052014090972,0.5815253510148406,0.49229135314288075,0.525427493723154,0.5714744369215298,0.5260512815800678,0.5423411803858383,0.570401615529085,0.5998425883340074,0.6970837884996358,0.17797987814928162,0.6011476066241705,0.5845946999469978,0.8584900163330131,0.4271494810001084,0.42384896297110364,0.4412398099200999,0.5089068427076587
0.6920720227528508,0.1438510547421529,0.3626510460646869,0.8034839890857535,0.4789753948644469,0.31208305044254947,0.1919868321332201,0.09305291247213664,0.5394467594431338,0.6930787159227374,0.23888090931609748,0.31454669516653505,0.7995654666685174,0.0864736826716208,0.38072863952150926,0.4577910881211786,0.5893881612306845,0.0987824251842621,0.5719064229725412,0.33925124997855904,0.17277699573775115,0.5397841809595223,0.16141379934357863,0.7256426122838137,0.3654855016484112,0.5555079396293062,0.8310584747559399,0.8988843570995255,0.5359675781034194,0.41458309232170915,0.5147337574907777,0.21701884483816647,0.7603967097520952,0.4836927383270347,0.4814008941372707,0.5924173064077362,0.7314961861466406,0.5355315016246824,0.20407506522291793,0.8927159895391016,0.1335905868164779,0.0,0.2982033317817309,0.12569840638421104,0.2292629860926766,0.07534512618253007,1.0,0.7671465027015801,0.8212604870594623,0.1870894231896732
0.49105481217269803,0.6082245642644012,0.5565783645809291,0.33510350077642137,0.4018919783427596,0.45263205857648114,0.4270802469934848,0.36467078706748196,0.5227195721091379,0.6755706732574345,0.4486920640630294,0.31849279693638144,0.5294866887024398,0.4079435869638084,0.4855548537102959,0.530293204950961,0.46383629371431156,0.34129183727998574,0.5066425462172988,0.40920445046738674,0.508535915072257,0.4647499388287104,0.37018600283985137,0.492602889715603,0.6798865598096197,0.6963332271818732,0.6730567892924323,0.5599278254404294,0.6272970302586821,0.33566345219724175,0.4376391495675182,0.40786917658435023,0.7384164586542892,0.5499274413356916,0.5345365579092116,0.7048443959832026,0.5821862206142017,0.6122508844959267,0.34207096080546556,0.5504730488675824,0.4356580839850517,0.38514805841129773,0.4332866024190501,0.404395980000779,0.5170323775264243,0.32316063960630326,0.46498473621558584,0.5534105013841708,0.6260480611416239,0.26172051925387807
0.4794954191108467,0.5523145934799305,0.3296529479870315,0.3648504519153473,0.6802559633611853,0.5939441972703998,0.2309071088099332,0.4450112400245584,0.716227106018959,0.7162840327610553,0.2883736697422821,0.40202920674020126,0.5602500128446072,0.4268677751145853,0.6329272841343948,0.4163148620857715,0.3569632749649337,0.3352647672510437,0.2642080680257906,0.48832517188011254,0.5921651151009336,0.5238202177768974,0.3125963761960344,0.47681664217579733,0.5837948295729675,0.7767363605427823,0.6987682490676762,0.4139955456641384,0.7187687026636683,0.42027076206314734,0.46706641598400084,0.5280728296387992,0.6303263348331047,0.5734133529242167,0.3087512972198885,0.8941886316029227,0.4299936936936241,0.5035807515416096,0.3034443942755211,0.6177532687672657,0.46511980415266846,0.2981813752272876,0.4532682943383241,0.5888721884752083,0.42428018491143504,0.42085059572501626,0.5613796505387574,0.460846247120698,0.49854081289903734,0.3457752086791135
0.4192162193443217,0.6128266936079618,0.59067126116599,0.31760800329916344,0.4251382515551396,0.4483638142285771,0.4094544843028515,0.29391343677231996,0.47928584817501985,0.6860533200959232,0.43621539516852603,0.27399940810359596,0.4524137268413121,0.4326623366026945,0.45244984191360405,0.5149212747992201,0.4958272728230946,0.25423545463312713,0.5328685699196136,0.36413600949829333,0.4598847648108483,0.38435551123808326,0.35090842036081527,0.41719081521709345,0.6478083420911207,0.6536275774768727,0.6353226205510317,0.5463435069968168,0.6702070382194449,0.32555603055728016,0.4129762259703273,0.40476245135703814,0.756991372938823,0.5004006759810999,0.5194763808159951,0.6824287944777975,0.5683933517286529,0.6701414340273141,0.3152033385311942,0.5380210356320158,0.42579655100610325,0.38094962552686884,0.4107147236233185,0.38780220571403945,0.4894905412655048,0.2517797953457672,0.4491773548311988,0.514545601990236,0.6630022507899509,0.21818615206366856
0.702454312507261,0.5764275371726684,0.5503556590886187,0.2869363863640549,0.7674831084149892,0.8046068565046759,0.3566433301631164,0.46667196969389246,0.5533210431000758,0.7295482635675534,0.3120396733044654,0.46697482111945404,0.7548972376557809,0.8856620079829056,0.5450906083518986,0.6750629548645968,0.2666354412110687,0.5908273777763969,0.27171780099013143,0.7221323442349671,0.47255859137711964,0.6653501346470706,0.7580808897958972,0.36217529143686683,0.7499265725850087,0.821559257551419,0.7791647700602173,0.6083982075072716,0.6647755100662174,0.37047229818748306,0.45513756555684654,0.7818045539033398,1.0,0.5307497113032004,0.33013708077672727,0.9386207109983136,0.5830358009219945,0.21701122380028515,0.2363774702921441,0.6690255046982729,0.3090753260524263,0.2511946186092455,0.78872616407378,0.8165377377635223,0.37272136666357775,0.5334052229415664,0.26473221112987816,0.5428035603260013,0.0,0.5703400298608409
0.5767067779061243,0.5912749555764482,0.5832578681103271,0.36198384376921705,0.34382152671698224,0.4392688221424955,0.47504566177623414,0.3875464618927823,0.5042439314298569,0.662298376777464,0.4785518816767188,0.3405462376202612,0.6123336644735619,0.40819387054920364,0.4680023863465718,0.5818118127000937,0.46005309418325513,0.41468985875941355,0.5380744429896057,0.44356079281906957,0.4986135080700307,0.5289022076870373,0.4224215050928861,0.5539269904381718,0.7183630277632178,0.7081451592952742,0.7117447787347926,0.6339567276284194,0.5685721801458363,0.3270335061114671,0.45338596331363423,0.39859910543839316,0.7790753831709202,0.5741542215531494,0.5874656507388265,0.6826244530478325,0.6431739920155684,0.5612114552019495,0.35537081939549164,0.5706605791817603,0.4064349142355812,0.3788259222861391,0.46768282295408403,0.3854562614075338,0.5340043952834429,0.35249382344839414,0.4625472660149422,0.6187843736612697,0.5907793412135619,0.29293953911460896
0.4386592813447907,0.6859615733397756,0.5536176340268031,0.24335882483674037,0.47222034362717336,0.5264182022605494,0.4210487436158642,0.4196527856847885,0.5511897228198348,0.6867049913993228,0.44405701302150535,0.33187753835098405,0.4721738846579209,0.5040521814542447,0.5317746990524387,0.5215385729385913,0.4157842749702212,0.37373560207967715,0.43692024733566465,0.44196593956075925,0.5766161306964876,0.449490629794152,0.4106276683949566,0.4160398344753221,0.7138071805375458,0.7350571305671679,0.6421429342459785,0.460145885861459,0.6793576111346007,0.33774901963025916,0.4228875230725877,0.48812675162039004,0.7278194912896694,0.5528586740522656,0.4810662198193253,0.773039322803464,0.515595535831864,0.6013036136641321,0.3476888767147893,0.5007874763223743,0.4921305143718099,0.43331443786159496,0.4740889463928617,0.5138455928918757,0.5377973109136281,0.3822330016634319,0.3683963421931062,0.4797354971549677,0.5412714236931095,0.2967215437973315
0.41706502073987867,0.5658756229366041,0.39329859538017997,0.3537037190581473,0.6168363359761223,0.536742686417758,0.2589528871086765,0.3732088742631815,0.6495186121419223,0.7117872881443977,0.31883073899317105,0.3449639387947763,0.48583866598434733,0.40048831519708655,0.5786556421713688,0.4146102272743031,0.4142565880523159,0.2564005654450772,0.34482850344403937,0.4182220123600979,0.5454365030549464,0.4431070156608515,0.27799671285489697,0.4401878923427138,0.5723851747840868,0.7226569731348187,0.6608739282807353,0.42891087546606044,0.7278331681220735,0.3957382096757269,0.44403583740721386,0.473479597999842,0.6416318213989063,0.5368932384001742,0.35544360656463775,0.8256080750446813,0.44880663340275295,0.5935767562606065,0.3000442668962817,0.5893219052612023,0.4618094257214043,0.3199370933048614,0.4053632026871149,0.5100759641832925,0.43258195528290333,0.3369579247027221,0.5517930786609971,0.4531470983851609,0.5975026688633696,0.27613992244209207
0.19165154299616483,0.7096415740533336,0.11851352810071958,0.23677596906452358,0.7147326480943599,0.5497789325470582,0.12910869206615835,0.5816550226922073,0.9395925201523585,0.7187118490858939,0.27962623904982,0.38764254041005775,0.2865293753274632,0.19492969993520995,0.8245747084652058,0.1723523877767962,0.3261689699374287,0.21770912878583307,0.10920039445315821,0.3589411489266635,0.8793244506217238,0.3949614325257305,0.0,0.4561339017365319,0.5322961854683448,0.8383566715329057,0.5712402029676567,0.02623684710003135,0.8539786242121712,0.4689707593731504,0.455825825417869,0.4594296800869373,0.25703900349404446,0.6464029229008782,0.1995036051085971,1.0,0.1576920500423348,0.7283316674634246,0.3992508756516567,0.4561651707580109,0.7438681833995889,0.4639044181999613,0.2393102719750809,0.6122287337178266,0.5460047564858997,0.4792542629703109,0.6213297313492361,0.2477807394318276,0.7700417027386837,0.22883198392378148
0.34773667760031446,0.7301633483308597,0.5613820764056249,0.1961034529452839,0.47782451099594525,0.5177194703142801,0.4125187413831009,0.40229792877559856,0.547352222901804,0.6912764927956319,0.4491903848789425,0.29958212264813733,0.3757687499998955,0.4987673631880992,0.5362585751253603,0.4855550288732848,0.43045206695544935,0.31352525598070347,0.4383410940441368,0.3961525930407124,0.5958652592438579,0.37732062000870903,0.3658375042265143,0.3586539830127096,0.7025650499943151,0.7196325380273544,0.5944579308204201,0.39106436744229234,0.7243332973011586,0.33206816791053095,0.4021664475086205,0.4794735193275903,0.691065761905139,0.5341290108225502,0.4673027600802817,0.770973158029962,0.4697096903213859,0.6747946823368951,0.35107377751958396,0.45538179159263115,0.5347996336789954,0.4714360975955842,0.43514020306713586,0.5104880255372787,0.5520556725097844,0.35216609777228586,0.34302797430249765,0.4219233880189933,0.5987458180059867,0.2535543742184968
0.53926804845836,0.5880765343053611,0.5271499854690004,0.33640214382021827,0.5074888402824624,0.5383517650620802,0.3885931103960635,0.39218515562415396,0.5511202087801635,0.6909903334565201,0.40049092544037834,0.3594598649157305,0.5863490155560686,0.5029789032154808,0.5127937377118456,0.5476404613273751,0.41268762025863415,0.3913087022797762,0.43261399137553813,0.48275432422959375,0.5060275836881178,0.5163973379004166,0.4418013159891285,0.4701285907418283,0.6802487719250362,0.7298735720932816,0.701553031581797,0.5605485526245403,0.6418192439218919,0.3533943714071821,0.4464172266494545,0.49506807060261937,0.7810283915866602,0.5489647147814661,0.4680182224112571,0.7721585188624652,0.5692096294005228,0.515730281416148,0.31473061435241056,0.5880847556048732,0.4079423615459574,0.3421186146916074,0.5076382783630049,0.5052994288860864,0.4735839811596454,0.3753512104875997,0.4427880936553327,0.5461954083278633,0.48477247756408043,0.3347706641489764
0.317418929466623,0.7363007255244749,0.5328840732352479,0.18606952202550878,0.5147760924006033,0.5319863335479399,0.38390017701434254,0.40762540302113426,0.5724289509694094,0.6977853499111075,0.4299962708548599,0.3003229709617847,0.34944331696178127,0.4965507652511552,0.5573952463278629,0.4582859455672237,0.4215361827421811,0.2932053171222,0.40729188262964167,0.39112223335349755,0.613586810941762,0.362421724263588,0.34199233654831496,0.340210188708254,0.6858597399228034,0.7252503645531627,0.5828889324929278,0.3499357811220224,0.7499980865246114,0.34162030275459204,0.39983874895856486,0.4907516141808326,0.6634236733036372,0.531982245873167,0.4339050580336289,0.7946236680752752,0.4351364431899772,0.6847436971025589,0.3477045028628319,0.4499124282129635,0.5527062227008825,0.4722044996613237,0.4238074330179627,0.5319239914138242,0.5449363312925859,0.35527048861044946,0.3496665438246326,0.3919880372357602,0.6028209157741211,0.2500202741375272
0.7837035568410895,0.7700924348903025,0.5814493323700702,0.27427169518504185,0.0,0.359036450126466,0.736851954558108,0.7595447192097475,0.6204221989863857,0.5764523462158524,0.7122481384454593,0.4771316596596465,0.7987138049277481,0.26910073251397754,0.5895806866369069,0.6821199244510444,0.3597100807276442,0.8429367887055637,0.5480425312946438,0.5624353084717505,0.8283805800489159,0.7988617285902336,0.5015609258224267,0.8636720086746718,1.0,0.8943491436512097,0.790752062469101,0.6138383635903708,0.3567255410475089,0.30395495272814127,0.5245217770539967,0.3331017833425888,0.6508331476054168,0.8267578162960785,0.8192115997287481,0.6922893551967426,0.7094136126667221,0.4704226674176811,0.5758766138382536,0.4447447753297412,0.5881202447473938,0.6100568605176024,0.5153570644332318,0.38056025611396105,0.8437324841336934,0.6817250141955237,0.36040603778635494,0.7596049603688727,0.5700522508844731,0.40572809621265393
0.401586310508119,0.6409215375956632,0.5589663649496703,0.29064602611356216,0.44757593028292275,0.46822704087756717,0.3986690708492781,0.337109609743183,0.5193874799025414,0.6876370421988148,0.43265397081414303,0.2893763124521996,0.43717845441238185,0.4330955646273732,0.49060788111197995,0.4945965882543242,0.47089561706706057,0.27401840853372955,0.49058954468945837,0.375519706588733,0.5124582750849638,0.3919938736785327,0.33998430555614767,0.41466826064682955,0.6570328976604196,0.6804174148405148,0.6279770973571485,0.49155610402484773,0.6855298919255479,0.334712126071011,0.4153482185221806,0.42343746327969056,0.718407624894393,0.5192811874387185,0.4950691702134442,0.7181057949596719,0.5303112489635171,0.6673349639132446,0.3291598094851691,0.5186666425690257,0.4639460407359591,0.40367254507310035,0.4104625747615545,0.42572906079567313,0.5076529578346939,0.2907061052005527,0.4368723159748508,0.487045943459873,0.6502379069248454,0.23083623595264918
0.44062285101054666,0.6873324039035374,0.40487895696209913,0.26910636813512856,0.4703559549121082,0.50197663223842,0.3742753227597679,0.5309817105468881,0.6958255769049894,0.6773204213426565,0.42980273298987776,0.3829157401576535,0.4945293158044079,0.3495742975632751,0.637064477041708,0.4375322028669919,0.3761959731184512,0.41016143564063645,0.3479034997349206,0.44250901139650745,0.7106591696705079,0.5099416810449209,0.2912603033056157,0.5276304685905884,0.697248816037448,0.7974992890193413,0.6586306582565289,0.36438994389991236,0.6690309157664027,0.3792747105991927,0.4584406950526634,0.44691513079376716,0.5629905949865435,0.6353283663978829,0.44796182749492786,0.832316918787944,0.4428070195455632,0.6042092023411187,0.40147103554651986,0.4941764054453155,0.5774295598246487,0.4570562648173905,0.406063384329562,0.5158826732374588,0.584564220049984,0.4675390674183014,0.47231753588193676,0.4690054872136835,0.6179412265113972,0.2996656481283741
0.4449649370956505,0.6079656142871888,0.6027805332548737,0.3130550972575691,0.4581565030010421,0.483970565784553,0.40847630180464845,0.2962252926345417,0.4700958469484142,0.6913797168983193,0.4252232710147148,0.28589971712285867,0.47790769930344884,0.4912168146150063,0.4490298962202431,0.538456282393309,0.4794404661984706,0.27974217441647053,0.5184728327578364,0.39673290605634126,0.44492230305897673,0.4031282926056796,0.4009679005986795,0.3994737950748544,0.657681236959312,0.6615830037623144,0.6468893390955421,0.563160424271325,0.6712825261336117,0.3254025764004537,0.41293995635027564,0.44398577829077845,0.7978181779595025,0.4933858566167393,0.5047883230937633,0.6994596314554684,0.5777373140209527,0.6280247064948024,0.30117292461070083,0.5518355613087447,0.40465365508089146,0.3650047264540306,0.45271368315176314,0.4267724863363549,0.47218691811618296,0.2671625243495976,0.42205269614058527,0.5182964209799472,0.5937204730686106,0.2499906998488082
0.08115258699418056,0.8602255894533676,1.0,0.027125083535435513,0.3024666503277986,0.4136854919372241,0.5877249221272377,0.05640505650505478,0.13377329999071563,0.6948455230916625,0.586406851985858,0.041268562255379934,0.03121705680948625,0.7099459755507549,0.24090791459513303,0.5964304436000019,0.641914978505137,0.030834018397845872,0.7892453202417363,0.1809192142774008,0.3178749021173086,0.0,0.45511613136885326,0.009905372875822936,0.731974245299447,0.4824350050094669,0.4092309177367927,0.4853981915344158,0.8106607537410674,0.18532765214269695,0.2580652397262682,0.41574593961061634,0.95103567381643,0.30049936401279637,0.6430704217772145,0.5054251956888622,0.5812412858239906,0.9787967806190596,0.27840673698449364,0.30889190650454407,0.4639390995917271,0.5733121416442623,0.40187387000257585,0.32887129132505005,0.5504521117100273,0.0018471663380600477,0.062371225526130274,0.34639988862049925,0.7623692297969876,0.03839437468567072
0.534663207402466,0.5871334560272483,0.5061776532369855,0.3571463736904905,0.4375113477170221,0.47861179992491504,0.4031727594261048,0.405677640125998,0.5698600847356111,0.6774932919699442,0.4257676036878239,0.3545874760409684,0.5830480515178404,0.40312071752522904,0.5196522254775768,0.5251762684985142,0.43241996997462107,0.38362312599513954,0.45825545638855447,0.44770024063519237,0.5341591717224321,0.5183599069119789,0.37727433011332295,0.5293603694680933,0.6776128603552292,0.727356657388745,0.7011398484642091,0.5569850989955512,0.6169864661062414,0.35417884033417435,0.4556673989776895,0.4299639906918729,0.7227546257363173,0.5749945041753975,0.5063891183986274,0.7434327214398898,0.572881282465759,0.5581770693041403,0.34423931512097217,0.5762186201438855,0.4339151283248277,0.3635774971973327,0.45281956502710236,0.440228625351277,0.5080872209424014,0.3700390609415256,0.49240322020249533,0.5651668432120451,0.580163145833763,0.29988280674683065
0.5139512372269965,0.5576518734425046,0.592057363345712,0.3634960943737807,0.46440429709634123,0.4887246873244874,0.4022561456426821,0.29260290149050405,0.470266061572334,0.6905215392703435,0.4099920947801916,0.30669851696875117,0.553358525792675,0.49022688024942207,0.43958449781194975,0.5613825962698669,0.4743300042313483,0.3080412200078318,0.5191464942753363,0.4264857970770768,0.4129254338538317,0.45287387222843534,0.4274335782613712,0.4412711214623291,0.6507954456071661,0.6647026392251386,0.6851811002999924,0.6251911157706076,0.6400667880591615,0.3322936076352141,0.42884364731702485,0.44702013620743386,0.8296548072610306,0.49935938360990595,0.5081590224859733,0.6975844159686098,0.6149621337180449,0.572720018742642,0.2893693191842942,0.5984623802910478,0.35963434669559263,0.32009870602378054,0.4774191963217682,0.42184543148273757,0.4459564312887816,0.27487838246421065,0.4579611981429018,0.5643001473622965,0.5560003500966669,0.27776327802242234
0.4706562463089841,0.6927453228775644,0.5791093654061991,0.23960840673979605,0.443563292276507,0.5257682372561541,0.4523167446224976,0.43272918151505885,0.5350875931216337,0.6806285993006607,0.46481507513749465,0.33924885684336337,0.4997285871984038,0.5215872664350915,0.5218235843500948,0.5510640320408352,0.4123000200933351,0.41226953912206077,0.45364511457195766,0.45934032092366656,0.5759029417285517,0.47281746389182033,0.44632137120865667,0.43084234089525736,0.7416649457167181,0.7415281976215364,0.6537145196366956,0.48764246443254433,0.6562977465897029,0.3293073199773175,0.42577028360526675,0.49170773747637414,0.7534987079378901,0.5616837075299396,0.5083104688651872,0.7634150498320562,0.5420120551890073,0.580878490200635,0.35533472006382594,0.4994619312077779,0.4842025939019426,0.44135784295965663,0.49691857533732964,0.5136175730577164,0.5521323001956594,0.39870194564744443,0.34557879582513357,0.5030130846527415,0.5159320947395749,0.31271392512357
0.16095057323073894,0.47712602583075137,0.4902611388491246,0.6203409686784817,0.5497309284339306,0.6288261764770103,0.2624038816314341,0.18321074657227088,1.0,0.40847112869847946,0.2367108564182208,0.37222864085177687,0.5488139482868442,0.33662765796318844,0.5882817841317101,0.36916264329013404,0.760847608873029,0.8355662478888404,0.4008769356750035,0.2345863714669012,0.6345445880933862,0.7409507204406773,0.502914840322086,0.2674374392302193,0.3023043539163713,0.12900593890712628,0.4774867739268087,0.22722867961405027,0.5130704014108243,0.24835501454959316,0.023382696347284425,0.4172663004830041,0.8240500302169373,0.22427747662024847,0.9757016984379776,0.4215833290128859,0.25027325916552196,0.1477604946429795,0.17376311179050793,0.6467338448847911,0.0,0.9924864980968292,0.5368378279146314,0.5388837563471712,0.7808189923479966,0.7189201954595652,0.3030768280294511,0.9058392237059718,0.8066329342917548,0.6562975382754336
0.40656758661976866,0.5826246346043078,0.5773007069530859,0.5389580519495126,0.45479851746701794,0.5554211821248738,0.5347584479806453,0.2747650071986859,0.7353667383765774,0.5681935428777835,0.4615861861441246,0.4999226352310618,0.6522085382658931,0.48492639871028426,0.6553733506086377,0.4352102983253695,0.5605845810915993,0.5660423832645548,0.4816744579374113,0.34452379239764225,0.5586277063719459,0.5346693766909829,0.5811307618092035,0.5132723065125646,0.44682413768942,0.411870508174082,0.3273352513615849,0.46854055028872954,0.40117245231490894,0.3726714986425713,0.5451464126933944,0.4016684519251537,0.5348000264916013,0.21057645275595704,0.6155728263642941,0.6371808821935296,0.2834673547182132,0.38381861018070507,0.4298231513833144,0.6111696610738809,0.22392375146242788,0.7870051482614491,0.5731380475230077,0.5221498884108248,0.5236839309421691,0.5942079821483741,0.4997764717929478,0.590299533266921,0.559144900658232,0.45993549569173947
0.3381408371349586,0.7122638289254,0.7002516986828812,0.662885439078107,0.4536148317953215,0.6038802080901156,0.5282986435692646,0.31571539720462255,0.793924995447501,0.6833525246396097,0.47820092286156224,0.5745770871193204,0.502450116611335,0.49195220822779007,0.6101500032315434,0.5384362077766743,0.5721635988055759,0.4932547333753524,0.5869199349773905,0.3092238463053321,0.6080651658035154,0.47722950437293993,0.5800461050489357,0.5003835002575712,0.3329388573886044,0.6376990772007132,0.39253197581901533,0.5573089724456451,0.20740776214149745,0.3192686750623592,0.5993174310595295,0.3690570141179643,0.4350361462669861,0.3287003163347431,0.6476436580444204,0.6513565309152888,0.20561856518044946,0.3546097900137933,0.41431852849795997,0.5535524980552837,0.33254265678495015,0.597085732544975,0.5994086442867396,0.44763250919212044,0.3612190158805635,0.6081322383570549,0.4617244607770913,0.5982386536575064,0.49264585397880334,0.5807788922105044
0.4506681810135657,0.6422933393655322,0.6970021718238443,0.7292187116778606,0.5574021590725312,0.5382179583474617,0.6361258266420443,0.3355110637624801,0.849517091086989,0.6100997803807792,0.405231001458856,0.6929271611008643,0.6470256969357193,0.4815199656498994,0.6256528852034001,0.5809245507813259,0.5770811565997308,0.46802772682840393,0.6236064821087651,0.42224226715806,0.6359401630969425,0.5400479890555683,0.591149651238051,0.5033709252384222,0.4196121706346117,0.4543294425703272,0.42865305401038833,0.4435917955251788,0.3498984437232681,0.3654383825761905,0.5335177553822732,0.2838196571857782,0.4700252881450844,0.2407759604264598,0.7046601259192558,0.7802171315238177,0.29548865228633825,0.49275008765614814,0.4224293005051594,0.4939337960083857,0.4330357961300825,0.5453764463403115,0.6491173458389162,0.5839039376457918,0.48026861741846466,0.6121019996512086,0.32848759006398803,0.7563210782947287,0.5577566734722972,0.5818736413928076
0.36999250279377077,0.9051734809442662,0.9579890143640504,1.0,0.5908681371376527,0.5689875695860004,0.7177354876113374,0.4299243175892937,0.9466417789781977,0.8272675524713679,0.40682301333657456,0.8818302125989453,0.47123348369242035,0.5082960816863329,0.5183904185673691,0.8224334682480002,0.5577887308562528,0.2866573727618542,0.8387311752827707,0.362384717628831,0.731991482650687,0.4206498161058892,0.6061526336359071,0.4935838688383958,0.21150686479342928,0.8648717376446812,0.5280749451869744,0.6346038537242253,0.0,0.26852420259506526,0.6911405660476683,0.19206178320919653,0.1957927657240352,0.42277871737869416,0.743441566299403,0.9358370877526057,0.17887826525739842,0.559288035887795,0.43847884876106985,0.38760605032340445,0.7158120834025746,0.12463015088081404,0.728282588516546,0.46260666838817616,0.1757592313570425,0.6463738256605616,0.20427240828441076,0.778330156391277,0.3984734412727884,0.7991324139675512
0.5978690929691124,0.5260074941026306,0.5610847252613446,0.4466812644514338,0.39071904227360094,0.6259860972134538,0.5850904035261315,0.3272665376927716,0.6415121360635895,0.620064595517603,0.6654006566287421,0.6191078910132456,0.5377194142071691,0.5515531125043613,0.8109211017291696,0.39878739843993155,0.5447466117385137,0.44314568747380945,0.5613096391400397,0.5756850642557252,0.5297112416589844,0.47641671262082874,0.6031931085717971,0.6785471556645782,0.6579923002818799,0.48547397908505463,0.3445856384783153,0.4422165077100624,0.4228793310618679,0.5270539735282956,0.712770865829079,0.37016086035789475,0.6326966199927075,0.2389924580773948,0.466511349841458,0.5421327752507616,0.3202156839124331,0.3403003422405503,0.4978200452358983,0.4754747081741868,0.29726253220545684,0.7317483194356711,0.5724744188917098,0.6234503920618849,0.4385034216933262,0.4628601872016585,0.6661581820671874,0.5180848037721248,0.5505274060256101,0.34666164420996215
0.47497403291561685,0.5582915938331074,0.5593161649861617,0.4776983998638995,0.41161298693142623,0.5893097695798133,0.5403785949929589,0.28941860333563274,0.6806487824628084,0.5903918778488717,0.5560267799675724,0.5227951403429637,0.5982412187798064,0.513959711965405,0.7212651109757797,0.4035411751694986,0.5509170497613916,0.5256827125544563,0.4981063797523265,0.4248877059509176,0.5369077624284182,0.5054064610239435,0.5889437344487712,0.5829779022686248,0.531427034136398,0.45010983626511614,0.3210450738233434,0.4685359522167734,0.4061313882895944,0.43436968224217554,0.6217567362338539,0.40566915778654955,0.5773708083357032,0.22417763310493538,0.5402161093847926,0.5777606176446526,0.29215056848105914,0.3484275926687837,0.45940471419987305,0.5710293881832975,0.2281399752743778,0.790696162459229,0.5624849572013038,0.549060259704703,0.48476529758809217,0.537867177329119,0.593962595478801,0.5328070445239481,0.5503962134711369,0.40014786401029934
0.4301730199784797,0.6201424793856862,0.6265511434759445,0.5690978557234865,0.4354964683510587,0.607104086250926,0.5369445424511675,0.3088005923092251,0.7418941049216191,0.634764616505253,0.5318324705640309,0.5717985964445015,0.5348761887897041,0.5052576829003528,0.6857312490200254,0.46866545047051605,0.5694952054565192,0.4998359707684936,0.5565446920945308,0.40419601006444766,0.5753922339518311,0.49560404552231696,0.584880004146912,0.5545768547693796,0.4603042590788393,0.5339418047778458,0.3713010479663967,0.4912433717099099,0.32065336025063434,0.3960405089897865,0.6072224436647106,0.3758449734500178,0.5345564242733734,0.2780888099649367,0.5941480409528455,0.6002608010593595,0.25743722346781706,0.34341867305134954,0.4349577211637323,0.5373002648593082,0.2915688204351714,0.6858509677442877,0.5837096654887308,0.5226747108780718,0.426897582645478,0.5599558115506551,0.5320284254896299,0.5822260061567875,0.535157294559926,0.4865164251035249
0.6592249552264511,0.4993807566629651,0.5888682820511653,0.4288962566581916,0.29711273357921303,0.8858451058657153,0.42745808134185376,0.38951864984101575,0.6958085218789958,0.7424289553739569,0.9256165028762642,0.770893345657093,0.042121240115618006,0.5776623744019035,1.0,0.36611138880031946,0.6717511984290654,0.3518413632599588,0.737918088540898,0.8430887927914901,0.5686292676302925,0.4373093191202213,0.5810652637291335,0.791274489449225,0.796723706708025,0.7119565063376058,0.5358871104600783,0.3502100142902899,0.2963522666093572,0.6511756127029924,0.7214277415852085,0.3264653768848172,0.9148656658567241,0.4541700021246944,0.4617922730236045,0.16746012285642506,0.25051968186522533,0.0,0.41751986257138923,0.21763459544147243,0.33383254517694744,0.6152932520338071,0.5496900358605555,0.6944344566793118,0.26040961740096513,0.32233495684364166,0.848920488718829,0.557844789032086,0.6241267768464461,0.3983790266374898
0.41143727013675996,0.6334662443917158,0.6283808017612444,0.5759571157243438,0.4462300325011607,0.5719774077516655,0.5557464699925307,0.3000196647666296,0.7352712950615856,0.6239569980517069,0.4940717829258272,0.5466153528796547,0.598248265275995,0.5013604037319164,0.6529167111099847,0.4771436905668376,0.5508626903572489,0.512450555458805,0.5325888360059853,0.3555090144531,0.5710559397987961,0.4970148100046215,0.5875108578724562,0.5351585765823834,0.428574146809806,0.5165955210844982,0.34393191140460305,0.5138868981271021,0.32500822929314643,0.3714721277981706,0.6092335542453188,0.38451270997023257,0.4850159483170576,0.2542330989665964,0.5957048293606562,0.6534393762160763,0.2604877724475354,0.38850584188194615,0.4453268006653327,0.5771805973824342,0.2864964798294677,0.6971199796731109,0.5864658981980984,0.5022226681974102,0.4424894971962536,0.5829950072597702,0.5060999598608167,0.5712777697027246,0.5185537017708083,0.4854765822693326
0.4384323365605539,0.653188020086789,0.6411306397523708,0.572801605032691,0.4463163297819084,0.5335079722885938,0.6123396965619416,0.30742917406598425,0.6970067377276536,0.6340770461671787,0.4945494102848203,0.5527429503273638,0.6652450616900921,0.5184736622546157,0.6401007690636659,0.4942050539335517,0.5104240283114291,0.48300499665674756,0.5285980355986426,0.34271873914124457,0.5589225157274966,0.4731528930490473,0.6007404850012124,0.5556031634853626,0.43124583429507685,0.5328041907650486,0.3058059747109305,0.5566075704413289,0.3209301759985721,0.3740161359560443,0.6788162441214838,0.3839159433946118,0.4125722569250393,0.2304941681154135,0.5501754829825802,0.7274213961072775,0.2723008981151196,0.4602556721261628,0.4883722234354214,0.5972006893644595,0.3189330295928293,0.6744528825743181,0.5960239644967067,0.49316839382197314,0.4249242732521045,0.5821562024027762,0.5078864211406213,0.5286677467757706,0.4765205344002429,0.4574031836411931
0.4282468987289053,0.6315766142781682,0.6299305558746267,0.5505193326334038,0.40808266232116785,0.6305848777638925,0.5211421256173874,0.31276687824240307,0.7231767234074323,0.6592870446141396,0.5705665011688691,0.5662808830911806,0.48661733017301734,0.5151322268881746,0.6996562336826122,0.4600760535555195,0.5678469458556032,0.487663923527882,0.5632798642870833,0.4089224888276792,0.5688382941925268,0.4748544426998269,0.5851099088611765,0.5727495071004689,0.46426805583958486,0.5863202643286051,0.36973783740855953,0.5125691752228612,0.2884364907897539,0.4033939104435692,0.6405904461375854,0.3870439991605135,0.5367931310501952,0.30333027549988273,0.5676778039341281,0.5637223398148149,0.24137357928294106,0.3095355162959762,0.4401127297614432,0.5299003996704996,0.2849074055141715,0.6819543356285975,0.5750482593427803,0.5059333529723387,0.3879445057317867,0.5441838728902854,0.5755904899703479,0.5446178916581174,0.5198165828495096,0.4781791374674004
0.8321676911464684,0.43601756021964944,0.5566958591113673,0.5289864378442364,0.5710742071277287,0.39811764425244767,0.8933625459731376,0.35723177800264916,0.6374035230293801,0.4855710473687567,0.5073636959108885,0.7847227244547309,1.0,0.5633289915023042,0.7889612892121366,0.48831457600788686,0.45198780224662616,0.3709039197907589,0.5679563686003019,0.6958550071322561,0.5364370462519679,0.5452025284661408,0.6504237470376452,0.7082656689283828,0.7988631169121994,0.15325184263351663,0.2876382160591273,0.3441294042303632,0.6931454557866769,0.5954334608372647,0.7340802055848435,0.2448984446698269,0.519520015475701,0.0,0.4637530349532928,0.9479242120508837,0.5101408699677312,0.7583136184027361,0.6099839864702508,0.4683477891338192,0.49807403187259464,0.6533849164332568,0.6697912875991832,0.824469301850429,0.6477037337854938,0.4867810888348277,0.43519957299498413,0.6795025105526016,0.571570721037797,0.2658278056667728
0.4460532730199256,0.6202345889992706,0.6355783932972439,0.5833064041989878,0.4452949262147531,0.6053714755033686,0.5521102921728791,0.31662893735772574,0.7490071152773254,0.6374354058900893,0.5324681242403844,0.5967289629016735,0.5365906858614464,0.507440206538688,0.6898950768527123,0.48084572395175457,0.5698144494717852,0.4857168127455528,0.5724622765118882,0.4237981416816517,0.5813854562181905,0.4958732395929294,0.5871777849245395,0.560696158984073,0.4698776328342883,0.5332695278432718,0.38099368283791574,0.48434039983381416,0.3229349960812799,0.4033884660171255,0.6112900469309663,0.3617816257923417,0.5335538209970409,0.27783768587564683,0.5970279250084435,0.6141240142900118,0.26355069670249825,0.35690486888691364,0.4379719957725215,0.5204853700819704,0.31566005291763366,0.6619175279076985,0.5918750655525946,0.5368503343077263,0.42448910199436785,0.5563663217027031,0.5196104625033411,0.5983239898472732,0.5366686217884803,0.49149261449516757
0.5184604340986627,0.5602075364213389,0.5905878869803276,0.5181144836394639,0.42627495234194673,0.6185653889435951,0.5583249758840426,0.31813698934041007,0.7099038778041278,0.6157508019121998,0.5878918684061373,0.6074560458051742,0.5361283562361798,0.5219384172854292,0.7521581963728363,0.43499373091979465,0.5688768466113124,0.4771938622873856,0.5641975964965226,0.5050191653424804,0.5596849459996709,0.5004156672884338,0.5916019609580276,0.6098870379734422,0.5666880975534471,0.483230674757541,0.3727938165737485,0.44187001640144175,0.389270233443512,0.4649230058987907,0.6318555906182222,0.3629326185803743,0.6062995112592044,0.25449458415581744,0.5510519943272976,0.5676945412811479,0.29593646901320264,0.33947305523873716,0.4550419527009797,0.49465110851314026,0.2976381573550091,0.7083882195947486,0.5816600006907569,0.5909356458859858,0.4520647385577832,0.5133182317916795,0.5807863247592829,0.5816265196764395,0.5619896270948052,0.42580325289615584
0.49349019373042874,0.48791363725894304,0.5529173150606679,0.5427288142127118,0.46691479239519734,0.6643718755467236,0.47644479604550555,0.3017451180669408,0.8089261267545768,0.5547875526224817,0.5442080666201495,0.6190607765209735,0.47234345614143286,0.47748407845960733,0.7757510206117689,0.40771396880351296,0.6532928500401393,0.5453200092827215,0.5685904560814895,0.5551587190180348,0.5915780066114281,0.5808269204001919,0.5667644113552894,0.5573835072157816,0.5853077195133488,0.3596755345897176,0.45546023060862484,0.3091089696549664,0.463427623932202,0.46855766455125925,0.44874550354884796,0.34047433173038766,0.7681371235364146,0.25920479418075004,0.6722870587674808,0.46699243423390246,0.3072592020959012,0.24662209993247264,0.366048530217261,0.4494875808818843,0.2497275376252668,0.7594800174077675,0.5767502818455215,0.6554178795447949,0.5511268910129771,0.525399943311122,0.5219129226138695,0.7278870545953606,0.6772619719811451,0.4808435392542433
0.2671131718584027,0.7267779831821762,0.5302528487859876,0.27218645436178657,0.21551077851018385,0.5060949763755552,0.49517393756749917,0.21063311198630197,0.4127612228672045,0.6754351679093565,0.5896289679106712,0.149539134617293,0.7209701082789661,0.5603821735403619,0.5787692596612959,0.31528917563309683,0.37999232379826736,0.5962333756398904,0.2693674167026607,0.008829231015154922,0.4040008277926685,0.34810437550720796,0.6039209583124446,0.5693731260717764,0.3098223319805066,0.709192925421686,0.02684912016043494,0.8413846778401343,0.20614330749835455,0.29025052126266826,0.9045900726256464,0.6408213225735164,0.23161943108892485,0.22002673775952125,0.29382471334203,0.6235899769102693,0.17448513337357793,0.36791779417471315,0.5833020006527435,0.9110258926988296,0.0,1.0,0.4673864264898836,0.20274889355256465,0.3232701789067113,0.5923986368444946,0.8344631552925618,0.04225545454636426,0.29368800502139075,0.25877616560945305
0.4353452845228617,0.6229915603949211,0.630488024146691,0.5743401685050428,0.44031984299084426,0.5989304415546866,0.548801136239618,0.3107680372833392,0.7405414513145758,0.6346599339258718,0.527042360260705,0.5773281111200258,0.5491391204945195,0.506716655370975,0.6820333450195462,0.47494316486255417,0.5641786303944304,0.49469350667192136,0.5582944887340155,0.4037174052186378,0.5758727697590493,0.49432186644418835,0.5869849554557576,0.5556439413638046,0.45994274894279175,0.5319357223403471,0.36808726117953994,0.49468645922104837,0.32228347687584513,0.395672306008781,0.6137793024845608,0.3721725294518817,0.5226957808377841,0.27278535909261137,0.5919621953322373,0.6174149551485538,0.26103801353294004,0.3593350433294119,0.4405353036992773,0.538370268268636,0.3012760198505416,0.6779603383879851,0.5875184775319777,0.5244368369107143,0.42732359088404637,0.5616606160506893,0.5245359164813301,0.583243952573778,0.5306318206364157,0.48572080601715684
0.39688768445974165,0.6247272160929558,0.6341406948317475,0.5926173339431005,0.4410471303418721,0.6324212626350874,0.49963722784869063,0.3066878626949011,0.7797968251516857,0.6378881453297793,0.5210515567479245,0.5732793884231773,0.4830593813814641,0.49136255997853007,0.6805036113572855,0.4731964626504984,0.5977750689389731,0.5158211410008343,0.568501777717071,0.39832949435971615,0.5913552564110515,0.5084197769182977,0.5753446185531573,0.5311706737995784,0.4354318128074252,0.5430006831215248,0.4035676680187278,0.4735140377237118,0.3017278317201159,0.38072600091639514,0.5588158956789343,0.3720150480649473,0.5644107405209886,0.30419114491999116,0.636453692370816,0.5625381620561936,0.24045492588423595,0.299308942716944,0.402044939704813,0.5233386436436156,0.28236389412717056,0.6790318179196912,0.5819376957385709,0.5170785098190851,0.4255909703001618,0.5692732226447168,0.5143888968911967,0.6179061797537821,0.5559236255925346,0.5252784109744213
0.49408766068037374,0.6346499609471399,0.6739637582395207,0.6472312933913077,0.49714134165943447,0.5570594993252072,0.6388780305400563,0.3393792978982589,0.7675788371845378,0.636015486517162,0.49431904594665443,0.6716355999798207,0.6185972940053365,0.5133786638074204,0.6714199072220745,0.5399153583375217,0.548009009562866,0.4400370416119657,0.6104871300857063,0.4516175424523431,0.5998318865446031,0.4975202714098721,0.6004300816820529,0.5666493648002385,0.47684703684600355,0.5100548903417139,0.38780074483410976,0.482222224649064,0.3392647645297889,0.4080932854572504,0.6345225585882983,0.31365730380844964,0.4722445505396165,0.24787883696009408,0.6068053213428116,0.7334690822929435,0.29385678605181553,0.4664165327555911,0.46484624414199044,0.49641915761575295,0.41019211132920885,0.5764802708309078,0.6287598433200956,0.5734887787458105,0.43221329272874837,0.566119303277092,0.4413201265164173,0.6495467071451678,0.5228626987510929,0.5071944552113266
0.23620538050021214,0.4745421664178373,0.8065711208078609,0.6228538182020954,0.5003479053519354,0.35404850836122026,0.0,0.6514731493211151,0.38525232247318747,0.7231564300034523,0.4403016647759231,0.6755705379872871,0.7867739728011259,0.27585943310837474,0.7390212291092595,1.0,0.7573887608276019,0.7195098329747995,0.8093396773120318,0.5148126026993398,0.5489303102748312,0.3818234003900701,0.6931332397411009,0.5829252162969168,0.7074198206309305,0.38610586639232525,0.8053634570263509,0.43714867520843215,0.4767377722130415,0.6980168525158286,0.6912271629897851,0.509858300949785,0.49995400348682295,0.5896548474264384,0.3878007527874592,0.6359763428413194,0.6447545636279406,0.4760745931444087,0.6075710721386208,0.5521432320239651,0.5084053895473886,0.7429983563704807,0.2589500620396775,0.8244968684578907,0.5308347603894833,0.5495540339171197,0.4449125696792253,0.36194533163100057,0.4145875725254311,0.49942359670607567
0.48520113634771567,0.5172000604677748,0.5145949064746695,0.5163458957401306,0.4615491979527485,0.5075149180466084,0.47379697149633526,0.5110944151520982,0.527677239442821,0.530354963848194,0.521151370347401,0.5049611781920007,0.5957960269909256,0.5204479486320934,0.535790018283041,0.5021785191548616,0.5638929627005042,0.45943581253750865,0.5678132871703683,0.49946840251816155,0.5546628445118165,0.46034896508693224,0.5337117407639158,0.5094787376068991,0.5529118957266963,0.5126469522876923,0.46795852578242353,0.4991352630321739,0.48322383073106445,0.4284996517200442,0.4528213283243779,0.5045190194644462,0.579299746943673,0.4370204579492636,0.46585813367131007,0.5229354429926126,0.4576125625673706,0.45709184444219825,0.46303658573639406,0.5256958012523684,0.478500490070541,0.5307939562382173,0.4603503638959068,0.43204481309779297,0.5046805798946516,0.48032573208417534,0.4637412174117621,0.4708046489968196,0.5431949502482782,0.4988841223566246
0.4878687837536462,0.5330091140832228,0.5050316829174699,0.5677029869020884,0.5085976914376282,0.5172226874669402,0.5006226584260574,0.5016278925373,0.5033893872483842,0.4947707102987954,0.5128838006901109,0.5027285066114306,0.5907796035323942,0.4995531813375314,0.5013725533539793,0.48738108646440975,0.5509592112003318,0.41922135827084367,0.5396595776397468,0.482130901267663,0.5649199826948257,0.5072711997291462,0.5115541676136095,0.5036429176673188,0.5155763051709834,0.5656808592260116,0.46288468840051206,0.471528428440554,0.5462237219281995,0.4487564815969139,0.5068655144542493,0.5089836432611399,0.5259353373740816,0.49405577503585973,0.40486046359592653,0.5443834345411346,0.43812705673766794,0.44847528981703305,0.4639955884185193,0.5094184932704566,0.49106063039166786,0.48287277170240067,0.46589694962096145,0.45167335810506726,0.5086592183329325,0.49052787879194765,0.5142422051117516,0.5185458274741578,0.49625145278216587,0.4701630008992541
0.5151861900254847,0.5296437846374792,0.5105856265864479,0.496325271385831,0.4583467535617567,0.5061840370696361,0.45048245208703075,0.537486470687557,0.5192879398100319,0.5021776563962631,0.5213449502121167,0.4711026667174072,0.5605012363254019,0.5557242736855746,0.4876569204267076,0.45440918888170073,0.5945706615800376,0.42288764305356474,0.5828027633366913,0.5087565040873616,0.5601046754391901,0.47021412924187045,0.5440613147693498,0.5076327419897918,0.5473775836889521,0.5775459508186336,0.4680385613031825,0.45066797229980277,0.5351568988746778,0.47204302726467884,0.4713623707499229,0.5248784246565954,0.5034015334105083,0.4782780645557773,0.4609036604448215,0.543529462872188,0.4887698532362,0.4454897743400322,0.4558974035493677,0.4803697009881563,0.4945774655849028,0.4990960728596213,0.4720295607593684,0.4877501375429666,0.5352240140357165,0.4919985602504888,0.48150641821387724,0.47777428452976006,0.5665312332245356,0.46730375710479993
0.4756163129433314,0.491834447857232,0.5036623236931527,0.517589336315597,0.47714477345260825,0.5179461016411463,0.4596373149053952,0.5071557279313998,0.5195837304273949,0.49415021993751085,0.5084432447232985,0.5256863459068927,0.6050497613215146,0.5266527971203423,0.5565046645001792,0.4842712241979026,0.5510128644822904,0.4491924341153107,0.5489807896325478,0.5227576639785462,0.5261259952529638,0.4808726098193576,0.5287513781613321,0.5313152484397698,0.5475444757554371,0.5602250835716894,0.4912912408387886,0.44610798010066843,0.5104164467068372,0.442238107257675,0.501091216502792,0.49991669608984907,0.5587949477624762,0.4868455995689832,0.4599730636286884,0.5523005406876339,0.4605825814755372,0.4758003823044168,0.4668332011008904,0.5038309600816105,0.4687966153331227,0.4422271218151652,0.448531411292187,0.4613302104507911,0.5209940227958245,0.5252205318393138,0.49254275073399545,0.49085419528925084,0.525863946759942,0.5228918033688299
0.5010223136447022,0.5398920963523184,0.5403713779047121,0.5247154603524594,0.4722170924543332,0.4755651245359144,0.4838365961556918,0.4765666273610257,0.5370049780391619,0.4751406764456382,0.5018048502023682,0.5318470430958352,0.5663287070753591,0.4930828176053048,0.5012544931170317,0.4857066746836456,0.5279211897343947,0.4417680294740759,0.5928810979520915,0.46919628833153676,0.5388807736511764,0.44646814719320227,0.4939523318790599,0.5315835083441863,0.5305031961233226,0.5135659127920283,0.5185259953785409,0.4618714291385229,0.49281975593746463,0.42490833510985165,0.4687421942216143,0.4813299757871478,0.5204006957094365,0.47717353070794116,0.42210041155217337,0.5170193753773918,0.4643030659105957,0.45378840553441846,0.4925029752432944,0.4950933005781838,0.42735437165275464,0.434885278687052,0.4490507100761975,0.44344469099533534,0.5032457483804825,0.4750683143093166,0.49784208270295877,0.4708749306492197,0.5197234890834244,0.4705896327880888
0.47691832837167125,0.5064182501315984,0.5084196004275051,0.4893965553209305,0.4707823705778583,0.5109569788864718,0.475722732445568,0.48875973561792063,0.5442430406562367,0.4726458619047467,0.5455320597594533,0.5076669745931787,0.5734441482821612,0.4877125739178787,0.5142716295558836,0.4781179514791415,0.5621813608665645,0.46152247721944367,0.5454260783243104,0.4908429451388854,0.5504103132722881,0.5000917180050101,0.5004666120370475,0.4773635079969701,0.5302760968012947,0.5317705686881792,0.47564237373879165,0.4752298135244329,0.5348060623732033,0.4411494869906028,0.5057877288500855,0.5280628543387554,0.5494850028531632,0.4600016188185205,0.4402514609830078,0.5461744155510571,0.4559289125317382,0.47721187079077554,0.4732832406713466,0.5147749490632628,0.4894372247596521,0.48791055328152283,0.45823651329025644,0.41546173544771786,0.5277391740255858,0.5075580850964034,0.4794316967433919,0.48552818787840396,0.5258513302599014,0.47583776874732775
0.48352356101265215,0.517931100580719,0.5093136872862354,0.5183327083027205,0.463932779644613,0.5526006305311535,0.47655253158541383,0.501244148186979,0.49199284599258153,0.516385204945645,0.4924333607744521,0.4930851351106361,0.5751778808592849,0.5247244175004953,0.5007235629564548,0.45623445997452466,0.533468013878489,0.46300360927021955,0.573042186836635,0.5019284413375797,0.5200103572625366,0.48399287118313156,0.5092232153642458,0.47071694595174035,0.5263059152463343,0.506901949618578,0.469624732588377,0.4921382360806595,0.4990585747526794,0.4196555801131987,0.4846213740619318,0.5259787781189647,0.5738945644698376,0.449478849418298,0.4428787343837557,0.5272114729236597,0.4502588203204932,0.4264759770965944,0.49643307532987935,0.5163651413796325,0.4649029293566305,0.4349888023604102,0.4196160400817786,0.44536524908011593,0.5450908592767711,0.5172275945095922,0.47994245446128836,0.46432251877495495,0.5021473477909951,0.48932885918190144
0.4714006447458706,0.5140915304278364,0.5111687775514729,0.5046617547480378,0.46254794225220186,0.5281546625271387,0.4724597311345258,0.49948420989336173,0.5367812000947307,0.4622457578023418,0.496466897574723,0.4868366180805304,0.5704964464124993,0.5146844750291555,0.5660070240722396,0.46934408637610403,0.5517489321948426,0.4496769133302523,0.5903697583190419,0.489056176833787,0.5547131625571127,0.4838099760938831,0.5067554079027438,0.4937907510364145,0.5058076593756561,0.5228349599787715,0.4820183995722647,0.4760285919463823,0.5116328656240959,0.4015365265807719,0.46110864233979165,0.47234055158039995,0.5429936462456808,0.49920702603255673,0.4316779109398038,0.5286489471555731,0.4778137061633629,0.46678097301228,0.47621643128199925,0.504907606132952,0.4806834194487421,0.4887038620292102,0.43586160375928207,0.4712613949133794,0.4995607978901153,0.4851290252287973,0.4740355232657923,0.47792144191230185,0.5333109406663771,0.4803828496970185
0.4745004947991814,0.5458604291836034,0.5240072632050911,0.4922212426349301,0.5051854352967501,0.5206434915766319,0.4768570255528049,0.46872824715329814,0.5039751524374386,0.4895411237890118,0.4876868602283639,0.5172843423477472,0.5847402475806834,0.5660678113780523,0.5378902327629713,0.47058681920470236,0.5727202473673879,0.4375681975245705,0.5318938017021676,0.47517779774205005,0.5251127638853925,0.4718018679324256,0.5093949350373551,0.5235376404299145,0.5231274990281188,0.526933933980807,0.500040988262543,0.4615247479953029,0.5068841465645005,0.4527801861977026,0.5220833282469385,0.5116702766079492,0.5878385923299504,0.48163588435327803,0.4393695530531117,0.5477358627723167,0.46060752395738536,0.4411982435127568,0.48256946149611907,0.4889673039308059,0.5046639997386858,0.4717440261595944,0.48369537081354425,0.4313468124661243,0.5218813288461137,0.5220118037385875,0.4720270685075804,0.4754796583754432,0.5359177021035353,0.4814424066672195
0.47997467024029294,0.525436478265573,0.5477895788847605,0.5172001657448032,0.5038793161062673,0.5067863298965141,0.48783744142754026,0.47890113170913845,0.5251608414725182,0.49591197003142284,0.5034794810976244,0.529737325766547,0.5836577605379335,0.5642853895513842,0.48436728927291733,0.4319538163837922,0.5730178196944176,0.45484390727012586,0.5586213537446814,0.46416163769694535,0.49806282013774167,0.517140202104472,0.5169194895276477,0.5282402561403766,0.5418189257876664,0.5712316697361219,0.49566930951092697,0.4864580629989346,0.5014627653624024,0.43351312856357543,0.48543073896328987,0.4950859488317083,0.5329303766698423,0.43329219764314303,0.43767212303287617,0.5756321682084236,0.4850639226551555,0.4774110266950075,0.4876330926929412,0.5075202448349887,0.48703784877813894,0.4647095808740235,0.4660578771835406,0.4663553663040194,0.5282948770095052,0.504537836062434,0.48543789492925793,0.4725256352420635,0.511811421442701,0.47406587825122737
0.4986347913781487,0.5335299430759787,0.48485111390096636,0.5555599873402574,0.5098557001389682,0.5254423688647956,0.4587797050345572,0.4801879228605697,0.5585807941548674,0.498873031309306,0.5342934488192445,0.46113124470685324,0.5961718695064256,0.5099401665075869,0.4711279429355346,0.48380643286124675,0.5464701712118103,0.4631849509352303,0.5914907476401828,0.4978326632016464,0.5626873033958542,0.49333869082414905,0.4650628205402248,0.5330086178937687,0.5431112596074887,0.5651165382089463,0.4950326402097075,0.44581808644338095,0.48426326931176467,0.43579724472121056,0.5225702521929517,0.5328408044433551,0.5361361896051673,0.49156423158956986,0.44626706105220926,0.5477413709736245,0.46810575445259667,0.4608224874632931,0.458704892784503,0.4923237505565471,0.49315724601457067,0.4538823007443995,0.42665416773475473,0.4658175915224347,0.5454121319392705,0.5167063463318085,0.5296245848030672,0.4972309332633452,0.5214926293363804,0.46158187128633615
0.4583916819336698,0.5311267065025564,0.47978734554105895,0.5422765127701105,0.4628667696640386,0.5359407719873098,0.4793279725649366,0.4808271888725272,0.5224190981038387,0.4916019695122973,0.4974903984766367,0.5082906745130237,0.5628711871851096,0.521915187430132,0.489047885256022,0.4647249365545071,0.5748126243034946,0.4402350767868999,0.5880007913960956,0.4915117697914698,0.5388036115089996,0.5010221551145327,0.5304278344600809,0.5046075970018697,0.500018795745871,0.5703054385874743,0.4723400242341081,0.45162666624319014,0.491695665251092,0.4250336175949857,0.4626547736042922,0.5181880792182597,0.5421695935146185,0.4582547106164987,0.46371290831989304,0.5360093512943954,0.4432915674334984,0.47527785369017694,0.47960087292245834,0.4929844665120009,0.45583884256506324,0.5118067020231346,0.48656976573617444,0.4346632846583426,0.5084904355520938,0.4827293901006453,0.47968152261533653,0.45634382718321076,0.5194259812660815,0.486484386816827
0.5105364377218725,0.5143973918328872,0.5055892474636314,0.49013575852743185,0.48773953283288535,0.5510136236072879,0.481746429353507,0.5143904916085803,0.5112768963179646,0.4673267860877875,0.46135132487468467,0.5061825629813632,0.5610853560974136,0.536819806748839,0.5218777620192129,0.4493147779157943,0.5876461047281594,0.42391836472455535,0.6006039999358772,0.5024328465414474,0.503149299839487,0.46443791401793194,0.50327543470948,0.5310201333646664,0.5648320823573141,0.5200338579465407,0.4752885490945515,0.4751580372798936,0.5460533726454663,0.45701047628944397,0.5017607408924711,0.5098042191030979,0.5510743297791185,0.47058284711527865,0.44510032570736036,0.5312006584540546,0.42954342082687325,0.48028941467615954,0.4960341132560484,0.4575311647267188,0.477832913810367,0.49081484773252254,0.45423263210064213,0.4252707120538708,0.5388316884735451,0.4877015227986735,0.47134920254143986,0.4822421524093916,0.5290595472504813,0.479974818796136
0.47263846279790556,0.5264369104547268,0.5094604344940897,0.5198216803376549,0.4880945161548353,0.5314428553981616,0.487026562816474,0.4880325717243386,0.5306181488484666,0.4649420494116044,0.5105466676920822,0.5069015492199008,0.5859097369124354,0.5385586001729507,0.5140424893408851,0.48149406681170837,0.5652543533563029,0.4608815584984585,0.5741047449201468,0.4649951240827504,0.5294498108647716,0.4700984870359723,0.4785329574937903,0.5094648057997148,0.5224738196873907,0.5289354844847758,0.4843023146345278,0.4808149233812526,0.48417567125452415,0.4538408763547056,0.4942013576741975,0.5370053222154497,0.5941251002823384,0.4375813837272177,0.4593173828428773,0.5259648257295121,0.4873282445434835,0.48227530539476415,0.4912066980912128,0.5090876671099414,0.4879607104195501,0.4780019395431925,0.4412202936558463,0.452663654377131,0.5303641654896156,0.5594695968231087,0.4450517159445016,0.46140888466172664,0.5054801535065632,0.5059328091222608
0.5032953902234026,0.5579687228859593,0.5312773199525291,0.518669846078501,0.5169628010848781,0.5174640210058495,0.45577577089857224,0.46135979350499456,0.5139668212477636,0.4845460050263877,0.5112730041336154,0.5278421906574321,0.5480312600832742,0.5255502318357272,0.538262531430213,0.4814279684172567,0.5493617044912175,0.46964403998906024,0.5858539319512018,0.4725658201800218,0.5563554074704339,0.50736907269917,0.5074201882402214,0.5469251192590738,0.5547501856545044,0.5550544716215136,0.5226816046380306,0.4796497377102299,0.5149259253888593,0.44762960135398533,0.47171765386574466,0.47754159243364874,0.5723362489453993,0.5083689178347486,0.4663366022923371,0.5404274333313395,0.4773471556408013,0.48869351576633124,0.48160593918556094,0.4730176810570348,0.46227146848328704,0.45362444056020873,0.44247538811559994,0.4361155360720013,0.5162277194966552,0.5328551627045273,0.49623922642543156,0.4691073065641983,0.5552687589278906,0.47552510342567667
0.5013033698558343,0.5311629585627999,0.47594337562172784,0.5199932021967025,0.5124066334103368,0.48320996754881895,0.47317145114477954,0.48396901804630654,0.5331320892678415,0.4811780756549862,0.49335565301913564,0.5148566450097823,0.5736306762663951,0.5356965062031506,0.5094932323387352,0.4901142856447015,0.5638111345489207,0.4300042414788403,0.5772529253738743,0.5150353584184443,0.5479255530206871,0.5114057127780005,0.5322138786103805,0.5281977711796761,0.5435989783475577,0.5307587654967338,0.4873509754009026,0.4781041761525849,0.5562111811139532,0.43283837654770074,0.5308563198673442,0.5268154250497423,0.5508226576806456,0.46979284454769316,0.4689204663126387,0.49727844400133975,0.46083531037772246,0.490786033667947,0.4682979874100189,0.49061564086170384,0.48793405638280385,0.492220021688503,0.44478633118702593,0.4323532691358351,0.5627275399771344,0.5374795706473846,0.45158235758356763,0.4801999886425998,0.5369905843815317,0.4845214031879623
0.46912495256524556,0.5506657896910822,0.5165549991413493,0.5400935457814103,0.47529618582997313,0.5099460111255144,0.4416442373755003,0.4841292940677989,0.5081950575981374,0.4770343439016963,0.5267318405057589,0.5118964785089168,0.5584022718692121,0.5180909380942396,0.5069568442109967,0.5001442262228961,0.5614846945491639,0.4751030723336204,0.5784346497873362,0.4653584504070681,0.525763717112841,0.5024994578325465,0.49307893396200886,0.5350343685841298,0.5252774328016241,0.5634356806403883,0.46278878923381045,0.5131047066493274,0.5038526190053357,0.4463235758359577,0.4998537415856421,0.534878945555452,0.5398193829015359,0.44384716227885807,0.45272048445117974,0.5666571955967007,0.4762517629865568,0.4884406905532009,0.4588937845410616,0.5001568421553454,0.45062097108126364,0.45596090555138086,0.4502860886479934,0.44504074722870146,0.5034611813815173,0.48200185245288524,0.4723808709204393,0.4798472384624002,0.5268605836905222,0.5128086107165809
0.46009966015940285,0.49328445050325725,0.5196954557279809,0.5304560715634398,0.46584026513944243,0.5186084153214942,0.4466044778941129,0.4700337712075969,0.5449419609682539,0.5083924485880855,0.520888609410118,0.49152897006577434,0.5764941152002199,0.5605424205451991,0.5361431347457578,0.4841987508441344,0.5453353984178702,0.47319551253700026,0.564374807642664,0.48166777046952564,0.552421946882727,0.46363820891821406,0.5194469422110715,0.48262113171775367,0.5514417382907758,0.5219245944368811,0.473305576240574,0.46528620153011974,0.4803694103421592,0.43103195680434986,0.5114067279772601,0.49556140259201276,0.5672794934304471,0.4349948367404029,0.5033907408079153,0.5018876549790899,0.4416946992449277,0.4509204175958806,0.505629361235787,0.5090764029122912,0.5065478637981574,0.45847894949913803,0.43126598219946843,0.4232470858905152,0.513031087956633,0.5247855204903944,0.4800491001896504,0.4806651903153973,0.5184535840477389,0.4939472387817428
0.48573418690369546,0.5355554335515375,0.49194567616478224,0.5315322436501697,0.47491623034553015,0.5175992660399604,0.44534870455788245,0.5147654725656099,0.5161849537747929,0.4757492442250847,0.48256643043957964,0.48332502101662433,0.5436777147852538,0.547757860705672,0.4768839150440243,0.49228885926411103,0.5226178309903889,0.4239038721334266,0.5887340449052743,0.5199740307577206,0.5284024662586425,0.4555317529271385,0.542807780027723,0.540397097299803,0.48410902075429263,0.5526059669923381,0.48515131622750035,0.48748295489106225,0.5510104113598314,0.3998571190083408,0.50262825859944,0.4935663383138349,0.5107518062602012,0.4992821789854023,0.41995360488418454,0.5631326524420613,0.4344147189898854,0.4766224982739861,0.5196434795580557,0.48777922098444193,0.4770739771281219,0.545285267843667,0.460762045439567,0.4637082569123689,0.5420124888677696,0.507769420303863,0.4558640581341734,0.4633675988783844,0.5308530894553095,0.4411927539380501
0.679567332963181,0.5742991445868916,0.3987408657011761,0.30528950345310285,0.23236078683194858,0.7211124712234214,0.28142728848175264,0.41234245671259084,0.3542321965362327,0.7047738490798623,0.36721762366486,0.10064877445101889,0.5231942102742373,0.5726264416826874,0.7479598878473016,0.2905139659160565,0.9829485901338161,0.2617296113007696,0.5894106865229958,0.4287791140293773,0.40464679144907995,0.735866115891673,0.2581871243180295,0.6754526895532041,0.588760495843508,0.3931141128235823,0.12152077572215307,0.41995089133075725,0.6212533398966807,0.7355387670434897,0.17322690227660453,0.2907344003250088,0.095977272067146,0.16409096453737113,0.6152492412554507,0.5985932214792253,0.574480954165153,0.0012279163504986077,0.5885476641668499,0.8448836164930108,0.8056133507220293,0.29169310900058487,0.22723356958320623,0.13763053561689934,0.5316888726055868,0.0012324302205139188,0.0,0.22734567218494753,0.2592277417596931,1.0
0.0,0.0,0.0,0.0,0.0,0.0,0.0,0.0,0.0,0.0,0.0,0.0,0.0,0.0,0.0,0.0,0.0,0.0,0.0,0.0,0.0,0.0,0.0,0.0,0.0,0.0,0.0,0.0,0.0,0.0,0.0,0.0,0.0,0.0,0.0,0.0,0.0,0.0,0.0,0.0,0.0,0.0,0.0,0.0,0.0,0.0,0.0,0.0,0.0,0.0
0.0,0.0,0.0,0.0,0.0,0.0,0.0,0.0,0.0,0.0,0.0,0.0,0.0,0.0,0.0,0.0,0.0,0.0,0.0,0.0,0.0,0.0,0.0,0.0,0.0,0.0,0.0,0.0,0.0,0.0,0.0,0.0,0.0,0.0,0.0,0.0,0.0,0.0,0.0,0.0,0.0,0.0,0.0,0.0,0.0,0.0,0.0,0.0,0.0,0.0
0.0,0.0,0.0,0.0,0.0,0.0,0.0,0.0,0.0,0.0,0.0,0.0,0.0,0.0,0.0,0.0,0.0,0.0,0.0,0.0,0.0,0.0,0.0,0.0,0.0,0.0,0.0,0.0,0.0,0.0,0.0,0.0,0.0,0.0,0.0,0.0,0.0,0.0,0.0,0.0,0.0,0.0,0.0,0.0,0.0,0.0,0.0,0.0,0.0,0.0
0.955617844869932,0.4682403029830949,0.6558762509220805,0.4476081349246693,0.7296212481600283,0.590316539339146,0.2862271995031631,0.36611717472478894,0.8618294634516672,0.656766464398111,0.6446631506728772,0.7397765007350074,0.6024281901670373,0.980883659516069,0.0,0.7218219838457952,0.751200913839844,1.0,0.4973697090199083,0.30707856700468344,0.6786667505377313,0.3518791374383074,0.5960009505759495,0.817109366107295,0.6733399936916438,0.394003943913941,0.26015850469622676,0.34148177993907486,0.5765727376340865,0.3368852456594333,0.5339614218808485,0.3580147208312826,0.5350393302395934,0.7454711246722888,0.5071714025129016,0.669976870401899,0.7628692631291264,0.3594687477255036,0.4555456942191886,0.4917197483951944,0.8376091905820042,0.4883777930535564,0.528466157727848,0.4751507587150231,0.37944784419885624,0.6668727211458647,0.6838606983700711,0.2693130951975748,0.8675406441540447,0.40266210491664495
0.0,0.0,0.0,0.0,0.0,0.0,0.0,0.0,0.0,0.0,0.0,0.0,0.0,0.0,0.0,0.0,0.0,0.0,0.0,0.0,0.0,0.0,0.0,0.0,0.0,0.0,0.0,0.0,0.0,0.0,0.0,0.0,0.0,0.0,0.0,0.0,0.0,0.0,0.0,0.0,0.0,0.0,0.0,0.0,0.0,0.0,0.0,0.0,0.0,0.0
0.0,0.0,0.0,0.0,0.0,0.0,0.0,0.0,0.0,0.0,0.0,0.0,0.0,0.0,0.0,0.0,0.0,0.0,0.0,0.0,0.0,0.0,0.0,0.0,0.0,0.0,0.0,0.0,0.0,0.0,0.0,0.0,0.0,0.0,0.0,0.0,0.0,0.0,0.0,0.0,0.0,0.0,0.0,0.0,0.0,0.0,0.0,0.0,0.0,0.0
0.0,0.0,0.0,0.0,0.0,0.0,0.0,0.0,0.0,0.0,0.0,0.0,0.0,0.0,0.0,0.0,0.0,0.0,0.0,0.0,0.0,0.0,0.0,0.0,0.0,0.0,0.0,0.0,0.0,0.0,0.0,0.0,0.0,0.0,0.0,0.0,0.0,0.0,0.0,0.0,0.0,0.0,0.0,0.0,0.0,0.0,0.0,0.0,0.0,0.0
0.23209905395890051,0.6333921168667215,0.1000916361598013,0.5399015838732225,0.1676205541758545,0.3141662805845801,0.4726300581008903,0.2579867488426394,0.5225386257604601,0.6459343344766152,0.3639827310955821,0.2359270883200942,0.25495457005567634,0.4488364174634197,0.6096914644609405,0.31049866112211344,0.44023577389689256,0.40510104646938916,0.7335756474456924,0.3764588570517937,0.6125561507540599,0.3538948926959027,0.4070815782130525,0.4144680206733498,0.3695618961647036,0.032735407629800026,0.4507336637849174,0.35473015134421937,0.48453162350492246,0.2584452350711619,0.5414807452717049,0.6767059807746048,0.3443000917467883,0.2681400278996172,0.31710616761752813,0.4651915724346693,1.0,0.2630826959948399,0.3073078039129034,0.12724630185798763,0.27268043776573525,0.0,0.6343342102191685,0.33943178157820947,0.6169990751827351,0.7809866674915007,0.6134410598038715,0.22760826886404573,0.2825884388967715,0.4051002983768323
0.0,0.0,0.0,0.0,0.0,0.0,0.0,0.0,0.0,0.0,0.0,0.0,0.0,0.0,0.0,0.0,0.0,0.0,0.0,0.0,0.0,0.0,0.0,0.0,0.0,0.0,0.0,0.0,0.0,0.0,0.0,0.0,0.0,0.0,0.0,0.0,0.0,0.0,0.0,0.0,0.0,0.0,0.0,0.0,0.0,0.0,0.0,0.0,0.0,0.0
0.0,0.0,0.0,0.0,0.0,0.0,0.0,0.0,0.0,0.0,0.0,0.0,0.0,0.0,0.0,0.0,0.0,0.0,0.0,0.0,0.0,0.0,0.0,0.0,0.0,0.0,0.0,0.0,0.0,0.0,0.0,0.0,0.0,0.0,0.0,0.0,0.0,0.0,0.0,0.0,0.0,0.0,0.0,0.0,0.0,0.0,0.0,0.0,0.0,0.0
0.0,0.0,0.0,0.0,0.0,0.0,0.0,0.0,0.0,0.0,0.0,0.0,0.0,0.0,0.0,0.0,0.0,0.0,0.0,0.0,0.0,0.0,0.0,0.0,0.0,0.0,0.0,0.0,0.0,0.0,0.0,0.0,0.0,0.0,0.0,0.0,0.0,0.0,0.0,0.0,0.0,0.0,0.0,0.0,0.0,0.0,0.0,0.0,0.0,0.0
0.5327730826253599,0.4076867212891686,0.6094361635744148,0.44894604249653514,0.35551127559183526,0.31224476509122345,0.41519817021077504,0.6063450338196326,1.0,0.2529753093106781,0.51683900629462,0.5447712392097193,0.3916361965742494,0.579512120890229,0.569626699602372,0.3587310191650146,0.7190730128057221,0.3569991889565874,0.34769664813218243,0.6294986051234349,0.5203207558589658,0.0,0.5558659804606368,0.2670820997489667,0.763170219011222,0.6048512624484751,0.430566910001317,0.6348092183725089,0.3269047984677537,0.5571283983491151,0.22470529377655488,0.319268371958137,0.4492895655743174,0.4754284459275259,0.13947044514729617,0.4594939636317037,0.795356439222959,0.6805341169319812,0.4997913580587338,0.7479071671432108,0.33888810171845174,0.5604734108352596,0.455371745856663,0.34654923722379544,0.5630312152846734,0.6170156603494925,0.5440333260543467,0.6484194834446992,0.2617224765595691,0.6751209291980532
0.0,0.0,0.0,0.0,0.0,0.0,0.0,0.0,0.0,0.0,0.0,0.0,0.0,0.0,0.0,0.0,0.0,0.0,0.0,0.0,0.0,0.0,0.0,0.0,0.0,0.0,0.0,0.0,0.0,0.0,0.0,0.0,0.0,0.0,0.0,0.0,0.0,0.0,0.0,0.0,0.0,0.0,0.0,0.0,0.0,0.0,0.0,0.0,0.0,0.0
0.0,0.0,0.0,0.0,0.0,0.0,0.0,0.0,0.0,0.0,0.0,0.0,0.0,0.0,0.0,0.0,0.0,0.0,0.0,0.0,0.0,0.0,0.0,0.0,0.0,0.0,0.0,0.0,0.0,0.0,0.0,0.0,0.0,0.0,0.0,0.0,0.0,0.0,0.0,0.0,0.0,0.0,0.0,0.0,0.0,0.0,0.0,0.0,0.0,0.0
0.0,0.0,0.0,0.0,0.0,0.0,0.0,0.0,0.0,0.0,0.0,0.0,0.0,0.0,0.0,0.0,0.0,0.0,0.0,0.0,0.0,0.0,0.0,0.0,0.0,0.0,0.0,0.0,0.0,0.0,0.0,0.0,0.0,0.0,0.0,0.0,0.0,0.0,0.0,0.0,0.0,0.0,0.0,0.0,0.0,0.0,0.0,0.0,0.0,0.0
0.18803608892740786,0.43515765048465826,0.5437033200402244,0.8019766195664382,0.282401436703022,0.7318715182121827,1.0,0.7168654041273275,0.49904188535334537,0.9353133540888514,0.3525472134946126,0.6349623563722924,0.6949487226255223,0.6682424147501015,0.6308885478493775,0.881232196433124,0.7965087934735422,0.2912542887399532,0.0901738355667254,0.2873918891731507,0.2688106569710945,0.7446297392327568,0.954911902988455,0.7339474995165194,0.4327502734401944,0.7596587382700679,0.3683632986503061,0.4481791037283572,0.710640100428719,0.5761178887423254,0.11125077477424446,0.3119569136672775,0.6663129785891986,0.6550291741474801,0.0,0.27089814009804886,0.5402715424080662,0.36497074736471397,0.6889275849270335,0.4679835073779815,0.5968677853580521,0.342062275684346,0.4482814347727825,0.5469340133444742,0.7945767288126871,0.8353695809083462,0.5078235780312039,0.5468570849610005,0.7688188930662974,0.25058822103405387
0.0,0.0,0.0,0.0,0.0,0.0,0.0,0.0,0.0,0.0,0.0,0.0,0.0,0.0,0.0,0.0,0.0,0.0,0.0,0.0,0.0,0.0,0.0,0.0,0.0,0.0,0.0,0.0,0.0,0.0,0.0,0.0,0.0,0.0,0.0,0.0,0.0,0.0,0.0,0.0,0.0,0.0,0.0,0.0,0.0,0.0,0.0,0.0,0.0,0.0
0.0,0.0,0.0,0.0,0.0,0.0,0.0,0.0,0.0,0.0,0.0,0.0,0.0,0.0,0.0,0.0,0.0,0.0,0.0,0.0,0.0,0.0,0.0,0.0,0.0,0.0,0.0,0.0,0.0,0.0,0.0,0.0,0.0,0.0,0.0,0.0,0.0,0.0,0.0,0.0,0.0,0.0,0.0,0.0,0.0,0.0,0.0,0.0,0.0,0.0
0.0,0.0,0.0,0.0,0.0,0.0,0.0,0.0,0.0,0.0,0.0,0.0,0.0,0.0,0.0,0.0,0.0,0.0,0.0,0.0,0.0,0.0,0.0,0.0,0.0,0.0,0.0,0.0,0.0,0.0,0.0,0.0,0.0,0.0,0.0,0.0,0.0,0.0,0.0,0.0,0.0,0.0,0.0,0.0,0.0,0.0,0.0,0.0,0.0,0.0
0.4586687528319862,0.3518200859034499,0.3709061443726498,1.0,0.3924393202833633,0.4527821716354845,0.4983351119672026,0.7651696507728664,0.2687711147863071,0.3233383259350309,0.4214049082020149,0.40212148748525095,0.22772873722035183,0.48051268601547364,0.5200900113082303,0.40831078541607924,0.09307047097106697,0.6819121297263424,0.38419756566441393,0.1794519609673098,0.4916287206920757,0.21949642470483025,0.5043444259221487,0.3238514383437876,0.6146404763871728,0.46615813064141326,0.37578173329926373,0.0,0.44304782608218435,0.462730404387958,0.459304732737467,0.34037685612895524,0.508439072602265,0.24089931870393402,0.4412047735455335,0.4496101249952131,0.3591338271528457,0.4499246707621651,0.16024689018781524,0.6124349691124883,0.1534827039731251,0.26583608796130875,0.3306733767043532,0.038950774804441805,0.48331980397927776,0.08861041191824673,0.3396400319898391,0.1561526544108699,0.4141708842366574,0.3817217311841157
0.0,0.0,0.0,0.0,0.0,0.0,0.0,0.0,0.0,0.0,0.0,0.0,0.0,0.0,0.0,0.0,0.0,0.0,0.0,0.0,0.0,0.0,0.0,0.0,0.0,0.0,0.0,0.0,0.0,0.0,0.0,0.0,0.0,0.0,0.0,0.0,0.0,0.0,0.0,0.0,0.0,0.0,0.0,0.0,0.0,0.0,0.0,0.0,0.0,0.0
0.0,0.0,0.0,0.0,0.0,0.0,0.0,0.0,0.0,0.0,0.0,0.0,0.0,0.0,0.0,0.0,0.0,0.0,0.0,0.0,0.0,0.0,0.0,0.0,0.0,0.0,0.0,0.0,0.0,0.0,0.0,0.0,0.0,0.0,0.0,0.0,0.0,0.0,0.0,0.0,0.0,0.0,0.0,0.0,0.0,0.0,0.0,0.0,0.0,0.0
0.0,0.0,0.0,0.0,0.0,0.0,0.0,0.0,0.0,0.0,0.0,0.0,0.0,0.0,0.0,0.0,0.0,0.0,0.0,0.0,0.0,0.0,0.0,0.0,0.0,0.0,0.0,0.0,0.0,0.0,0.0,0.0,0.0,0.0,0.0,0.0,0.0,0.0,0.0,0.0,0.0,0.0,0.0,0.0,0.0,0.0,0.0,0.0,0.0,0.0
0.500340702636165,0.7320623602767989,0.1400335611276932,0.29508959149686526,0.42709124926933917,0.8203782612887528,0.3470876583731245,0.7257055170002206,0.5674192215953926,0.0682642071695276,0.28437608835085526,0.30463979701567234,0.5446401938206823,0.5525193242894377,0.7456947091115464,0.8989342201572197,0.24318573415936579,0.5599138420326085,0.9387195497251871,0.6168056715657899,0.0,0.38900602082296476,0.46447238223963533,0.5965514467916173,0.6069510918618195,0.2968463174446803,0.4005979611403182,0.808474196035938,0.15928930343872238,0.2786098421505329,0.44031966163167346,0.4569078451836755,0.5755424174593899,0.3236712651832153,0.1300408189375568,0.4507478030770309,0.16035922042678843,0.6206313802394866,0.039855163311943255,0.6566420676536604,0.8359136328917488,0.4085522751524281,0.5464841893788722,0.48344560208947285,0.6561084747173206,0.6622862811951645,0.49593754263363854,0.3580212903210794,1.0,0.6362985103384634
0.0,0.0,0.0,0.0,0.0,0.0,0.0,0.0,0.0,0.0,0.0,0.0,0.0,0.0,0.0,0.0,0.0,0.0,0.0,0.0,0.0,0.0,0.0,0.0,0.0,0.0,0.0,0.0,0.0,0.0,0.0,0.0,0.0,0.0,0.0,0.0,0.0,0.0,0.0,0.0,0.0,0.0,0.0,0.0,0.0,0.0,0.0,0.0,0.0,0.0
0.0,0.0,0.0,0.0,0.0,0.0,0.0,0.0,0.0,0.0,0.0,0.0,0.0,0.0,0.0,0.0,0.0,0.0,0.0,0.0,0.0,0.0,0.0,0.0,0.0,0.0,0.0,0.0,0.0,0.0,0.0,0.0,0.0,0.0,0.0,0.0,0.0,0.0,0.0,0.0,0.0,0.0,0.0,0.0,0.0,0.0,0.0,0.0,0.0,0.0
0.0,0.0,0.0,0.0,0.0,0.0,0.0,0.0,0.0,0.0,0.0,0.0,0.0,0.0,0.0,0.0,0.0,0.0,0.0,0.0,0.0,0.0,0.0,0.0,0.0,0.0,0.0,0.0,0.0,0.0,0.0,0.0,0.0,0.0,0.0,0.0,0.0,0.0,0.0,0.0,0.0,0.0,0.0,0.0,0.0,0.0,0.0,0.0,0.0,0.0
0.35882463525249525,0.6927522055294502,0.624281242765254,0.6085693884580989,0.7570162511270548,0.6634651758166065,0.711082241498489,0.7284842925287691,0.5404285187243679,0.2958434784764518,0.49116519780252665,0.28375531430497647,0.7101629350128383,0.5242265966702407,0.10856259086626334,0.5591085138320364,0.5335120656944172,0.34593800927244683,0.6589397185246032,0.6416075125778392,0.7063030802511671,0.6525966235154458,0.4176316254895722,0.5033472304256786,0.7916027160489338,0.9182110253200038,0.8405084797981242,0.2610293148858579,0.34801015470913427,0.528926715124646,0.6453593504218437,0.5750766487716938,0.4639202246303234,0.0,0.37809119486329,0.4713235212606748,0.9643130461054615,0.17031216695949516,0.8795936555021533,0.6745377531030745,0.5213747100427677,0.6897569697198562,0.6549477149026399,0.7362301255856128,0.2964272223937764,0.6110876730152569,0.5779447207105178,0.5250106911788224,1.0,0.5946165841065264
0.0,0.0,0.0,0.0,0.0,0.0,0.0,0.0,0.0,0.0,0.0,0.0,0.0,0.0,0.0,0.0,0.0,0.0,0.0,0.0,0.0,0.0,0.0,0.0,0.0,0.0,0.0,0.0,0.0,0.0,0.0,0.0,0.0,0.0,0.0,0.0,0.0,0.0,0.0,0.0,0.0,0.0,0.0,0.0,0.0,0.0,0.0,0.0,0.0,0.0
0.0,0.0,0.0,0.0,0.0,0.0,0.0,0.0,0.0,0.0,0.0,0.0,0.0,0.0,0.0,0.0,0.0,0.0,0.0,0.0,0.0,0.0,0.0,0.0,0.0,0.0,0.0,0.0,0.0,0.0,0.0,0.0,0.0,0.0,0.0,0.0,0.0,0.0,0.0,0.0,0.0,0.0,0.0,0.0,0.0,0.0,0.0,0.0,0.0,0.0
0.0,0.0,0.0,0.0,0.0,0.0,0.0,0.0,0.0,0.0,0.0,0.0,0.0,0.0,0.0,0.0,0.0,0.0,0.0,0.0,0.0,0.0,0.0,0.0,0.0,0.0,0.0,0.0,0.0,0.0,0.0,0.0,0.0,0.0,0.0,0.0,0.0,0.0,0.0,0.0,0.0,0.0,0.0,0.0,0.0,0.0,0.0,0.0,0.0,0.0
0.5560877424708276,0.34865815561614244,1.0,0.33660026854630426,0.2518617145513676,0.7236722180239824,0.6049091100826777,0.6679272286274455,0.8990139716694072,0.158905880842706,0.09180915058338969,0.6632215538003481,0.468659911215645,0.5094071158011657,0.5377599554116499,0.7407347147781604,0.5487557028093033,0.45622233226003134,0.5170831501186953,0.6822320336613348,0.6678760005079133,0.7885309267508184,0.23431977989194733,0.45088759979560455,0.2232539430568412,0.27402581637776335,0.7173701900652004,0.5976305412638226,0.9406624703368097,0.13640429709510546,0.6527654866701409,0.6716329118136393,0.2607446972048325,0.4475137484212136,0.16189780476516585,0.30792045986382555,0.41567012567488143,0.42211561012160387,0.49888751411602944,0.243313229656337,0.2657024324107861,0.6333146627988819,0.5217763283926627,0.0,0.41668753138367476,0.10518299710632428,0.45162731140889995,0.19817473210300493,0.4053214182469634,0.32071705600991907
0.0,0.0,0.0,0.0,0.0,0.0,0.0,0.0,0.0,0.0,0.0,0.0,0.0,0.0,0.0,0.0,0.0,0.0,0.0,0.0,0.0,0.0,0.0,0.0,0.0,0.0,0.0,0.0,0.0,0.0,0.0,0.0,0.0,0.0,0.0,0.0,0.0,0.0,0.0,0.0,0.0,0.0,0.0,0.0,0.0,0.0,0.0,0.0,0.0,0.0
0.0,0.0,0.0,0.0,0.0,0.0,0.0,0.0,0.0,0.0,0.0,0.0,0.0,0.0,0.0,0.0,0.0,0.0,0.0,0.0,0.0,0.0,0.0,0.0,0.0,0.0,0.0,0.0,0.0,0.0,0.0,0.0,0.0,0.0,0.0,0.0,0.0,0.0,0.0,0.0,0.0,0.0,0.0,0.0,0.0,0.0,0.0,0.0,0.0,0.0
0.0,0.0,0.0,0.0,0.0,0.0,0.0,0.0,0.0,0.0,0.0,0.0,0.0,0.0,0.0,0.0,0.0,0.0,0.0,0.0,0.0,0.0,0.0,0.0,0.0,0.0,0.0,0.0,0.0,0.0,0.0,0.0,0.0,0.0,0.0,0.0,0.0,0.0,0.0,0.0,0.0,0.0,0.0,0.0,0.0,0.0,0.0,0.0,0.0,0.0
0.18445823217087146,0.7920889806104067,0.15560061808965717,0.6633732774441317,0.12337668021677406,0.2099949248496149,0.5239171032656373,0.08032867639840013,0.6590533511906314,0.20432189587166733,0.557986014783111,0.20647326887689363,0.6105370482370287,0.541430919292801,0.13896639958353738,0.2967085044257692,0.20078727170093388,0.14826157414966182,0.5607253351808621,0.5673030433996596,0.10446457587546391,0.5212185495382632,0.4434214626594965,0.231969374040873,0.4864756079087697,0.051184782300706416,0.4441277313405813,0.0,0.42498629239852076,0.15736978792617576,0.2556741309309065,0.23606447849866974,0.27606883415059824,1.0,0.2536928462074467,0.31087822076677407,0.1474737845831439,0.28083926563941203,0.5095089264666957,0.5934379764799464,0.22270653206692378,0.4065337409945653,0.16676364540045838,0.5647042049285558,0.16972873942980224,0.059559713135915765,0.4391403011455609,0.17190024672494986,0.20849265800108038,0.4486728787051031
0.0,0.0,0.0,0.0,0.0,0.0,0.0,0.0,0.0,0.0,0.0,0.0,0.0,0.0,0.0,0.0,0.0,0.0,0.0,0.0,0.0,0.0,0.0,0.0,0.0,0.0,0.0,0.0,0.0,0.0,0.0,0.0,0.0,0.0,0.0,0.0,0.0,0.0,0.0,0.0,0.0,0.0,0.0,0.0,0.0,0.0,0.0,0.0,0.0,0.0
0.0,0.0,0.0,0.0,0.0,0.0,0.0,0.0,0.0,0.0,0.0,0.0,0.0,0.0,0.0,0.0,0.0,0.0,0.0,0.0,0.0,0.0,0.0,0.0,0.0,0.0,0.0,0.0,0.0,0.0,0.0,0.0,0.0,0.0,0.0,0.0,0.0,0.0,0.0,0.0,0.0,0.0,0.0,0.0,0.0,0.0,0.0,0.0,0.0,0.0
0.0,0.0,0.0,0.0,0.0,0.0,0.0,0.0,0.0,0.0,0.0,0.0,0.0,0.0,0.0,0.0,0.0,0.0,0.0,0.0,0.0,0.0,0.0,0.0,0.0,0.0,0.0,0.0,0.0,0.0,0.0,0.0,0.0,0.0,0.0,0.0,0.0,0.0,0.0,0.0,0.0,0.0,0.0,0.0,0.0,0.0,0.0,0.0,0.0,0.0
0.22212697859357952,0.6100319748586418,0.08991897494937245,0.412501718226394,0.676577075359297,0.7611709926097644,0.39408414559183064,0.42127218027481794,0.5392228464844165,0.38614046531171853,0.2176499114683569,0.5383996322372091,0.8400504914572802,0.835599028818375,0.383480848609152,0.8698002195260728,0.6614240163928097,0.2679086460832895,0.5300550512260246,0.5054131062187236,0.9159334299616343,0.15553995484296798,0.2729582218524375,0.9014598707196599,0.4142701251620639,0.5323404614699626,0.34650956752356604,0.1095873368755591,0.21945320948340113,0.45458520537241975,0.9363633460864755,0.6738231478358971,0.9064079328896577,0.5701086718433112,0.607619366242923,0.09025726940199412,0.4645780016244189,0.6377664460238468,0.7489940524504642,0.6825748316407687,0.7074655321827812,0.510849528612683,0.5223897474089292,0.1990483654291889,0.9128859653213581,0.23592955651257047,0.508700156287473,1.0,0.0,0.30178422679271266
0.0,0.0,0.0,0.0,0.0,0.0,0.0,0.0,0.0,0.0,0.0,0.0,0.0,0.0,0.0,0.0,0.0,0.0,0.0,0.0,0.0,0.0,0.0,0.0,0.0,0.0,0.0,0.0,0.0,0.0,0.0,0.0,0.0,0.0,0.0,0.0,0.0,0.0,0.0,0.0,0.0,0.0,0.0,0.0,0.0,0.0,0.0,0.0,0.0,0.0
0.0,0.0,0.0,0.0,0.0,0.0,0.0,0.0,0.0,0.0,0.0,0.0,0.0,0.0,0.0,0.0,0.0,0.0,0.0,0.0,0.0,0.0,0.0,0.0,0.0,0.0,0.0,0.0,0.0,0.0,0.0,0.0,0.0,0.0,0.0,0.0,0.0,0.0,0.0,0.0,0.0,0.0,0.0,0.0,0.0,0.0,0.0,0.0,0.0,0.0
0.0,0.0,0.0,0.0,0.0,0.0,0.0,0.0,0.0,0.0,0.0,0.0,0.0,0.0,0.0,0.0,0.0,0.0,0.0,0.0,0.0,0.0,0.0,0.0,0.0,0.0,0.0,0.0,0.0,0.0,0.0,0.0,0.0,0.0,0.0,0.0,0.0,0.0,0.0,0.0,0.0,0.0,0.0,0.0,0.0,0.0,0.0,0.0,0.0,0.0
0.3709993038362499,0.43275941697839143,0.6798570304398928,0.4383363676480217,0.7333390435146128,0.36350026321566525,0.6687427828444888,0.6288947262397065,0.12488958425059421,0.3913001696876254,0.5461436384949513,0.6761184802108899,0.9365324040688121,0.5609940660628217,1.0,0.5822808714357595,0.7018063443784556,0.2887228386583752,0.6115366140963908,0.7432875023810048,0.7577297042014944,0.48506749796502757,0.7176405588990075,0.1415852674937942,0.7237451913704379,0.4762947985914265,0.3497616265642625,0.3254121223824075,0.4322106246282651,0.47377827694676544,0.28250745320306275,0.785854688757201,0.38996121728717437,0.9596596677439301,0.7018514935691593,0.809211042635013,0.5857191516154892,0.1149339610450021,0.22757653454095153,0.6283449500925068,0.8808149722266543,0.6901458560525209,0.9233924662600932,0.0,0.232657376594696,0.5976403889663502,0.9140225665450152,0.7218435839392904,0.7363682795502424,0.3212546208322447
0.0,0.0,0.0,0.0,0.0,0.0,0.0,0.0,0.0,0.0,0.0,0.0,0.0,0.0,0.0,0.0,0.0,0.0,0.0,0.0,0.0,0.0,0.0,0.0,0.0,0.0,0.0,0.0,0.0,0.0,0.0,0.0,0.0,0.0,0.0,0.0,0.0,0.0,0.0,0.0,0.0,0.0,0.0,0.0,0.0,0.0,0.0,0.0,0.0,0.0
0.0,0.0,0.0,0.0,0.0,0.0,0.0,0.0,0.0,0.0,0.0,0.0,0.0,0.0,0.0,0.0,0.0,0.0,0.0,0.0,0.0,0.0,0.0,0.0,0.0,0.0,0.0,0.0,0.0,0.0,0.0,0.0,0.0,0.0,0.0,0.0,0.0,0.0,0.0,0.0,0.0,0.0,0.0,0.0,0.0,0.0,0.0,0.0,0.0,0.0
0.0,0.0,0.0,0.0,0.0,0.0,0.0,0.0,0.0,0.0,0.0,0.0,0.0,0.0,0.0,0.0,0.0,0.0,0.0,0.0,0.0,0.0,0.0,0.0,0.0,0.0,0.0,0.0,0.0,0.0,0.0,0.0,0.0,0.0,0.0,0.0,0.0,0.0,0.0,0.0,0.0,0.0,0.0,0.0,0.0,0.0,0.0,0.0,0.0,0.0
0.18130984169326975,0.28564365450422313,0.2351147055512085,0.3424387366348541,0.6069974111161014,0.43168950672417916,0.6541030410362599,0.5655511613993245,0.6301297147122785,0.27435935720290283,0.4672526713508173,0.6846764468835099,0.6869887882362948,0.41968815095911,0.5088832655794322,0.20416055473111977,0.512354891194742,0.5082037706862498,0.6992297678975723,0.5304667779411162,0.16593672179121938,0.1015871347012187,0.36468582377086345,0.2512070186829287,0.24534229617564907,0.756474294269364,0.31570288933132895,0.667063158491018,0.8277696933579157,0.5311629251288312,1.0,0.11751322282214924,0.6643575905939851,0.7457200302112769,0.6709795260007744,0.509907820964503,0.6152988027298936,0.0,0.4757686833873021,0.45576031868440897,0.3632966767472585,0.4047462087667651,0.3931369516265895,0.38973060888811506,0.6015119773755717,0.5924566587697849,0.0037887361818516674,0.21553331639891427,0.6063934755516729,0.43184534150183257
0.0,0.0,0.0,0.0,0.0,0.0,0.0,0.0,0.0,0.0,0.0,0.0,0.0,0.0,0.0,0.0,0.0,0.0,0.0,0.0,0.0,0.0,0.0,0.0,0.0,0.0,0.0,0.0,0.0,0.0,0.0,0.0,0.0,0.0,0.0,0.0,0.0,0.0,0.0,0.0,0.0,0.0,0.0,0.0,0.0,0.0,0.0,0.0,0.0,0.0
0.0,0.0,0.0,0.0,0.0,0.0,0.0,0.0,0.0,0.0,0.0,0.0,0.0,0.0,0.0,0.0,0.0,0.0,0.0,0.0,0.0,0.0,0.0,0.0,0.0,0.0,0.0,0.0,0.0,0.0,0.0,0.0,0.0,0.0,0.0,0.0,0.0,0.0,0.0,0.0,0.0,0.0,0.0,0.0,0.0,0.0,0.0,0.0,0.0,0.0
0.0,0.0,0.0,0.0,0.0,0.0,0.0,0.0,0.0,0.0,0.0,0.0,0.0,0.0,0.0,0.0,0.0,0.0,0.0,0.0,0.0,0.0,0.0,0.0,0.0,0.0,0.0,0.0,0.0,0.0,0.0,0.0,0.0,0.0,0.0,0.0,0.0,0.0,0.0,0.0,0.0,0.0,0.0,0.0,0.0,0.0,0.0,0.0,0.0,0.0
0.6300406179069508,0.7407926059303894,0.8581913544021695,0.595918033731566,0.9598861229039711,0.008778445807506538,0.5677906902631392,0.3424454779924489,0.3430422197767127,0.37175049704934043,0.701814040592515,0.05607111615839642,0.7356857112921249,0.7512223873085495,0.546069321569152,0.6496066267989402,1.0,0.6432983760844921,0.45691409554852086,0.7326003924952061,0.3348090835919398,0.5573325497581327,0.20259672137484183,0.8701238192750017,0.5892467663051162,0.8527826240799911,0.5204830414081368,0.25347620558401013,0.5704348573379892,0.7844358911581734,0.7211701202608848,0.5633743002003837,0.38990552975618686,0.6869647911226483,0.15442317760541113,0.5787464389734487,0.1562950760388215,0.5437454667707593,0.17387669543018552,0.0,0.01724813521460024,0.3816258181995014,0.6845342917280628,0.34581595946952076,0.9515238590250277,0.6573995074626113,0.5291984617198338,0.6226049073973594,0.6528601844845987,0.9286305500599442
0.0,0.0,0.0,0.0,0.0,0.0,0.0,0.0,0.0,0.0,0.0,0.0,0.0,0.0,0.0,0.0,0.0,0.0,0.0,0.0,0.0,0.0,0.0,0.0,0.0,0.0,0.0,0.0,0.0,0.0,0.0,0.0,0.0,0.0,0.0,0.0,0.0,0.0,0.0,0.0,0.0,0.0,0.0,0.0,0.0,0.0,0.0,0.0,0.0,0.0
0.0,0.0,0.0,0.0,0.0,0.0,0.0,0.0,0.0,0.0,0.0,0.0,0.0,0.0,0.0,0.0,0.0,0.0,0.0,0.0,0.0,0.0,0.0,0.0,0.0,0.0,0.0,0.0,0.0,0.0,0.0,0.0,0.0,0.0,0.0,0.0,0.0,0.0,0.0,0.0,0.0,0.0,0.0,0.0,0.0,0.0,0.0,0.0,0.0,0.0
0.0,0.0,0.0,0.0,0.0,0.0,0.0,0.0,0.0,0.0,0.0,0.0,0.0,0.0,0.0,0.0,0.0,0.0,0.0,0.0,0.0,0.0,0.0,0.0,0.0,0.0,0.0,0.0,0.0,0.0,0.0,0.0,0.0,0.0,0.0,0.0,0.0,0.0,0.0,0.0,0.0,0.0,0.0,0.0,0.0,0.0,0.0,0.0,0.0,0.0
0.45913035579297773,0.48451633516084425,0.3622687482955167,0.297024605503811,0.7560198025813079,0.6029922546308661,0.6943065910907432,0.8413808630231344,0.5367966334585709,0.4443080586953923,0.4872041702000332,0.1545175183328839,0.45869934597042106,0.0,0.3280755196334615,0.41808600297156856,0.9548917386465856,0.6343688977685471,0.6696600281470223,0.413386345016677,0.7726523150344075,0.7914924801058152,1.0,0.37969140771645377,0.61386573723745,0.41317319578857586,0.1672932751547342,0.5006701250151638,0.5766062942061975,0.2967556672671448,0.7899881100443906,0.27214559720484965,0.7678295643451544,0.5659210437787516,0.28458028267457425,0.5440961603723353,0.43385179326883727,0.7025901521024918,0.4017501391970683,0.39988428401450204,0.48590497326660004,0.3454324924875174,0.3663331997504241,0.5141543875812228,0.2332837530185836,0.38592473608903466,0.6708823980980109,0.5998480585742493,0.31215599215062667,0.6740141713609241
0.0,0.0,0.0,0.0,0.0,0.0,0.0,0.0,0.0,0.0,0.0,0.0,0.0,0.0,0.0,0.0,0.0,0.0,0.0,0.0,0.0,0.0,0.0,0.0,0.0,0.0,0.0,0.0,0.0,0.0,0.0,0.0,0.0,0.0,0.0,0.0,0.0,0.0,0.0,0.0,0.0,0.0,0.0,0.0,0.0,0.0,0.0,0.0,0.0,0.0
0.0,0.0,0.0,0.0,0.0,0.0,0.0,0.0,0.0,0.0,0.0,0.0,0.0,0.0,0.0,0.0,0.0,0.0,0.0,0.0,0.0,0.0,0.0,0.0,0.0,0.0,0.0,0.0,0.0,0.0,0.0,0.0,0.0,0.0,0.0,0.0,0.0,0.0,0.0,0.0,0.0,0.0,0.0,0.0,0.0,0.0,0.0,0.0,0.0,0.0
0.0,0.0,0.0,0.0,0.0,0.0,0.0,0.0,0.0,0.0,0.0,0.0,0.0,0.0,0.0,0.0,0.0,0.0,0.0,0.0,0.0,0.0,0.0,0.0,0.0,0.0,0.0,0.0,0.0,0.0,0.0,0.0,0.0,0.0,0.0,0.0,0.0,0.0,0.0,0.0,0.0,0.0,0.0,0.0,0.0,0.0,0.0,0.0,0.0,0.0
0.6138587956659646,0.6969488830868066,0.906694586018002,0.1969730027746331,0.14411948858832274,0.43210258413564634,0.6200061110560938,0.4092013959941659,0.23621259004483147,0.02353346280222968,0.47372933229307884,0.8218675620019628,0.29305639561254987,0.22338444715500774,0.4583193583044781,0.554893184853896,0.34484305002396126,0.4591411191475773,0.7716287952046433,0.18614394175107113,0.6566110119695684,0.38438907212416495,0.14715553388774044,0.6693313170531647,0.2553673813345259,0.42306830228378145,0.06653610741799959,0.16451549375360208,0.7647551868023652,0.697413748488599,0.3602718600667671,0.8777378923793479,0.8530889653081518,0.5736052991127484,0.22557410043282752,0.6883160492286191,0.3492272416248581,0.3020687689111382,0.6462327919506922,1.0,0.22354935787102237,0.0,0.14304884258430292,0.6450720577748077,0.2510566228363864,0.8910896202801617,0.49394529151944305,0.7560283768143335,0.5502205689669694,0.609418046093567
0.0,0.0,0.0,0.0,0.0,0.0,0.0,0.0,0.0,0.0,0.0,0.0,0.0,0.0,0.0,0.0,0.0,0.0,0.0,0.0,0.0,0.0,0.0,0.0,0.0,0.0,0.0,0.0,0.0,0.0,0.0,0.0,0.0,0.0,0.0,0.0,0.0,0.0,0.0,0.0,0.0,0.0,0.0,0.0,0.0,0.0,0.0,0.0,0.0,0.0
0.0,0.0,0.0,0.0,0.0,0.0,0.0,0.0,0.0,0.0,0.0,0.0,0.0,0.0,0.0,0.0,0.0,0.0,0.0,0.0,0.0,0.0,0.0,0.0,0.0,0.0,0.0,0.0,0.0,0.0,0.0,0.0,0.0,0.0,0.0,0.0,0.0,0.0,0.0,0.0,0.0,0.0,0.0,0.0,0.0,0.0,0.0,0.0,0.0,0.0
0.0,0.0,0.0,0.0,0.0,0.0,0.0,0.0,0.0,0.0,0.0,0.0,0.0,0.0,0.0,0.0,0.0,0.0,0.0,0.0,0.0,0.0,0.0,0.0,0.0,0.0,0.0,0.0,0.0,0.0,0.0,0.0,0.0,0.0,0.0,0.0,0.0,0.0,0.0,0.0,0.0,0.0,0.0,0.0,0.0,0.0,0.0,0.0,0.0,0.0
0.40031944187540436,0.642887708337116,0.3730516855793227,0.5742867149768267,0.787228504644573,0.29805678833535565,0.22162090010638996,0.817114127978791,0.4287487782474692,0.5003687551825103,0.503276324615048,0.6339700058939216,0.23836075054117653,0.5264494346936225,0.5668459633583616,0.3120324581705673,0.6552116196490384,0.5575748840655459,0.5547289476000737,0.4861399266635638,0.10885564984174524,0.546248743205701,0.35503842212763537,0.6541161398154067,0.746271816338012,0.3812182137564537,0.33632570726599603,0.5923148549830077,0.5067627615452941,0.0,0.3250015347111489,0.617570242086231,0.4162842508640034,0.43621217118342104,0.4860285144319265,0.556450672190918,0.352903050408965,0.4142139777611415,1.0,0.4738928492226992,0.24483205980888856,0.3516172423979872,0.5808126332659376,0.34215473900335913,0.3865292968027594,0.47685152357981825,0.3130405886155438,0.6713589605212759,0.4493157014388657,0.1559113449888305
0.0,0.0,0.0,0.0,0.0,0.0,0.0,0.0,0.0,0.0,0.0,0.0,0.0,0.0,0.0,0.0,0.0,0.0,0.0,0.0,0.0,0.0,0.0,0.0,0.0,0.0,0.0,0.0,0.0,0.0,0.0,0.0,0.0,0.0,0.0,0.0,0.0,0.0,0.0,0.0,0.0,0.0,0.0,0.0,0.0,0.0,0.0,0.0,0.0,0.0
0.0,0.0,0.0,0.0,0.0,0.0,0.0,0.0,0.0,0.0,0.0,0.0,0.0,0.0,0.0,0.0,0.0,0.0,0.0,0.0,0.0,0.0,0.0,0.0,0.0,0.0,0.0,0.0,0.0,0.0,0.0,0.0,0.0,0.0,0.0,0.0,0.0,0.0,0.0,0.0,0.0,0.0,0.0,0.0,0.0,0.0,0.0,0.0,0.0,0.0
0.0,0.0,0.0,0.0,0.0,0.0,0.0,0.0,0.0,0.0,0.0,0.0,0.0,0.0,0.0,0.0,0.0,0.0,0.0,0.0,0.0,0.0,0.0,0.0,0.0,0.0,0.0,0.0,0.0,0.0,0.0,0.0,0.0,0.0,0.0,0.0,0.0,0.0,0.0,0.0,0.0,0.0,0.0,0.0,0.0,0.0,0.0,0.0,0.0,0.0
0.4233405384167713,0.07740862764289058,0.473233906966278,0.326128876231159,0.690853821974826,0.7743635005747374,0.7759758866284405,0.6939183543773912,0.7586953937984365,0.7384676194048073,0.7549967866613054,0.8083311048499789,0.7506088571240355,0.2551131251640405,0.15629236754235581,0.38444381269821243,0.4115395495195119,0.224081795066898,1.0,0.0,0.06910257422861198,0.5440009448151222,0.16242336138511057,0.5238146282366927,0.6895756418472837,0.5617840837641793,0.4517947002946313,0.3200681492802262,0.21054251579259745,0.5264883883325094,0.10433319180207516,0.9304157268936514,0.5400673298465533,0.47723591651778674,0.45666327911926635,0.7283435936118834,0.4958932156230863,0.5015266338546671,0.3161646564909838,0.15224615535871522,0.38516013049343983,0.7226701129050536,0.35073957366355096,0.3915801524268727,0.7679134633084586,0.4011306141662328,0.6826690852530704,0.3079405585087017,0.1419590833622293,0.6665899357032827
0.0,0.0,0.0,0.0,0.0,0.0,0.0,0.0,0.0,0.0,0.0,0.0,0.0,0.0,0.0,0.0,0.0,0.0,0.0,0.0,0.0,0.0,0.0,0.0,0.0,0.0,0.0,0.0,0.0,0.0,0.0,0.0,0.0,0.0,0.0,0.0,0.0,0.0,0.0,0.0,0.0,0.0,0.0,0.0,0.0,0.0,0.0,0.0,0.0,0.0
0.0,0.0,0.0,0.0,0.0,0.0,0.0,0.0,0.0,0.0,0.0,0.0,0.0,0.0,0.0,0.0,0.0,0.0,0.0,0.0,0.0,0.0,0.0,0.0,0.0,0.0,0.0,0.0,0.0,0.0,0.0,0.0,0.0,0.0,0.0,0.0,0.0,0.0,0.0,0.0,0.0,0.0,0.0,0.0,0.0,0.0,0.0,0.0,0.0,0.0
0.0,0.0,0.0,0.0,0.0,0.0,0.0,0.0,0.0,0.0,0.0,0.0,0.0,0.0,0.0,0.0,0.0,0.0,0.0,0.0,0.0,0.0,0.0,0.0,0.0,0.0,0.0,0.0,0.0,0.0,0.0,0.0,0.0,0.0,0.0,0.0,0.0,0.0,0.0,0.0,0.0,0.0,0.0,0.0,0.0,0.0,0.0,0.0,0.0,0.0
0.7392216811278683,0.7628398756507113,0.2435022697773581,0.5502619327459631,0.47097227769741595,0.7905148383086862,0.3960761062127223,0.5359719709235777,0.3612025844170309,0.8482000896666517,0.8189957370822665,1.0,0.6695524360232784,0.7746231808024541,0.46655042398895386,0.7388512624977611,0.6132669726551375,0.7007414353542263,0.6934947766235298,0.6437338737214919,0.7799420387646933,0.8711750473434711,0.49330309343840484,0.0,0.5325323696017972,0.5815801753286027,0.5956832364772311,0.6559006734975495,0.5075547115790429,0.7562915261035733,0.7122046338588862,0.4335849703317142,0.6175588712993797,0.6158478826704358,0.18673223459785013,0.8225956457682813,0.6346795413382047,0.6831041930544038,0.8237860708544119,0.4863928767507784,0.34841015206990583,0.7095213787491905,0.5540131225179536,0.3201112304884966,0.7271263104286142,0.54168186377837,0.5415041564321357,0.883799774024167,0.8693647115439592,0.7573998776353059
0.0,0.0,0.0,0.0,0.0,0.0,0.0,0.0,0.0,0.0,0.0,0.0,0.0,0.0,0.0,0.0,0.0,0.0,0.0,0.0,0.0,0.0,0.0,0.0,0.0,0.0,0.0,0.0,0.0,0.0,0.0,0.0,0.0,0.0,0.0,0.0,0.0,0.0,0.0,0.0,0.0,0.0,0.0,0.0,0.0,0.0,0.0,0.0,0.0,0.0
0.0,0.0,0.0,0.0,0.0,0.0,0.0,0.0,0.0,0.0,0.0,0.0,0.0,0.0,0.0,0.0,0.0,0.0,0.0,0.0,0.0,0.0,0.0,0.0,0.0,0.0,0.0,0.0,0.0,0.0,0.0,0.0,0.0,0.0,0.0,0.0,0.0,0.0,0.0,0.0,0.0,0.0,0.0,0.0,0.0,0.0,0.0,0.0,0.0,0.0
0.0,0.0,0.0,0.0,0.0,0.0,0.0,0.0,0.0,0.0,0.0,0.0,0.0,0.0,0.0,0.0,0.0,0.0,0.0,0.0,0.0,0.0,0.0,0.0,0.0,0.0,0.0,0.0,0.0,0.0,0.0,0.0,0.0,0.0,0.0,0.0,0.0,0.0,0.0,0.0,0.0,0.0,0.0,0.0,0.0,0.0,0.0,0.0,0.0,0.0
0.20000742780080571,0.5859634322103906,0.6702784120906683,0.43504056076652486,0.5299952702483093,0.5831047618948054,0.3932772408987414,0.5134820748500598,0.3426840875447651,0.3794718619748578,0.6201700054216673,0.36101549941041666,0.5796672292554336,0.7164131275085994,0.4734264768260205,0.0,0.127083176716825,0.7473591459598384,0.7048374662396023,0.3853901600811438,0.4237542291128931,0.2538504098308288,0.77127581093935,0.7989163542588897,0.14660000616772545,0.4352274374561011,0.8246211671641002,0.5151227106340543,0.7766144856735867,0.4154006341053079,0.3032901128265679,0.2120800289746214,0.4412967473632593,0.31352846383791894,0.15015183290748133,0.6897173333774268,0.5088741958435482,0.2821407795004901,0.49632221039913926,0.25587868287554033,0.7791538864948763,0.6046951704400754,0.21246460512321524,0.25537637027773274,0.506222270456481,0.35150508613622256,0.6859622580396457,1.0,0.3237823623271969,0.5565371296821302
0.0,0.0,0.0,0.0,0.0,0.0,0.0,0.0,0.0,0.0,0.0,0.0,0.0,0.0,0.0,0.0,0.0,0.0,0.0,0.0,0.0,0.0,0.0,0.0,0.0,0.0,0.0,0.0,0.0,0.0,0.0,0.0,0.0,0.0,0.0,0.0,0.0,0.0,0.0,0.0,0.0,0.0,0.0,0.0,0.0,0.0,0.0,0.0,0.0,0.0
0.0,0.0,0.0,0.0,0.0,0.0,0.0,0.0,0.0,0.0,0.0,0.0,0.0,0.0,0.0,0.0,0.0,0.0,0.0,0.0,0.0,0.0,0.0,0.0,0.0,0.0,0.0,0.0,0.0,0.0,0.0,0.0,0.0,0.0,0.0,0.0,0.0,0.0,0.0,0.0,0.0,0.0,0.0,0.0,0.0,0.0,0.0,0.0,0.0,0.0
0.0,0.0,0.0,0.0,0.0,0.0,0.0,0.0,0.0,0.0,0.0,0.0,0.0,0.0,0.0,0.0,0.0,0.0,0.0,0.0,0.0,0.0,0.0,0.0,0.0,0.0,0.0,0.0,0.0,0.0,0.0,0.0,0.0,0.0,0.0,0.0,0.0,0.0,0.0,0.0,0.0,0.0,0.0,0.0,0.0,0.0,0.0,0.0,0.0,0.0
0.5704472516112411,0.9119157379009178,0.7455004120034202,0.6344719556766472,0.4956771486406698,0.9065100672016544,0.21254728039604076,0.5406108890123433,0.36414902251249653,0.5506153480578927,0.6511841087241305,0.8604157812149573,0.9201121715845654,0.3462074414185609,0.5897235635905798,0.0,0.6118492291882502,0.490192864477742,0.47331396050056956,0.6034713336498755,0.3413957574476792,0.7165705815414599,0.5183043141062875,0.6787920621568596,0.4568899430964459,0.6557224953880102,0.4243241667313305,0.24364585853750817,0.5246406561433081,0.37226387527426613,0.6240620884895545,0.5572898948567371,0.470261604440024,0.5904754099966072,0.43524450194527636,0.10262593611055966,0.9249007335757468,1.0,0.09212609627681946,0.5829681842536828,0.5234680935830389,0.5917963467359788,0.6339386456508486,0.4729347932315012,0.3221787475777078,0.7498052444965306,0.21156878967089005,0.5028176220484487,0.5125286895866707,0.4696724084394365
0.0,0.0,0.0,0.0,0.0,0.0,0.0,0.0,0.0,0.0,0.0,0.0,0.0,0.0,0.0,0.0,0.0,0.0,0.0,0.0,0.0,0.0,0.0,0.0,0.0,0.0,0.0,0.0,0.0,0.0,0.0,0.0,0.0,0.0,0.0,0.0,0.0,0.0,0.0,0.0,0.0,0.0,0.0,0.0,0.0,0.0,0.0,0.0,0.0,0.0
0.0,0.0,0.0,0.0,0.0,0.0,0.0,0.0,0.0,0.0,0.0,0.0,0.0,0.0,0.0,0.0,0.0,0.0,0.0,0.0,0.0,0.0,0.0,0.0,0.0,0.0,0.0,0.0,0.0,0.0,0.0,0.0,0.0,0.0,0.0,0.0,0.0,0.0,0.0,0.0,0.0,0.0,0.0,0.0,0.0,0.0,0.0,0.0,0.0,0.0
0.0,0.0,0.0,0.0,0.0,0.0,0.0,0.0,0.0,0.0,0.0,0.0,0.0,0.0,0.0,0.0,0.0,0.0,0.0,0.0,0.0,0.0,0.0,0.0,0.0,0.0,0.0,0.0,0.0,0.0,0.0,0.0,0.0,0.0,0.0,0.0,0.0,0.0,0.0,0.0,0.0,0.0,0.0,0.0,0.0,0.0,0.0,0.0,0.0,0.0
0.6614836773983459,0.9321880919673414,0.4135065152873047,0.8869676265918524,0.5320043496070693,0.35047638018694277,0.571520713346579,0.4886491624864462,0.6606616016519539,0.40468872614649,0.0,0.7599090740607738,0.6072511440250208,0.749868479124993,0.5832488970030235,0.47009808786749524,0.6031403935141818,0.5235062406731301,0.6057423622929886,0.4747289702585757,0.6018777130957068,0.7565515926520143,0.6807830476156322,0.7142146693415318,0.8776963808479974,0.7313096357367685,0.4807863243997127,0.8465274792843371,0.6159575045125356,0.9758675988628865,0.565978561875535,0.7907213604713983,1.0,0.5826955399680412,0.6568095858581515,0.6760308718318786,0.6390958190139998,0.6239324565866204,0.6163642342468482,0.11409076249400929,0.7325227895294752,0.9445598724517481,0.31077721741621794,0.38495680862892323,0.2293983335755106,0.7092733079772464,0.5790800185056006,0.5049740270742012,0.5855531907339916,0.6885591078182528
0.0,0.0,0.0,0.0,0.0,0.0,0.0,0.0,0.0,0.0,0.0,0.0,0.0,0.0,0.0,0.0,0.0,0.0,0.0,0.0,0.0,0.0,0.0,0.0,0.0,0.0,0.0,0.0,0.0,0.0,0.0,0.0,0.0,0.0,0.0,0.0,0.0,0.0,0.0,0.0,0.0,0.0,0.0,0.0,0.0,0.0,0.0,0.0,0.0,0.0
0.0,0.0,0.0,0.0,0.0,0.0,0.0,0.0,0.0,0.0,0.0,0.0,0.0,0.0,0.0,0.0,0.0,0.0,0.0,0.0,0.0,0.0,0.0,0.0,0.0,0.0,0.0,0.0,0.0,0.0,0.0,0.0,0.0,0.0,0.0,0.0,0.0,0.0,0.0,0.0,0.0,0.0,0.0,0.0,0.0,0.0,0.0,0.0,0.0,0.0
0.0,0.0,0.0,0.0,0.0,0.0,0.0,0.0,0.0,0.0,0.0,0.0,0.0,0.0,0.0,0.0,0.0,0.0,0.0,0.0,0.0,0.0,0.0,0.0,0.0,0.0,0.0,0.0,0.0,0.0,0.0,0.0,0.0,0.0,0.0,0.0,0.0,0.0,0.0,0.0,0.0,0.0,0.0,0.0,0.0,0.0,0.0,0.0,0.0,0.0
1.0,0.9870054145236082,0.550849976349283,0.26461516724829603,0.6385235871723708,0.0,0.3789372970368438,0.7605246900831587,0.5002408973951652,0.7560128178954473,0.20218668874801143,0.6030142576553266,0.670931987637599,0.24389712004959446,0.2887309297145157,0.15674641813047013,0.39688079972865176,0.23286907564602757,0.524346688204903,0.5215973347791699,0.5523271039421632,0.19326596004344923,0.7964215017741691,0.19516425911971924,0.06172919513676506,0.3898234126704169,0.4937408572690607,0.44171440883080043,0.29200650628125135,0.40612988195320565,0.2755918615281374,0.5923391711065417,0.5483691174143798,0.2635917907489186,0.4288420957974357,0.08304875364281301,0.21639191421199389,0.13366967814890945,0.4346544385970777,0.4912723009678901,0.4304870095012432,0.31946871667352283,0.26337025534906705,0.47293367604211783,0.8981180525948769,0.21581067612488197,0.5554754924218327,0.20806087266834888,0.558945823986673,0.32296204367962517
0.0,0.0,0.0,0.0,0.0,0.0,0.0,0.0,0.0,0.0,0.0,0.0,0.0,0.0,0.0,0.0,0.0,0.0,0.0,0.0,0.0,0.0,0.0,0.0,0.0,0.0,0.0,0.0,0.0,0.0,0.0,0.0,0.0,0.0,0.0,0.0,0.0,0.0,0.0,0.0,0.0,0.0,0.0,0.0,0.0,0.0,0.0,0.0,0.0,0.0
0.0,0.0,0.0,0.0,0.0,0.0,0.0,0.0,0.0,0.0,0.0,0.0,0.0,0.0,0.0,0.0,0.0,0.0,0.0,0.0,0.0,0.0,0.0,0.0,0.0,0.0,0.0,0.0,0.0,0.0,0.0,0.0,0.0,0.0,0.0,0.0,0.0,0.0,0.0,0.0,0.0,0.0,0.0,0.0,0.0,0.0,0.0,0.0,0.0,0.0
0.0,0.0,0.0,0.0,0.0,0.0,0.0,0.0,0.0,0.0,0.0,0.0,0.0,0.0,0.0,0.0,0.0,0.0,0.0,0.0,0.0,0.0,0.0,0.0,0.0,0.0,0.0,0.0,0.0,0.0,0.0,0.0,0.0,0.0,0.0,0.0,0.0,0.0,0.0,0.0,0.0,0.0,0.0,0.0,0.0,0.0,0.0,0.0,0.0,0.0
0.71289841167544,0.6996790807580047,0.304298185920115,0.66435121335793,0.705218955260151,0.880621766418121,0.7913205178297014,0.0,0.6414252347795344,0.34898415214499123,0.7702749195487076,0.7462795028165304,0.7470925480896934,0.32950268693491114,0.5908736066968456,0.7200884273371706,0.9499544207980233,1.0,0.7776020265795401,0.743298828662646,0.6219939655795539,0.41530099936226306,0.8594475858808617,0.40716285932148627,0.8395304492056016,0.9703344868407499,0.9075358689044819,0.6341661176642989,0.845361880389513,0.6669051242889703,0.36125445017358193,0.8855806806319588,0.2522902282401077,0.3059249576958599,0.6655318659458291,0.4415201704378708,0.31119832384737955,0.6498508172666847,0.6516952426782007,0.6020131628616817,0.6792717819907446,0.32820927029262115,0.2836768904975488,0.42269139502115655,0.5985913441505296,0.7587947569481779,0.5826413906470815,0.5572238177753257,0.44887689766731326,0.22355569988580037
0.0,0.0,0.0,0.0,0.0,0.0,0.0,0.0,0.0,0.0,0.0,0.0,0.0,0.0,0.0,0.0,0.0,0.0,0.0,0.0,0.0,0.0,0.0,0.0,0.0,0.0,0.0,0.0,0.0,0.0,0.0,0.0,0.0,0.0,0.0,0.0,0.0,0.0,0.0,0.0,0.0,0.0,0.0,0.0,0.0,0.0,0.0,0.0,0.0,0.0
0.0,0.0,0.0,0.0,0.0,0.0,0.0,0.0,0.0,0.0,0.0,0.0,0.0,0.0,0.0,0.0,0.0,0.0,0.0,0.0,0.0,0.0,0.0,0.0,0.0,0.0,0.0,0.0,0.0,0.0,0.0,0.0,0.0,0.0,0.0,0.0,0.0,0.0,0.0,0.0,0.0,0.0,0.0,0.0,0.0,0.0,0.0,0.0,0.0,0.0
0.0,0.0,0.0,0.0,0.0,0.0,0.0,0.0,0.0,0.0,0.0,0.0,0.0,0.0,0.0,0.0,0.0,0.0,0.0,0.0,0.0,0.0,0.0,0.0,0.0,0.0,0.0,0.0,0.0,0.0,0.0,0.0,0.0,0.0,0.0,0.0,0.0,0.0,0.0,0.0,0.0,0.0,0.0,0.0,0.0,0.0,0.0,0.0,0.0,0.0
0.3270594104883458,0.043946945413069975,0.6348893363747335,0.8236008250842324,0.4748286613220593,0.0,0.44849014985129876,0.1529818756407089,0.620666267593565,0.7275217694183769,0.6173293362127695,0.5834598800146548,0.4757987646220726,0.5278350466755745,0.591165340961409,0.42091520428835705,0.3081870793965428,0.7549285181605012,0.7786581813037246,0.9778391975787379,0.6787756238655164,0.8802976915295977,0.4976146528086668,0.4530857217888967,0.4876225798051993,1.0,0.014640472758383469,0.5365168861051275,0.49989652227797243,0.01257671351826658,0.5625244853359683,0.8923097606171707,0.7538734907308083,0.3405206508942648,0.1780836416336419,0.4096171569392641,0.5826290081741697,0.5513960755175771,0.4865127389242625,0.6840222186853342,0.9707275342162006,0.588797204305231,0.2932728420524084,0.5898968565835773,0.7521584217868388,0.346516265337951,0.41185012854286035,0.5247570926046511,0.62063278596489,0.6722904284147512
0.0,0.0,0.0,0.0,0.0,0.0,0.0,0.0,0.0,0.0,0.0,0.0,0.0,0.0,0.0,0.0,0.0,0.0,0.0,0.0,0.0,0.0,0.0,0.0,0.0,0.0,0.0,0.0,0.0,0.0,0.0,0.0,0.0,0.0,0.0,0.0,0.0,0.0,0.0,0.0,0.0,0.0,0.0,0.0,0.0,0.0,0.0,0.0,0.0,0.0
0.0,0.0,0.0,0.0,0.0,0.0,0.0,0.0,0.0,0.0,0.0,0.0,0.0,0.0,0.0,0.0,0.0,0.0,0.0,0.0,0.0,0.0,0.0,0.0,0.0,0.0,0.0,0.0,0.0,0.0,0.0,0.0,0.0,0.0,0.0,0.0,0.0,0.0,0.0,0.0,0.0,0.0,0.0,0.0,0.0,0.0,0.0,0.0,0.0,0.0
0.0,0.0,0.0,0.0,0.0,0.0,0.0,0.0,0.0,0.0,0.0,0.0,0.0,0.0,0.0,0.0,0.0,0.0,0.0,0.0,0.0,0.0,0.0,0.0,0.0,0.0,0.0,0.0,0.0,0.0,0.0,0.0,0.0,0.0,0.0,0.0,0.0,0.0,0.0,0.0,0.0,0.0,0.0,0.0,0.0,0.0,0.0,0.0,0.0,0.0
