0.07584003027336302,0.6673945740741863,0.6742648436058692,0.33840472919027137,0.6894668863513332,0.6756891794273093,0.6091652016194717,0.765450513979203,0.3716359185413234,0.9652180152702646,0.42438722710878307,0.4548760045184788,0.07591667563553768,0.6052555366347542,0.2047095230757635,0.8515184388084344,0.2601469892982938,0.5331047199864889,0.39027503092374327,0.48745642757969354,0.0,0.24449541258876503,0.8362367076730084,0.4886253301599125,0.3025787864184054,0.37844706787359783,0.1330628863138507,0.1600974719789777,0.5079965873924582,0.6000898796357159,0.18507565174382806,0.5702247362135969,0.10089851017627255,0.3490484348247917,0.7170961100602044,0.5708282174170964,0.3552091749075231,0.05363333414767547,0.3440770849439849,0.36696540283317874,0.2604162705245346,0.44530941487808257,0.5577530083506288,0.4434014551540987,0.6514467268662656,0.35761471404796635,0.24857238217527303,0.5625861584286163,0.6178933322493045,1.0
0.2195890909374534,0.4213525989763336,0.20281644588160636,0.49541376077965,0.7144818662485619,0.5209846013582251,0.33730829365026305,0.46519738212364314,0.4670081131702928,0.5471403574862798,0.6505738028452382,0.5953574842255024,0.2933409680134252,0.5072943436728587,0.5186426750866477,0.5344008577460411,0.30724812532555,0.39943676907627823,0.61300181230853,0.4384773168288645,0.6069208648884893,0.49165020517657504,0.5562447703226009,0.49009576275420685,0.37979825042916543,0.30342431878639836,0.5550442600950243,0.5524842969085133,0.41656311787930916,0.5872943580497033,0.4309161306697959,0.32288976924432483,0.17143919116913534,0.4559449871150578,0.6472975235710112,0.711109494489313,0.5597685770419244,0.4892464217622415,0.621409174050379,0.46394073544695374,0.32970403269606885,0.28498883027877264,0.36742736470325743,0.4251123860017874,0.39582207312524675,0.5429957571407128,0.5562238362548461,0.45538830995501545,0.42959362004796914,0.6838492046244156
0.19773339470073967,0.4387646611991313,0.31290948346828923,0.4815988412711103,0.4874537170137687,0.5746491503653957,0.2881601234998917,0.5285906115334524,0.35110174911440284,0.6533926958178109,0.5690538783599856,0.48659382723776257,0.2599456121290816,0.5603341627205184,0.3999495633074905,0.47539273976633933,0.37230953588751414,0.6187056212320409,0.5298295486258373,0.4691581895609773,0.4695843262677493,0.4358155960688208,0.6297274884944516,0.44543158120283205,0.394004180219364,0.2777885936787416,0.2935414492876704,0.499167433661711,0.43756516474370766,0.49095051532833706,0.4238869421246816,0.37177234538208737,0.13381684083679626,0.40966221472382935,0.7407758334184276,0.5468210543023923,0.4556025517481443,0.30292980831606076,0.48462037693891696,0.377850542728401,0.3690231580334068,0.39031589593258387,0.5226759303033686,0.48549896711727725,0.46803828585069907,0.5012862013352718,0.41698744594545123,0.4485808999505596,0.4492672021835379,0.6643915488356227
0.23442420957080407,0.3347901503222204,0.18437067185783637,0.44169695818725446,0.4554378098096846,0.4378224973184195,0.3510916862207098,0.4998010952710549,0.44012402289092173,0.6512810424772302,0.6384328832274486,0.503965073286359,0.38733619585986506,0.4629750477720743,0.49916033236296864,0.30593649744167034,0.29227962708308153,0.5643384935665837,0.5151524859434743,0.5688733133104752,0.5895774715771978,0.5161724399219195,0.46195236128674144,0.45339323622150873,0.5359561232894392,0.24059234844200805,0.4134343734047067,0.5385424526323379,0.4861961244328564,0.4696138274467142,0.5187302218834572,0.40721064047064937,0.2423473801703733,0.4700984085847579,0.7163751300582681,0.6333617001065176,0.5279033051624614,0.4653689911515101,0.5148217196782562,0.49820821093415346,0.429079750569754,0.3993348472549131,0.5103374654568943,0.5067278955137781,0.42364611321840523,0.5134697249142874,0.47107799743097717,0.4407024697240154,0.4766361393411604,0.6027152252295984
0.3876141502682462,0.37919835863105755,0.0,0.3113310582890256,0.7030236602630923,0.7382880398685331,0.04103230640063395,0.5773201625872512,0.30868132909542834,0.702481230637547,0.9378001386140897,0.3858083947422642,0.20858759282720843,0.3970771790075363,0.7633944491477794,0.5548963679220223,0.2814316417446671,0.3345970810220802,0.6487490982547284,0.7949814330439087,0.7304661070395365,0.358172255389947,0.28363981240947206,0.4859283553905574,0.12209538349672894,0.23091087846678338,0.8278754243897654,0.5978123898817145,0.7279902137028293,0.6014630487575909,0.6103339335978816,0.2314929736636911,0.19656379680643982,0.84721476809928,0.593951156652596,0.7096225794024298,0.483608771703293,1.0,0.41402325122587674,0.351732936778068,0.4795761164980269,0.23455199423815043,0.3346260707860459,0.24397571842787605,0.5962819296427299,0.4140635173999638,0.5461724080983992,0.5010092207936993,0.47947285562762054,0.740047104109522
0.13993423882878842,0.4663737185491323,0.4261673070092747,0.41810983630290244,0.5033075093349744,0.4833754317597311,0.5177302160897004,0.601438205984414,0.43351643142530516,0.78092410911175,0.49359138744368863,0.5006403640523058,0.2889776137305475,0.5336194981340044,0.3258673667950574,0.48773830670494134,0.2792986289362175,0.596738591450775,0.43437504870189636,0.4991558378323723,0.3112594684429804,0.42853222258134727,0.6500427126535585,0.46160252358778586,0.5148901387579717,0.29919224255166665,0.2156323707595392,0.3650326549339193,0.45567639111709396,0.498293034213502,0.3626892215555154,0.5115017700256329,0.1927516586914614,0.3524091962510094,0.7404944646264535,0.5909126730167324,0.4607996347050149,0.19420544214136137,0.45565012120022796,0.46957657055473173,0.3514448332267704,0.4521910251223808,0.5665812401910437,0.5287814848795133,0.49188115806841687,0.46299872951254006,0.3595194250613657,0.48195258884877795,0.538733044010379,0.7462219514923418
0.19923656430140851,0.4504322907626287,0.31343437031982263,0.35856654436776647,0.641782344082087,0.5163143888518597,0.4784932602123003,0.6113543915909275,0.4591071577393943,0.7853573033690225,0.624852677654942,0.4987252721082027,0.27939254135498176,0.4655206500189471,0.4645500132565848,0.5401298932218359,0.22182468163423563,0.4408721492358986,0.484420103919656,0.5981240469656723,0.40848775566710366,0.4136354813005116,0.5254419676522529,0.48936180758229325,0.4310051790283904,0.2955057765852634,0.44930600124023495,0.39214885550633316,0.5463327206901181,0.5638101943743686,0.41354637615622036,0.4691286081802528,0.22719211135173054,0.49958805988144617,0.6668446157735765,0.6928134374790328,0.49651021619087976,0.45458579691633116,0.46499061391741214,0.4920909248522085,0.3718883603450422,0.3793529645158008,0.46761034855140293,0.43690934310527996,0.5196088321110254,0.4398445818749154,0.4306920832266071,0.5062281919750931,0.5544088391670818,0.7909509314108978
0.15857246768380356,0.4948089972656304,0.33822238107189584,0.490235954490331,0.7706133367751237,0.5223967256003563,0.4633455553806236,0.5110784819016985,0.4910496684651488,0.6038476846055167,0.5622744639279312,0.6190016093927002,0.24998302845574352,0.5434283690874039,0.42178660440633264,0.6406766925413053,0.2879397714412801,0.3917393757566842,0.5719105203887209,0.3796130445141505,0.45653413621475336,0.45739959232937644,0.6651793626475495,0.5013397159337719,0.38708239892814283,0.34367691292467495,0.4610285630304579,0.4542776589419587,0.38198120760475823,0.6147174948827946,0.33364826181798307,0.38661549210992224,0.15120200068479184,0.37364576688974,0.6515194420795283,0.7111944901041996,0.5405086369961666,0.3314763999906308,0.6154680294965953,0.4703429046183636,0.27350827160662833,0.30687649994712635,0.3829297875183881,0.44160137795845605,0.41487518157574327,0.525216735836353,0.5099801990316237,0.4783064442204667,0.46361165772398094,0.7664344895385724
0.11053436913724739,0.4445732345564778,0.22493242763939167,0.7539461729463997,0.9734673661388931,0.3385834712695706,0.503816319559651,0.2310507558358144,0.6754915545485606,0.17420297043799965,0.4941615505022292,0.9145875435380298,0.36841252127032825,0.5999829365427661,0.43959231777407054,0.6042642090343356,0.3482588886475608,0.248555520193526,0.7454963490166497,0.0,0.731684664672468,0.6783984422281093,0.7689199505071735,0.5301112493929878,0.5037855843978247,0.3966057577706711,0.6054545536156296,0.660652948976918,0.053973549492882786,0.6790198019174191,0.28462356948937945,0.24690462933817905,0.12085183750667676,0.14274030193168843,0.6023097148547106,0.8444611013052625,0.7344005786561821,0.22980755713120823,1.0,0.5790059039763797,0.1353519768481064,0.16952222910654258,0.19653091602732714,0.5038877141490347,0.10301106861503313,0.7469213323132432,0.7546097219666262,0.3928209626351264,0.2831418935182061,0.5984786141206346
0.20982174737828263,0.40406632670373704,0.25799437076413095,0.36306354162897553,0.6257126770502076,0.4505257794537927,0.500036273445304,0.5808783172195024,0.5000388286817762,0.7565941718332367,0.6428029510419654,0.5204851470738943,0.33871824611098755,0.4343497360092897,0.498732858311974,0.4615401321368268,0.20028139652726984,0.42521996189305095,0.48698344693556134,0.611182110864838,0.47188017783269665,0.46036910814713694,0.4696351281954622,0.4910254903140617,0.49864944198837424,0.2817880180234088,0.49053512493027246,0.4229776888140775,0.5416609243712297,0.5520020598313669,0.4495553865255178,0.47435564868684915,0.26585506533421527,0.5033392169873323,0.6604606629291894,0.7252427684038287,0.533504656840292,0.5004930397879147,0.49764737345622956,0.5422927901176602,0.3893455588899006,0.3797403770078274,0.459590561947495,0.4550219059850633,0.4816286436623107,0.4599297309384336,0.4623324558728573,0.4949538940745926,0.5514290964721851,0.7487828983625189
0.21173423374128733,0.43330223226596104,0.2587918159982274,0.4213054469947183,0.6610918208289228,0.5217005052954194,0.40206377296963347,0.5441070186381428,0.45518479678693724,0.6768796051148197,0.6388803498941238,0.5363060076246099,0.286538921304159,0.4851033140314704,0.4903247952653745,0.5283580581120052,0.2658301608534113,0.4326413600652622,0.5426811928987992,0.5299029732069501,0.5032901908026548,0.4488010760694839,0.5361446957959403,0.4868301724286293,0.40667258858907296,0.2953368451530709,0.49199952070613234,0.4700483626292897,0.4899684846356194,0.568421938572299,0.4275571462967168,0.3994629574903863,0.20067022278569102,0.48303779131421265,0.6619399700986891,0.6932323796755389,0.521721480335306,0.4723858565519674,0.5307588621792023,0.47404165291744155,0.35796151346106997,0.3391896411839417,0.4276258125613866,0.4328733637028887,0.4650515894367637,0.4864428753597745,0.48494096544809595,0.48102636624765976,0.49545104510322124,0.7354651360846106
0.22232271970936293,0.393052114838573,0.2073328503976482,0.5228834344998506,0.5563911559636757,0.5256642104065987,0.26266584427281253,0.4519014088804519,0.4052114067258874,0.5407146828662264,0.619607339295048,0.5508821852681047,0.3095409585392189,0.5345718632977724,0.4779747328886176,0.4368692409033892,0.36591032156702374,0.537260239038012,0.5927069748231237,0.434396577572296,0.611103357384581,0.5002795422076358,0.5733322936472741,0.45809050290115766,0.41145592492472416,0.2750602918954165,0.4294138686085126,0.5831752366936467,0.40082161285443463,0.5153070725848717,0.4612020588152706,0.31570717217937816,0.15352014618830503,0.4244228947720976,0.7047988821833105,0.6161687238120592,0.5234938888287867,0.40949232488428516,0.5814167037016015,0.421287063562081,0.3631245323959645,0.3334879970116841,0.44625847673377084,0.4723619952494421,0.3938053909992708,0.5519652135245938,0.5112520575741069,0.4290907287850173,0.40648887178057563,0.6109331579182609
0.18257962768488598,0.2139309991100561,0.1852807047750953,0.2762207133027134,0.42583636720525203,0.038250955107629415,0.8754951334752918,0.5736251564853437,0.7397126671542097,0.8631367239685682,0.6007131589745355,0.5686691350774354,0.6540985361500007,0.26326465974663676,0.5152605455089467,0.04403256020240093,0.0,0.4449020496298289,0.3195872892688668,0.7639384222230774,0.5002287627280761,0.6441251028742072,0.23894261227310595,0.4941716978316195,1.0,0.22058799322902617,0.4521073203496725,0.3649042942149046,0.5785341478921149,0.444034405116878,0.5569014333091927,0.717558208205548,0.5228828057697205,0.44338243192233373,0.6810126809379455,0.8504109012823832,0.6595143646203186,0.5066934130924595,0.5247452766020834,0.863664077650041,0.4888974020598191,0.5282112853226041,0.5723185037353403,0.630878080165524,0.38025170613354087,0.47418828362523685,0.4577268417143789,0.48290411734375704,0.6757325303302288,0.6395834683022067
0.22446342193903185,0.3078258115564255,0.19083315554076702,0.5615750045313834,0.26337375631504806,0.45743671817341247,0.19694668993188208,0.41762479540232916,0.34795965294341363,0.5321723464995485,0.5645355293877314,0.4928604201168192,0.39634986951678064,0.5499306032645059,0.41993091192175036,0.19671329181171537,0.43165207657552734,0.7647964999815746,0.538151354448672,0.4461038652340472,0.6400953941955712,0.5545529775375364,0.5586387921115886,0.4058661548184167,0.5524922678454767,0.2168192781408637,0.22503364774550821,0.636049029662666,0.37349522150618,0.37804149007040255,0.5340742478072846,0.3374045265249741,0.16813672342303898,0.36020775722623116,0.801699090351531,0.4844738633165036,0.49192780776958345,0.28520116751362157,0.5316233960454623,0.40848535226080734,0.4347299498182351,0.43368713847311297,0.589451344778445,0.581397421209326,0.3627820513320069,0.5768598827980251,0.44611408431806515,0.37962785388548625,0.38213014460329287,0.4617220942261778
0.17853269302800118,0.43943074380910285,0.3073810153829565,0.4933719891092746,0.5888378882596047,0.5080609613655088,0.3875945102818761,0.5037353120508237,0.43563448937953625,0.617049963186962,0.5600163710183759,0.5584279331080847,0.29124953774988704,0.5420213091592254,0.41213890235771505,0.498113713620834,0.3269582515480116,0.5259124568868654,0.5423753550168194,0.42637601166268707,0.48592073381437484,0.47374564640711025,0.6278756367219522,0.46845156994857373,0.44170588381699766,0.30005801930234494,0.3637469575507107,0.4910505062577879,0.4003834539024115,0.5319674519665394,0.39745623641074973,0.38905987150139953,0.16109866796902372,0.3780790867206395,0.7057158734831153,0.6279535158729597,0.5106598319183224,0.3104338063039948,0.5598474234881856,0.4471566806288448,0.3339330901183163,0.36294028933457106,0.4680129080254278,0.48761346396729405,0.42000558346988764,0.5252428552646426,0.46726738738686896,0.45329403523230916,0.4540489324267469,0.6822310697361785
0.19753597287955021,0.3139090704728415,0.22882190417726633,0.435376759804016,0.39633260780441854,0.3327405740115007,0.4834004603698199,0.5061535696984124,0.499250017936059,0.6870730968666505,0.5745764452358817,0.5251790255884475,0.4522196711258953,0.44840533426063156,0.44584395993975046,0.22634531515617587,0.25299925259406664,0.5992266478524155,0.45520226741723036,0.5629279283200888,0.5354513149783081,0.5549387891190967,0.46663170113063,0.4515477838311237,0.6747547674091652,0.23890043546375106,0.3286547182532646,0.4934144319805618,0.4622490028715932,0.43844823082894546,0.5049826328849043,0.48994684457823046,0.2890771207143169,0.398716485718447,0.7378858371237917,0.6418711409387067,0.5461183904493836,0.36492076405674645,0.521188667693264,0.5714373972496567,0.430804807839024,0.4547460175083895,0.5607784261684461,0.5730958443169012,0.3962312293813955,0.5189757709749269,0.443903717071785,0.4382344833762106,0.5101725988902032,0.5890507126142824
0.24460030721885262,0.2800243717873175,0.19573291633895076,0.6038874646591502,0.009206538620513911,0.5339678751851282,0.0,0.4070408626191752,0.19734805008893003,0.5245584890773265,0.5361637102816326,0.39103885674086586,0.3780384702417277,0.610359516818456,0.36329125511177607,0.08058335158474658,0.5559445818931845,1.0,0.523410807275859,0.4496356022424615,0.6481202110723353,0.5345832518482303,0.5971023071641121,0.3490648494381965,0.5264466930585389,0.16937584832448752,0.027341283419493656,0.6966728865851203,0.3672949229883889,0.26612196873847316,0.5862768440598577,0.2906876546971941,0.10724412593194577,0.3424735939414147,0.8963768627922424,0.30165476590947243,0.4052048033820561,0.18145113299974241,0.43905279659321855,0.2852898841503032,0.49267949709138975,0.4983431091512359,0.7132378841903755,0.6287599804753552,0.3898980583061542,0.5787736637635491,0.36413079026788614,0.3396729211940199,0.33252646196170627,0.35458308247414333
0.20504209980659288,0.4058366085994642,0.25962261278184834,0.4454545523462159,0.5671603132353359,0.4875126176781134,0.39267251098672395,0.524013484311625,0.44528546892987503,0.6613833360980816,0.608128104257448,0.529826033215189,0.3206300637325506,0.49540342246056274,0.4615862495727509,0.4470560541226928,0.2895811408620678,0.5086956383625081,0.5257189662737357,0.5139231685874985,0.5122032868220427,0.4755350442841873,0.5436012487906215,0.47006991857655345,0.4656726760321601,0.27964095374311543,0.41540262665244676,0.4889437243048204,0.4635571353468584,0.5231746860419219,0.443943571615641,0.40824056129788916,0.20412991578667358,0.4426437015745812,0.6955315591823449,0.6515565394657147,0.5172180102248328,0.40925046846351876,0.5282725433729349,0.4759590573190279,0.3737463732229915,0.37245476704975244,0.47373308095729894,0.47729714348480873,0.4420294849420591,0.5032017597934468,0.46739207402323374,0.46147218980035437,0.4826644609067432,0.6810564379412
0.19625513342713236,0.4116945303633297,0.2680523921675608,0.42682891442138243,0.6167813259771534,0.4598811448496671,0.4582098016990664,0.5354532615776278,0.4852625744068575,0.6801707012564232,0.6081971438435038,0.5496741119162989,0.33020531429538874,0.4771623712831493,0.4675993669704467,0.466767248720337,0.2519467401784654,0.4591417301117357,0.5164513555948338,0.5225252034512431,0.4947441074020241,0.4792765084036737,0.5323550651626171,0.48310933169994424,0.48718049249141104,0.28985643764372937,0.4486057671122735,0.46183557450669876,0.470874440513835,0.545055142088814,0.43014099361503916,0.4348537796533441,0.2260690139509833,0.44364117215280785,0.6763685484076525,0.6941282594042061,0.5355616718093291,0.4237182021865575,0.5412718457132956,0.5130425269649035,0.3632305995211321,0.36770083693656763,0.455052537584185,0.4726905559249791,0.44046813813783453,0.4972167808220821,0.4770513458440711,0.47349563671925093,0.5045014618883359,0.7107686612506459
0.22001125889610534,0.42559817880008577,0.20306147055161694,0.49795308369914376,0.7243088763574528,0.5283531641530392,0.3315010562492869,0.46395741910133875,0.4648391892983511,0.5424232016224629,0.6522843467063125,0.5973048574708875,0.2871377548569169,0.5102455038070906,0.5199496895058491,0.5453956134971572,0.31009289990102346,0.39413560357135635,0.6182381089148803,0.43342630908091784,0.6083321650770138,0.4889728964585263,0.5607555660558243,0.49110694936019494,0.369078593784934,0.305704197048054,0.5607393122692421,0.5543247773517875,0.4144828592049986,0.5919525605318137,0.42784259758766524,0.31700796985695545,0.16651814418467173,0.4570787259654693,0.6448639117695225,0.7120939774696065,0.5594148855063348,0.4914496851716925,0.6242822605271767,0.4591268284943183,0.32603817707141697,0.2795873591602846,0.361607916898567,0.42035475914059184,0.3961158550741606,0.5437811283829581,0.5592350957962529,0.45584274244079787,0.4265264088091031,0.6870195614590819
0.36078656333095754,0.5365942839181744,0.39609229908208377,0.6353638106016133,0.13822030400083082,0.38343341981684903,0.8386123546377127,0.5953220829985169,0.5445817150752725,0.40771958948883963,0.873553535031954,0.2924355009884353,0.2575957117146754,0.46903321611486926,0.1422076666197928,0.6707548662277498,0.24466775669692734,0.208219159766632,0.6512945405004582,0.4001377094550223,0.595158349893769,0.4355556025512963,0.9420256608469153,0.5458473585904383,0.5639282060479169,0.7646307668830641,0.22088080235312924,0.7609182200904034,0.6255873716891643,0.34275505514883703,0.5241088640569012,0.41699851841909585,0.6881502369162725,0.47841817404930925,0.5664209807747146,0.31314499637463683,0.3861985762957372,0.9536259437507899,0.0,0.4942099391253952,0.3916566326785014,0.4930772942404196,0.30941279616817857,0.8629043075224738,0.4217945412166165,0.5588564486799837,1.0,0.2701934685723051,0.5050638207937697,0.607544157165477
0.22732246923947702,0.4798217304767766,0.6989163176049159,0.20163301287737825,0.6937153852773558,0.509259180274924,0.2719476341126603,0.4448314005489435,0.4668726248914386,0.5298024949007845,0.5182341293299025,0.484713627765764,0.4729843360894908,0.4038779968060426,0.6582587987044954,0.3904339270699797,0.5626615504978935,0.5213455674907107,0.5435134637802548,0.4565284691418801,0.5694828293076234,0.4588002440159641,0.6600299743939674,0.6745384577296335,0.7431316780794972,0.646303477716825,0.4411715266421657,0.5127318220372008,0.4127097405451947,0.5788696407979993,0.70141643786582,0.5455803786188446,0.6406188355628702,0.4628681034900602,0.4803855595658741,0.44466373781987556,0.3882249680908388,0.5383155625313502,0.4084431809335091,0.4289026632268086,0.4353560630714933,0.6340249960557937,0.4833758444768836,0.4840550416627645,0.4805030336630408,0.40577569444887973,0.818462772210448,0.47501883309072407,0.5484875029931213,0.553881186510286
0.25440209948892295,0.4398408711229044,0.6776281804513358,0.3371758004842908,0.5702319320816452,0.5265530745337468,0.37723687310955545,0.5249545088759955,0.4930151631570485,0.5066956387313165,0.5706095410676459,0.3856376951241318,0.42372642463660326,0.4091267353780659,0.5015770560418166,0.40886463243509114,0.5156930361952621,0.4064611492011103,0.6086870520152347,0.40213496738390775,0.6091733233579739,0.5306964224029809,0.7267527428996277,0.5587241160358875,0.6361913563591437,0.7079821909365048,0.42110820297211843,0.5118878763200858,0.4988148242423155,0.5416412842164173,0.6384983026414315,0.5625374618655756,0.6889897177394001,0.525678455278235,0.5880202015000621,0.39976289886957395,0.4391023749902805,0.6476758027372784,0.2977869454821366,0.4866066621597398,0.3316310023523652,0.5067741364087974,0.4569467070964322,0.6764676557510116,0.43691904225166134,0.36819810479598314,0.8328670516389413,0.38574748035334133,0.6730249663750265,0.5437795572643243
0.27072061805289005,0.5949382813001498,0.5850035591095072,0.24191267963277469,0.5969197673253428,0.4056946514898342,0.40836640813595515,0.4443860141311324,0.5035019436522271,0.48904174409525103,0.6524062932002368,0.5100061868689731,0.4148349331087463,0.41729621360478897,0.5738386098192707,0.5187107748011487,0.49911207268957747,0.5083108465101781,0.48730846962002367,0.4795250403648642,0.5380626875037796,0.4115286392714886,0.6659969792252555,0.7854292930545501,0.7499644761249241,0.6328339021769834,0.2978270426870409,0.6433932445233362,0.46775729617447637,0.5422225086962584,0.7015610543431328,0.4858375453609909,0.5765317592304104,0.40907253380181063,0.4400231109355583,0.4789680787243587,0.30683349312332897,0.5829907997583947,0.3504567906433198,0.4064276806859413,0.5741913726043735,0.6980708826271068,0.3896221902393398,0.418002959039797,0.4968385216485244,0.5500928365453241,0.8862269382720469,0.5099265319700054,0.3951657470242517,0.5074619346488436
0.2942865729800085,0.8237084305347324,0.44315302240327814,0.0,0.6636190881364161,0.21996473014760448,0.34201783261835056,0.24669598904866286,0.6544767837983915,0.39872141145105167,0.7416769346412755,0.7160963347634751,0.6698760022885499,0.3296660710907209,0.7868977380406191,0.5335404852298868,0.3309712043417638,0.6417747122870993,0.6662163670084983,0.5367112111371467,0.27506732348905133,0.27847112061867774,0.6568120792439406,0.8971713932005129,0.7878586322811959,0.6977495677241453,0.09129652400466451,0.644585559953406,0.30282005742761103,0.5452654062471654,0.719457662868733,0.32560104422336233,0.22019103478914215,0.27617964400646894,0.28852690256054764,0.31937397141829954,0.3909379319976738,0.648991118243208,0.5548724554212011,0.35923057049607116,0.8005630922730999,1.0,0.6072529746281261,0.007265085461316598,0.731618977717336,0.5564802203579161,0.8369518435031528,0.6616882193986555,0.02273443886019466,0.5088709606556273
0.24094844574865573,0.4185432253151254,0.6107897075202348,0.29915373857008576,0.5160959847167528,0.5180485644126133,0.40329600117148884,0.4232135827012716,0.4730252029854963,0.496688821113658,0.5529523680209227,0.43802318122612827,0.5200746969918966,0.4116190862946571,0.5941386722498175,0.3887294628948482,0.3794793231441218,0.4307788855587995,0.7347225102072403,0.44847979797870857,0.5255659349929593,0.3818648938329347,0.8472754595781783,0.5066336522594521,0.7153105258445586,0.7258251334881733,0.48904806709328064,0.4975768047179967,0.33618249990714577,0.46093556271478425,0.612811420348468,0.46155888904264475,0.6520925074173973,0.45834840823494644,0.4452135382004069,0.24865243797599626,0.5094260867042059,0.7393221906753044,0.32673227745761463,0.443202776434455,0.31328128802441724,0.6319797558834769,0.607492047726503,0.6154491687770042,0.5195468246255022,0.3163546158613724,0.8301177052781625,0.36090778063960005,0.5292989758419739,0.733859390343739
0.24550332790218554,0.5103449371284766,0.58673526948138,0.2086474945821595,0.5793895622686179,0.4550189061669924,0.3640845080900323,0.37450334847085937,0.5024518706372555,0.4841849675848849,0.5785490323940183,0.5150204509181129,0.554346865487355,0.3947462459415032,0.6656473049854237,0.4153127121271522,0.3907734494532119,0.5003919477516295,0.694293634223516,0.4775478286176139,0.47199502228243556,0.35139694397195875,0.7849813213020439,0.6183617978165986,0.7532553614283872,0.7021369280061676,0.41137878581591136,0.5295179958144396,0.31826725803129113,0.49169405177121295,0.6519898936771975,0.43649696439769653,0.5578879234082483,0.40985956864250805,0.39459514021651854,0.2851404342336546,0.466565147549817,0.6871323786655986,0.3971587099082277,0.41385386218120324,0.4384430425370457,0.7297823400230964,0.6026537814271791,0.4499045471187658,0.5666226858696523,0.3788187097142498,0.8291305655419771,0.4448654579788058,0.4052145351870935,0.6802800558791505
0.2458306080507946,0.5856132936057041,0.6211870132614962,0.12884211542411841,0.6912380387082235,0.420357662566734,0.2838646468606261,0.3756725474191106,0.5267496536440678,0.4888629081448077,0.5815064658668749,0.5619448439080162,0.5468726892855802,0.37756391836452263,0.7113687262220487,0.4269806386272189,0.48720855338319385,0.563880487815985,0.5925988488794106,0.48257658338770876,0.4708614171589902,0.3989712889264804,0.6607317100949242,0.7390544129480756,0.7592933280693406,0.6652666879625933,0.33684372325087647,0.5453758412931141,0.3672629967568012,0.5692154169659016,0.7070501031612019,0.4744087143367345,0.5031431210885019,0.4030783627183255,0.4161243900549694,0.3961685331998564,0.39782419353194637,0.5735407238192295,0.4639254560945472,0.40642572423959056,0.5463335964184219,0.7548312417997141,0.536775207350742,0.32709515269058087,0.565790400611065,0.4428631706036266,0.8185659305938923,0.5347065829271322,0.3812040665664767,0.5465471160345896
0.1366318621806498,0.1651306291435757,0.7867437378593786,0.17865257729034598,0.6745535331228506,0.7230156241879823,0.14723941032692311,0.3309565785791032,0.3634453890380902,0.5799579785604285,0.25823176510675094,0.4408491684445114,0.7069192087652518,0.3955006442127367,0.8572915417813692,0.11830842303513678,0.4036077666186598,0.4921443274585057,0.9256554622737259,0.45419809372302683,0.5253187315483409,0.33174994697205784,0.9318816343684811,0.2622956815068898,0.796441213986593,0.7472161399394545,0.8514790051950298,0.23380783403127034,0.07683646919244425,0.4654759306361328,0.6019648560833282,0.49497578946738835,0.7645699087866594,0.49784005443462376,0.38077608810753877,0.0700135248872638,0.7100713754759009,0.7057145762992159,0.4706657864833746,0.4374330247492529,0.03231073344538089,0.6246955196053325,0.9107840051135045,0.6809266611586029,0.5515096672594976,0.0,0.6990043011838576,0.2772569379617754,0.6983649413017752,1.0
0.2381663598957203,0.5212796342848925,0.6388635810876107,0.20932197655370416,0.647525920834446,0.46671412862523876,0.3383234521283394,0.4204524323767549,0.4551752244906726,0.5217709370147143,0.5649138703433968,0.5138779339271193,0.445579212310417,0.4226453614553522,0.6498307863304799,0.4523327993389382,0.5231423862232782,0.5344666721302428,0.5040747415083888,0.49023181013694367,0.5520649474856905,0.3876719374684599,0.6799342762368843,0.7415562242621577,0.793692816788205,0.6177194810117157,0.40994609627139933,0.5847959532335281,0.39756704213033284,0.5449083273729322,0.7093289867330312,0.4993835408207035,0.6273293724770194,0.4131919420655743,0.40754333756233324,0.4561774505774293,0.3352142435141658,0.5508258232865079,0.3860571671244085,0.39407272673818566,0.5093738039474428,0.7010308297885001,0.44908958255915526,0.43034166592779266,0.49372458687625564,0.4847621348443772,0.859710993095477,0.49276751750963826,0.4345708341301766,0.5825632410054931
0.22405224151821984,0.380226632143633,0.6594149566699646,0.28711619039258784,0.5614529276048631,0.5563998945050298,0.35440025894933136,0.4322950654874268,0.44647034099776245,0.5199982251653597,0.5039763814317918,0.4297050972067015,0.5132614585416456,0.41542225474542954,0.6196768236132447,0.3552073609012681,0.4289509687349114,0.4433046352382774,0.7089740334308877,0.4458000412260652,0.5549745898253149,0.40072620994722796,0.8247013855614069,0.4979212235269114,0.7267152323491842,0.7089848821710676,0.5409594553051514,0.46833306583262485,0.3323230944356086,0.48237997190633874,0.6258212949566702,0.49383338117974424,0.6927611600924011,0.4749433567254352,0.4564268559086569,0.27524360870282466,0.5051404358951365,0.6939962268973741,0.3418798592331886,0.4439469184701728,0.2825910324556439,0.6065067288357562,0.6039813444139943,0.6336937999526753,0.49713304944177783,0.29360658384269006,0.8162260134171395,0.3587432509321423,0.5838786995218702,0.7334332627428191
0.2488035097110581,0.4500109074817861,0.6169898144361214,0.32173211991007966,0.5280236507921541,0.5027200980400017,0.4282992219093832,0.4617513520809024,0.451617039167267,0.51057540186265,0.5806680702094732,0.4343676374656994,0.42697943669832944,0.43457130750872325,0.5487702532704949,0.4467640081627552,0.45041040193647647,0.44056234581827286,0.5967255852429253,0.45791590814312494,0.576476608168977,0.4014857595641497,0.7830579190949815,0.6072551935573672,0.7352414898803744,0.6702199829661161,0.45195909395705236,0.5670020940768902,0.4113566135936826,0.4849609490385422,0.6464008293160427,0.4916216483093921,0.688819506572454,0.45321509453479275,0.4537699447200092,0.369928075843868,0.4043480322878222,0.6667239467350184,0.2949728874425211,0.4293227020249469,0.38589766353159133,0.6163449548617782,0.4773104026027365,0.6036403477042169,0.469577182922817,0.42040429586249406,0.8688380055016564,0.39393019210844604,0.5235072028098223,0.6552470219836927
0.17433143681158073,0.3738761150050645,0.831021013723178,0.2800291117032275,0.7888532827726824,0.6224540671847226,0.2795710774486192,0.5458969785623551,0.2000097087159863,0.6837680812182196,0.41345206905014736,0.4549314427691598,0.11448855689732176,0.5503732667623432,0.6247845847698623,0.49106034718958097,0.8753591340920114,0.5999689107519136,0.0,0.5438099646339142,0.8447996573392537,0.41265026780031344,0.502876511368136,0.9592751226165388,0.9833049876180435,0.3545562353024818,0.6366344368008454,0.6913792133236275,0.5192396985355378,0.6242525929435421,0.8436319615154223,0.6769016815729475,1.0,0.43336395897384805,0.3763398237475344,0.8713005416212931,0.002631025205409489,0.19526653411643297,0.2988783280886577,0.3171149236522069,0.5394402954656384,0.5791237057179222,0.07555922615351277,0.5363596978975382,0.2410395575601895,0.6942346769198968,0.951830580093072,0.518950044399306,0.6031925697646721,0.5181998598523607
0.25360532583621787,0.5402659252436884,0.674079454644728,0.20679789176337943,0.6788743335298977,0.46395314679375077,0.28812228364028536,0.4653129696800181,0.5384648077218699,0.4934402799999542,0.5780459241912509,0.4777844487879509,0.49257282450779255,0.3756624817885138,0.6101549297178751,0.40883749726106705,0.5440106962690436,0.49563635332153944,0.5845102283122972,0.42590890928115177,0.5401579960377634,0.5191245354255478,0.6388179253383828,0.6697067579769728,0.6647518841451224,0.6930872788991438,0.33733358651010387,0.5138111440642498,0.47182707824923786,0.5972295210704712,0.685682072456246,0.5474860135972043,0.5653788500347809,0.48297451547406023,0.5503597764621468,0.43263385707738145,0.4154208457614913,0.5757836719366269,0.4084543237745205,0.46329206567404313,0.4593399514791783,0.6109284288000241,0.48002982578825343,0.47679705144776113,0.4993631879617133,0.40526330871493593,0.8080473166101105,0.4885480879041194,0.5582036944219786,0.4674738102762648
0.2879831349537444,0.5765362923387134,0.5568661656771899,0.319230347861143,0.5114367609270621,0.40790113161758357,0.4818028186843493,0.47891691855021545,0.5200029448020286,0.47102650490617176,0.6899169905668721,0.45968285404282255,0.39536040059616584,0.42083595567172655,0.4876228669673737,0.5346556114292945,0.4499287366378639,0.44247926059948733,0.5396162400092881,0.4540737306726561,0.5482480280354831,0.43340033901729597,0.7206392301849752,0.7167181815052829,0.6958019445129406,0.6717274589546095,0.28430011437956393,0.6484853166060761,0.5019924234609533,0.508262327357192,0.6608692078705222,0.47949847340262364,0.5949536895768563,0.43480144201874593,0.48431945485303673,0.43478072699406983,0.3418260304945549,0.662532728116214,0.28573786428817993,0.43432017388273153,0.5191641194848058,0.6423532992882756,0.3880250336607348,0.5195455015077125,0.48314574346639866,0.5294698684480025,0.8979617335998402,0.4564518410119564,0.4415463303922557,0.5213838095396383
0.22760168281322835,0.4859542983234957,0.7162280319231707,0.18870807508633178,0.7190786396778729,0.5104591427883678,0.2447672012970143,0.45299431108047383,0.482886861183771,0.5276173184246308,0.5130919787992347,0.4826580017167296,0.4841526507462653,0.39239327133446694,0.6619029400225057,0.3764372519268288,0.5820975096035105,0.5230802849084198,0.5488386611631186,0.444195451667069,0.5688847986558928,0.491212380316692,0.6367674468793064,0.6700747226723992,0.7201821222991838,0.6561820682209174,0.4271157790167127,0.4941353986526129,0.4288796667645325,0.6001535833974749,0.7039964228518865,0.5624361687492652,0.6261715348069212,0.47774626730696673,0.5111903773726676,0.45209800428149116,0.3990429381960474,0.5260857252266126,0.4243639379950954,0.4417978816150163,0.4316614155081289,0.6172439518064446,0.48645417482457065,0.4808235447607434,0.48059791295650733,0.3908330325984667,0.8037627058241745,0.4834677912163905,0.5767020630237352,0.5191662527325174
0.3064338260983647,0.6522736816460456,0.8017077884530512,0.1856621406250501,0.830075832513056,0.43066025402342195,0.12262685881663486,0.6341900302686695,0.7822194319777138,0.4216873665985336,0.6400672826722186,0.38347429856400445,0.5550418489898242,0.24533395960463394,0.4713426256746509,0.32807407466321237,0.7062230160602291,0.41152311932911684,0.6732532221274031,0.2403194397644289,0.5468108699277741,0.9540481494145138,0.4107105196537313,0.5823073958780123,0.2926194102635896,0.860633947552264,0.05870051035635085,0.3608399563632631,0.7787129247229699,0.8075406953719244,0.6640211502979786,0.7346927098268967,0.38754997406932523,0.6885506661361823,1.0,0.5065231301627047,0.5446069021029434,0.5446748424461375,0.47728260608652867,0.6590443555662787,0.40907100205522307,0.33339010112369966,0.44005845916802666,0.5600635984884318,0.4739542121341812,0.27444492622659367,0.6784713276049111,0.5385996584072854,0.9213853634177488,0.0
0.2714009758474048,0.5758867746663079,0.6331840471705501,0.24628968945501162,0.6296661324870991,0.4308522890669198,0.3589706695132851,0.482452735747092,0.538069010878091,0.48445855946301764,0.6333221225341029,0.473773992503235,0.4364387984284381,0.3923783219871506,0.5527035712293384,0.4720259049142064,0.5338824854023585,0.4813424184093933,0.5303561089339902,0.43489683517223515,0.5516653878627004,0.5051665969782902,0.6384225559668393,0.7219005679509105,0.6712539782156617,0.6743899770742326,0.28871054252302175,0.5811347371492924,0.5133695299970339,0.5804978734718074,0.687992800900042,0.5340304314958914,0.5702684859855541,0.4662835835371423,0.5396517015991981,0.4718515395634292,0.36021869559406194,0.5837106873458133,0.36246064448064386,0.4531897055044627,0.51185148962569,0.6177662139036987,0.4083135943011988,0.47708043820585494,0.483609403963253,0.4815383349919297,0.84772646547281,0.49509287668648444,0.5136562525585475,0.44412179161131876
0.2806425487101627,0.6058638981146592,0.6175174150930599,0.23889360049536823,0.626506745731515,0.40755915109284113,0.36506817731517016,0.48029372027901607,0.563051621174828,0.47062798552242896,0.6573571423922676,0.48179100103245515,0.44740909187435784,0.38266026222950744,0.545833888075739,0.48332374844376713,0.522577473212599,0.48079508620638756,0.541660812897873,0.43077028248891325,0.5336328834904325,0.5138031860633756,0.6303787493966653,0.7327842573559541,0.6541769715839807,0.68651413327546,0.24775244902315896,0.5879744577160307,0.5254332335454717,0.5851014556605595,0.6861247310523353,0.526789813943846,0.5350239733421779,0.46365951309844344,0.5496752301634271,0.467408625848426,0.36436316479025765,0.5945941296591306,0.36861919326417647,0.4585533350351117,0.5348260389454764,0.626651139369912,0.4093739846751229,0.4546044627158702,0.4973466342389823,0.48994262790841137,0.8463985102453945,0.5075398850276207,0.4948200885457395,0.41804361681898894
0.21699291520252662,0.44093716537841116,0.7320054421137974,0.21392421671993203,0.7078133800591813,0.5432076194395389,0.2530290187935361,0.46163752465075,0.4441649383597831,0.546627195642781,0.4862167720501707,0.4645097841611095,0.4570993485976157,0.4108532134150443,0.6565408078358269,0.3689962731049452,0.5926656172559893,0.5153868434370085,0.5290668118518339,0.4499544075667684,0.5999066864978916,0.476255393346123,0.6561898273700085,0.6528324496896184,0.7437605859672825,0.6380359385658133,0.48503087369797865,0.4934175879645469,0.4176984464162349,0.5861782338059647,0.7029979035440629,0.5706197796625799,0.6851227011581911,0.4815647294602127,0.49680514940306275,0.4592586322226533,0.3884103681856724,0.5185807312455464,0.4013856575408683,0.4341582667319246,0.39669308528892244,0.5993518077988456,0.47531293547323084,0.5267977689959853,0.4554953836625066,0.38599252442342513,0.8128902129213779,0.4587830742102029,0.6039584878578692,0.5606659663351358
0.28780868900984236,0.628766991310888,0.7640470528222257,0.5056190384182269,0.331046367506562,0.36549064431122746,0.9108912637372729,0.45962774698706266,0.5172166552448493,0.5174463002188601,0.5687759582748347,0.8982661188916891,0.48320605122666416,0.5700876095358095,0.5022663135406091,0.8009857272651637,0.5377647535624298,0.7086934877697332,0.853984883026271,0.8944436758662314,0.9126318728485268,0.5746361155348971,0.7100583085098581,0.25109545067345473,0.4941116531985099,0.4048753679092318,0.600024480382255,0.20384911509301443,0.6811280610480409,0.30677899107851553,0.7228927269185826,0.4921880531987238,0.5075031329087207,0.6733098423531683,0.48087225238122727,0.6087466333468723,0.0,0.49817712156303035,1.0,0.6412955172267657,0.665079892922855,0.39203832648277614,0.6685775323428618,0.2323438134854277,0.9845092197910036,0.4985280629228952,0.9603388020992774,0.5502743822850641,0.8555067328259705,0.2579484616778632
0.28667562183540957,0.5751720384529189,0.5455518219552177,0.42843250501839303,0.32793530626362716,0.703506528902255,0.5634782327473444,0.6374847599488415,0.7209585689930293,0.48549781819292553,0.5014584494501177,0.45015835849448227,0.5148925623940337,0.30824196215781663,0.5299364854257995,0.6115771507674022,0.5786392435069784,0.4328320403375233,0.4740371931098714,0.31240506189908235,0.46101547267756815,0.5561683490061611,0.5415789109708397,0.4497366546580441,0.619397571479992,0.22036741585429592,0.41215280245510044,0.5450158695645941,0.73423127457554,0.3229650334907865,0.6425202425704348,0.5235438829158424,0.46640269291183567,0.575448921877,0.27803116987358245,0.37903925727096366,0.4004638464925106,0.5200714546504709,0.8089603552402762,0.5715553113189153,0.5101087650040361,0.3443792173405852,0.6142804290761639,0.323734195140013,0.5747855019118014,0.5751031929460997,0.5672995009170467,0.5149961939125856,0.46429606993195294,0.5521552648278859
0.29681334713912455,0.6711311516530497,0.4992512544094152,0.4401178121197974,0.3540373448298328,0.565886312762072,0.7479801346713504,0.6072314462717022,0.5487908033670653,0.5281918085377579,0.5775128797262743,0.5122427179854274,0.5189205624814843,0.27136915365949205,0.5539751256664488,0.567730818284457,0.7564996326972383,0.5556115977271278,0.6035751805661284,0.5460945778945631,0.5029734043207632,0.43057175978702444,0.5084299970879764,0.39999520463821797,0.5613543925735383,0.4092275672624872,0.5274407857328616,0.5120923641583478,0.6018332427340733,0.5256975135277215,0.5514170217313328,0.4455210522479319,0.5857646373870534,0.6008135394839327,0.48716496273533777,0.43161501176832573,0.4503334459348839,0.4522644254523269,0.7639540962912686,0.5281410663916587,0.4091174369925054,0.4055811443521995,0.588856032179274,0.27356129558322373,0.606369840891315,0.7019039121778853,0.5926394060745964,0.27287524640921723,0.5962016132923996,0.46151638067845113
0.33055831497652366,0.7094983035015962,0.5325745558344307,0.4297015931575211,0.19378074771803658,0.5267939128791944,0.4364593264549042,0.5397641736649403,0.5403359710988593,0.3537580935159521,0.4900267561903398,0.48204802540689484,0.4771466510244974,0.28820037024273937,0.36322190576203045,0.5025396984616258,0.5326844311963418,0.45753581131384274,0.5697962894967622,0.4124445049017166,0.38100748438520615,0.5502475536673663,0.46271350582500365,0.3594090570966136,0.5661572179991204,0.3060716672975682,0.5665986893173489,0.41069091273846225,0.5486058188824472,0.37928906596990897,0.5083593022712212,0.4663700114704741,0.4717275423065702,0.5473048080242234,0.41096643127374166,0.663256178561604,0.2828884951639284,0.4461369285620005,0.6181025108948381,0.5412768925874331,0.4025332590639696,0.48347483892443294,0.5683408466182855,0.2488094724638084,0.6361206903072721,0.5387420552369585,0.610841776930934,0.3884262611609446,0.4757068219574107,0.5114633019766577
0.3798028788836727,0.8513029509751566,0.44938893812967545,0.34921886147788833,0.0,0.4367228607821799,0.15710496229642681,0.40559104759118564,0.31617315690508246,0.18398213772772753,0.5252472609435155,0.3407701042435263,0.43980704878535126,0.1344736326918751,0.13878730963224511,0.2637246789693984,0.5262396395275135,0.3955186614097285,0.5001703369301094,0.3063951111600054,0.05870549402719038,0.49662374625901373,0.28881551624968865,0.20328281164290568,0.4945889193862222,0.3423239201930333,0.728871005611955,0.3996901970635742,0.23440914696443152,0.501201462610659,0.21826367720115333,0.4795995016276458,0.4376030620312024,0.49878508690924267,0.515092136293108,1.0,0.319452792604351,0.33219099767786875,0.220519921237914,0.4958376043809116,0.20453107279602065,0.6290485268990033,0.5247393163883477,0.1827065856895166,0.5269194967725886,0.5162124442300152,0.5830096173347675,0.17363446282768694,0.27429665203654874,0.5156708546334731
0.27262704529437004,0.5698215849703451,0.4880718459200553,0.37900859488185934,0.37408683857693914,0.7554124698910802,0.661346443009103,0.6313090914868607,0.665283710757903,0.5593598196140417,0.5960801287080179,0.37517921891810807,0.536273112318874,0.21577954235464983,0.5919892852936897,0.5616927647914254,0.7418668080414808,0.451620062922702,0.4058244375085476,0.29188556367732943,0.38376408340982476,0.4464624472802897,0.5062378779315353,0.4033106317658815,0.5890434001157283,0.2672376245482633,0.4186074852464337,0.666072657597567,0.6535150912825961,0.4663171246106993,0.5486286862266558,0.5579447760884207,0.511049869978873,0.5993167330512119,0.328291022520257,0.3112409624772164,0.5824054087640524,0.48699213450281137,0.7457043223098376,0.555497831853536,0.45098825613360377,0.31348134794575794,0.6302521954447932,0.33376346850860433,0.46328020723246605,0.6787836864975778,0.5359271082296592,0.370697785343313,0.40953560324543065,0.5290472704002491
0.2965095591022746,0.6102188537193438,0.5070567457819652,0.3595709684129126,0.2596776934747087,0.7084196511096228,0.4740358223449962,0.559602970979603,0.6133419520721495,0.4457877013019529,0.5660671126741508,0.35890402354287293,0.5072798548471424,0.21282353131077325,0.4556422368987104,0.5002478368926795,0.623014554474593,0.4042854198423493,0.3893346516645892,0.23016990710212676,0.2897659315104371,0.49993711001098995,0.4652029290907501,0.337306457358866,0.5701759050133487,0.22406600451791808,0.47394232008014897,0.5986316022306901,0.5689798048207433,0.4080203291938916,0.4798366135168741,0.5790500989379161,0.443595487355483,0.5715969616352308,0.3112043349497766,0.49830712523772974,0.48331850592063286,0.46428756018298534,0.6131964234426204,0.5623002027845726,0.42829711794266184,0.3748695629698446,0.6204746559390495,0.30704782899646,0.4792818571578903,0.5836417891279423,0.5680700620135065,0.4015915555309094,0.32699496193340116,0.5363528462856118
0.3254357361284323,0.6985837452897784,0.5304044166380454,0.4074333494205736,0.1960733395770478,0.5478277984118906,0.44668034376033056,0.5222371451461956,0.5260461141560351,0.3676712424482316,0.5202375087881731,0.4626354328276049,0.48059007191534653,0.2683383556652727,0.368470685119723,0.4914982959580671,0.5584436595527593,0.4556707666744811,0.5373644328975231,0.3903074250432448,0.3545492983189276,0.5301240634517641,0.45769578406659245,0.3263684810640892,0.552376381551068,0.300269055989991,0.567868978458249,0.4421130790483332,0.5211355667644174,0.4007429492642489,0.47786452399633383,0.4964926461927198,0.46519216847851236,0.5563184531212746,0.4075595704013757,0.6608062309499818,0.3198919812155147,0.4387522295902121,0.5923366966440778,0.5467559492335425,0.4000572319059638,0.4692809707795327,0.5822342463927822,0.25318784003198064,0.6070779045570786,0.5470698351603828,0.620458815004922,0.37120475518469254,0.4413977470486633,0.49954188072941136
0.19263448937910363,0.3354816830524265,0.6414688135311664,0.1596861687021429,0.4097896597866286,1.0,0.8046307078664886,0.394368530176039,0.6285122572667766,0.7228021535642304,0.8926035608753577,0.3336113973666324,0.562954356539942,0.18683951704282895,0.6546778194753388,0.6228848243914237,0.825173718621098,0.4449749361220844,0.08820281987539061,0.08838637118551225,0.31799694809564705,0.37062691462000547,0.6031386744230124,0.0,0.4420631442905936,0.07558802530129737,0.3700022636673669,0.8988714182287,0.5117270434375097,0.45988202953500307,0.38883734004141896,0.9793757871301063,0.32854717743573936,0.7355679478000259,0.13863770690274171,0.2776708445677548,0.7488802825759971,0.4865228652708589,0.6664448349991364,0.7122750518057834,0.6510876605346131,0.07583410138746699,0.8572433340638375,0.4069012174793887,0.317406170359696,0.5998214261689642,0.8259399143385955,0.4978988276519881,0.09780592138376688,0.33985242787006986
0.30505382580381,0.6572749958892727,0.5171267421935007,0.45911853365552524,0.3163371065771059,0.5885378988071118,0.6149175203426162,0.6315607237509099,0.6265932644632448,0.4681064682447945,0.5003131197811836,0.4985627997434159,0.5074421550897034,0.3034000595989451,0.5092187242282431,0.579958784097397,0.631275927124792,0.49414819832748924,0.5841861841978936,0.4584949268344285,0.4892350358083543,0.5152796478894596,0.5136563461163994,0.4541832625815223,0.6009387738857315,0.33203270863748113,0.48941565964796363,0.4775633305077293,0.6710320711989737,0.40941667656745195,0.6088410762617479,0.43969527918871976,0.5342963168455721,0.5704471505695531,0.40435338733867676,0.44926372363288825,0.37240801745379404,0.48307058337917663,0.780853065331358,0.5363915571186082,0.44053974599314405,0.4137674704275621,0.5760034441258967,0.28321638593460696,0.6250475857917394,0.6251885616402636,0.5658698963927493,0.3916291932448621,0.5637793587014475,0.521332865099344
0.28192706915472265,0.5848890787997775,0.5861009351914825,0.3817772180593718,0.3047338266988281,0.6498838943380235,0.6403623910301015,0.5252971220841212,0.5952831772945659,0.5026254409709137,0.6002074203200087,0.5015202077773611,0.5091394072331599,0.3058594368868479,0.501020659045075,0.5983582642247387,0.6312353848579968,0.49366310808753067,0.4861199031650368,0.39938047148438816,0.4679081591053609,0.5024766737336976,0.5476757503043326,0.29005513630928104,0.5401801841739543,0.2622424874300745,0.4915112139122638,0.5289316258021962,0.6028814427998375,0.391442495373728,0.5435960490973463,0.5913471998626882,0.4566111345559218,0.6168179921432453,0.3413311236764654,0.48704596130032224,0.3899133021407248,0.47801547491006025,0.7352671273020803,0.5967382654114699,0.5148263269232503,0.34479255374597606,0.6564996967206144,0.29950610817096385,0.5967420617976862,0.5721881233296433,0.6929854413695578,0.44766376138552005,0.4544870695439353,0.44348465624633865
0.32246990428769917,0.6744654269750556,0.5180626105852362,0.48293341292899766,0.2606897975548673,0.5801415689066569,0.4624495316307398,0.6525823638488955,0.6738335087493849,0.3870484846136722,0.41653301241399127,0.4804578170152207,0.4912598223105311,0.32202143811090594,0.44203804430752835,0.5655825561746637,0.5120372174154557,0.43652978683427857,0.5846050566388138,0.38924239184893883,0.45444972212316004,0.5912167257760188,0.4969808029836743,0.5100877449750622,0.6370247439910255,0.2805603938572587,0.47695421527074877,0.42629485444038534,0.7100239204777041,0.3170962048757086,0.6425075358978267,0.4088832939077343,0.496496724684946,0.530915818862053,0.3547542827482733,0.5040966524280702,0.29022020261997167,0.4991201649193838,0.7635765623309742,0.5303088574404653,0.4383829918153406,0.4513277442374227,0.5464787735821319,0.2794908121192064,0.6453785421377305,0.5577745610327125,0.525820287844948,0.4695004406903635,0.5389859157584596,0.5837276933577111
0.30908899269593854,0.768759621458573,0.2985876415209636,0.5309665545133715,0.48731715121902824,0.5503969974317905,0.9017324956364623,0.8323393750377086,0.5783925074133615,0.6090210941815032,0.5187572456142385,0.42113778865929574,0.5560178007331784,0.1605623183986318,0.7115031281491484,0.509410198341396,1.0,0.5944497476144366,0.6996617342787856,0.6440519433069869,0.49480544487902745,0.3042932312009402,0.42778694346098384,0.6807800825806709,0.6495553653071585,0.6008528242844963,0.49453961357614656,0.6003802915593318,0.6824589683179854,0.7451190407436503,0.599923268771593,0.20540154645096825,0.8066164149971149,0.5573821353313007,0.6556350204700438,0.18174193040368278,0.6833343245415013,0.4385076984339535,0.8427631816638151,0.39875066506428103,0.22222233096847666,0.45817188405979387,0.4683105959063961,0.27327320492356766,0.5140955767646865,0.9621012221845406,0.3054195425412621,0.0,0.7626223627781992,0.5783634298453024
0.30656409409621094,0.6306227670170266,0.542283044141265,0.4172393000417438,0.2543629526508859,0.6357736231807797,0.47808180670515027,0.5812496649865798,0.638384632888538,0.41658441805326757,0.5003492923081139,0.4496895288485113,0.49596677637763087,0.2918094291018948,0.4406803136285418,0.5527360816052342,0.5456522240889514,0.43017340307121044,0.4940903767349629,0.32688630521134987,0.39986355285640457,0.5581165417572498,0.5004600972270425,0.3925885306572795,0.5916772325833605,0.24112440719381714,0.4813360611573813,0.4926639101175466,0.6378553873806907,0.33964894735082973,0.56705583049576,0.5160205680119478,0.4523547234546565,0.5613681193639193,0.32271773902580103,0.5228731621979759,0.3502799585236387,0.485066238166339,0.6997663923958485,0.5627085246192478,0.46269160449969,0.4048815321289537,0.5989365192644363,0.29181763457109244,0.5892162992805559,0.5451731854583387,0.5908636341968005,0.46724525631529007,0.4381467477459603,0.5362643896236133
0.3048008456121245,0.6361274133118634,0.519675524909738,0.45206335552576604,0.3004907902300231,0.6314696454334797,0.5399684190425885,0.6414160190994433,0.6723729495490808,0.44671022879447586,0.4758510201975906,0.4629827464986212,0.5054062296735794,0.30058793778193427,0.49332545265718847,0.576893596162196,0.5806840305903641,0.4489811375084523,0.5363746294781844,0.3729683019351409,0.452001643699775,0.5490172113566913,0.5105174110236154,0.4705850336843757,0.6191624349133718,0.2760450047476768,0.4584290789499115,0.4940523364830784,0.6984141862556081,0.3570692662288571,0.6218988748977059,0.4600458948959984,0.4991139497396359,0.5574222138496799,0.34486658116999325,0.4421393032200803,0.36938168793563964,0.4983213649560082,0.7726131285501023,0.54374568511829,0.45532947529141155,0.402890715015877,0.5781649831323229,0.29674164914303564,0.6013882233817369,0.5907796121962551,0.5443674607971485,0.44989584667612015,0.5094781751468667,0.5569850700769501
0.3008732899083988,0.6397135827629057,0.6234744909791913,0.43899047849104866,0.27361240286897576,0.5222681195223284,0.6454500749637591,0.5141048767726277,0.5603114742847966,0.45266191793822713,0.5457951865042714,0.6164349560376658,0.48965541928795786,0.3842584648694191,0.4526997435604742,0.6301255105675873,0.5596768894364612,0.5431210240686088,0.6276618399188403,0.5505359508295967,0.5760596725389991,0.5477271011451292,0.569653200689607,0.308844092471613,0.5390849035627835,0.31576440493734953,0.546425809461262,0.38581336659393917,0.6164832134399034,0.35205775882204016,0.5935974391682158,0.5159678799770228,0.4747039327649038,0.6079404087615896,0.40174329050389246,0.5830214787653355,0.22759180930874606,0.47645890990730233,0.7809985366472226,0.5916823491445646,0.5253950277181553,0.40702529210109223,0.6285054905685642,0.26259708777330426,0.7315445667657081,0.5332711207355095,0.7436069975109539,0.46856227955632923,0.5849563355633977,0.41514855757233493
0.34661117847374473,0.6397119605896943,0.43954500296807747,0.5582667479598655,0.21525892507292002,0.7517838037806117,0.04477306751687426,0.8752031063012873,1.0,0.24421198563686222,0.14025345444543338,0.28532963901408454,0.48379808502893396,0.313128758776216,0.39667521456991794,0.5468275687943274,0.24097686297002932,0.1906957033971298,0.45556103579320667,0.0,0.3063894056779697,0.7972074780528902,0.4489817847236497,0.8510654889529492,0.8325753746452629,0.0623944715168866,0.279229081785288,0.45887908654084025,0.9931058449955626,0.04409507913005047,0.8362150187489013,0.3101618607254941,0.41577722752189644,0.39934997974786035,0.09916129217403101,0.36283262733285176,0.26002100382379534,0.6036434446365988,0.8246300977148615,0.4903505682520813,0.4355351304665263,0.4671474547113611,0.4511313490228238,0.34192689786232,0.5549793113642199,0.45023267142626827,0.22407056891987367,0.7332296043285488,0.40645648160752945,0.8936374620780471
0.30371635644824097,0.6320425940684481,0.45752784676127156,0.4210207362241149,0.3018238833140824,0.7058004693671156,0.4821898610018857,0.6688380046731232,0.6871987513844593,0.450212667480552,0.4874835021463336,0.3489942362421473,0.515115024802473,0.2180923470619745,0.5031306148477477,0.5149159571280477,0.6295802328824829,0.3964849950485333,0.44192964380326705,0.2487589866001926,0.327795247118795,0.5150946878118947,0.4594701383414289,0.4912942702163139,0.6329580141499428,0.2541046297846219,0.43140308864137084,0.5905411057573238,0.6731253839830933,0.40274931007670506,0.5683002814401367,0.4742853769699803,0.5012445168222359,0.5414124777832673,0.3235636645123443,0.39669315747342054,0.49555894034663267,0.4885423138839836,0.6994408194350661,0.5232119819556544,0.3993736429504232,0.39368318617316184,0.5686706750439661,0.31371797471979396,0.48759082271996984,0.6312734283858837,0.4568925282375415,0.3952160981763093,0.40964627450528823,0.609716891288406
0.32096020598492075,0.690926938049131,0.5519727061283682,0.45486447448415596,0.2423111085261622,0.5197134999689866,0.5322661586451725,0.5654169584609611,0.568343561479684,0.3979108619587986,0.4889500419974524,0.5365062276383504,0.4851876689944735,0.3287161340878335,0.4175492402296517,0.5592298005428146,0.5520243547603632,0.4944370985170892,0.6158823113807718,0.4836957840694622,0.47646242482950574,0.550246752120684,0.5041956835158921,0.3893033296266264,0.5744430356288974,0.3264224443725644,0.5473360649312006,0.3966780745462954,0.6081380050875558,0.3727672174767725,0.5710595891203896,0.4488136510791944,0.4965023142472602,0.5630849315262191,0.41804896053955426,0.5967169439249593,0.26585687185784207,0.4648542997036979,0.7138901313292384,0.5475209607138032,0.44054224196075775,0.45996353769397286,0.5749188399859254,0.25525025749621805,0.6795588398133056,0.5568897197813722,0.6289282400633548,0.4117526186201278,0.5535508023460721,0.4935001632109272
0.2929113795297321,0.5899386900858823,0.5822999794294412,0.39729597571883535,0.26867004016582263,0.6605401670886561,0.5223269902725044,0.549504227733961,0.6442079542738005,0.44679932249494836,0.5363220285019556,0.4750727259640146,0.49944844811379413,0.3142473438671479,0.45852942832237686,0.5878092282639142,0.5442594945149397,0.44201496054849,0.47185676023743495,0.3273990000040051,0.4337394984187536,0.5595906238181008,0.5346321165456979,0.34045919652726875,0.5726843398251522,0.21433470793355752,0.47029101567766274,0.5052675315899127,0.6417710639015282,0.31939583506096203,0.5727506706222598,0.572392538067651,0.42629053419941465,0.5860401071972308,0.2922553771981313,0.5099027180700428,0.34340878053370866,0.4940505847656623,0.7258405042210693,0.5921315686024857,0.5146549037330661,0.36518862278604436,0.635406774772263,0.3025278844133201,0.5987739484566732,0.5245186115461506,0.6515669210394947,0.5117543969613654,0.4246775906277841,0.4994615497753192
0.3611945614927819,0.6729270794955811,0.65565310018789,0.31078175270753167,0.8302213418415135,0.27338742924677295,0.5711876678267729,0.0,0.38742722895490783,0.552049105415228,0.5548290095377281,0.22907305921797572,0.5840865231713931,0.8284835906113177,0.7532644875090425,0.3830644384547305,0.32855572461596616,0.8621105665142078,0.4255485983499058,0.2296971651669258,0.04784708777276316,0.41848305970416516,0.4548099453102976,0.2839077162554121,0.6432432616035614,0.6963609438462315,0.6061520293158695,0.9868295580593216,0.8641702955224629,0.18961795952828944,0.32281931326288227,0.23014771340446,0.8025962396288767,0.6083805817810952,0.7471886864283367,0.6694029338371221,0.2539880563408385,0.752556363690962,0.7402186780523701,0.550175105198389,0.22068371757405972,0.22946336321135094,0.35602714093902094,0.8296590629181972,1.0,0.8305482239356539,0.2904770075493286,0.764492241028351,0.5341226288018003,0.4324088881921363
0.2952242570390372,0.5543652076453685,0.33871618991975505,0.5990212313860858,0.5147500996519045,0.43646317375563065,0.4109717672752798,0.2922974695399344,0.3626194420393236,0.5443810557075766,0.5044234913871561,0.2698865860444588,0.46429125832592755,0.466198753245723,0.4597118119345629,0.46846013673909154,0.33818755557402164,0.5161587395501804,0.30472562383191676,0.4409991142456252,0.5212625492643368,0.4899344577314813,0.5402261933466163,0.5331906038654719,0.33368022699771716,0.4997587152486469,0.4427220378422635,0.5632962959220646,0.4503522223822216,0.5609309339787184,0.4154919465201841,0.5588518310793243,0.7242632416907548,0.3590209833746472,0.48997712465611265,0.4161917641410167,0.4587295608397073,0.5139851287985957,0.578158425469804,0.6869611776824567,0.34861519086826787,0.5441655284866111,0.45305661425550176,0.37042113355722195,0.7304703026188707,0.43106393400998044,0.3531745325050027,0.5459090961175952,0.38781623846188873,0.36309310156128494
0.3064598995849492,0.5788993258454764,0.3316860595505158,0.5732113537147676,0.5229226886496302,0.4325535520866365,0.44432483156909863,0.24130957981555817,0.3656901349516706,0.543677243257957,0.44103937681888494,0.24885958191893393,0.4334471711831127,0.4866613542551821,0.47560586629776086,0.44193920628991556,0.34007378482162665,0.5327238268117713,0.32506615153996304,0.39464799471739864,0.4861770494706116,0.4802421772906583,0.5208366154356723,0.5000461724621055,0.3571573638361537,0.4961511952583272,0.49134571686290884,0.6099157347437854,0.4929208967816223,0.5316954652816075,0.42101125963333125,0.5402938316163309,0.6913551843673635,0.3627880159272726,0.5316590459678767,0.3982716550789095,0.4188595836813319,0.5188126468702071,0.5693881549893597,0.6908970135194755,0.3365356015813507,0.519841418764664,0.4440563563227437,0.3800316902653051,0.7263693574072986,0.42725270433217866,0.37183919598951276,0.5673468774765048,0.40904982080798324,0.37206919890879
0.3238641388038995,0.616516971212432,0.2953089362664104,0.5924443530088724,0.5190996002022021,0.40518649128561085,0.4513472546776853,0.2926169390290987,0.3549089932624291,0.5385557683880943,0.46667958528764697,0.2750817173448121,0.43888626017114907,0.5020018017884551,0.49848570501029954,0.43927339972411883,0.3226827823411399,0.5666651609195693,0.2673465751364877,0.3342405852937043,0.5450939490754138,0.47195458386704453,0.5657954551940491,0.46857097894224053,0.36077514577837977,0.5712349559620712,0.5203197604930639,0.615643046927187,0.5351439433550472,0.5546761982059206,0.4959020437299166,0.5890130041668272,0.6567442684052598,0.3905893504997934,0.47641410466668255,0.4312538883544032,0.4504832797298571,0.48965879600610396,0.586198612040483,0.6689610210023846,0.33754473403870433,0.5411513437119149,0.4572061439584202,0.38390876431735854,0.7555979559919044,0.40426287522885446,0.3653252302803765,0.5281727215931388,0.44498887900044753,0.39369544713137083
0.4312202664974918,0.9856115643565876,0.1426978403541725,0.9356769659019419,0.621420782822425,0.1691033966097026,0.4678328380196839,0.36807321721247627,0.3463772898403667,0.8063315992924591,0.6295224249083194,0.0,0.5461074808260454,0.3352692464339275,0.26979526804318643,0.6393962389205267,0.23744866004999216,0.6490071184776167,0.05591939686783736,0.45217667856774413,0.8861041863778228,0.7322948885020861,0.7257086115834405,0.5893990353907336,0.40019745234645127,0.7969758107614335,0.7995685501009626,0.707207636949325,0.45860109815255545,0.6521593025713526,1.0,0.9514966745607829,0.5980578715163493,0.434786604706191,0.2861872897467603,0.403605795778217,0.7485499777063445,0.26717892408922916,0.7388416696325317,0.3149402638620816,0.18180647733361016,0.4694467395372081,0.7499234513878412,0.3245905328922631,0.9076822816262219,0.2049577543355356,0.4995736256271225,0.5922705026730618,0.4729132966048379,0.4189233000229184
0.2674399054577747,0.44166615040546603,0.3976494658530102,0.4899124743266371,0.49579002442037445,0.4852763001255177,0.3935030387409146,0.3360920733814116,0.35488761192970314,0.4431246388692244,0.5373583048488321,0.41227079695492974,0.47259199966718,0.5557995147568617,0.5770483084056177,0.41118483900897124,0.3501538787924895,0.5345746205543569,0.31885832728905905,0.36719287298302516,0.44188136459224087,0.3898369332241578,0.5353464602482982,0.46870367995358486,0.3288218844696157,0.510396454759508,0.3348948747086422,0.5291066109865014,0.5150972928314214,0.5406458848474308,0.28735150671495646,0.45933079457517434,0.7535881414998868,0.3891614771421833,0.4903832485217841,0.4995604249048584,0.3998778631040607,0.5858732001405674,0.5625054457931089,0.7786560859817931,0.4063304417866942,0.5846509796352093,0.35816680630782466,0.4301251400025616,0.732334017411979,0.5243541731476085,0.2732718755618849,0.4850651582325476,0.404200081192182,0.3718861195078208
0.28213962720927954,0.49578613908830127,0.28490607620182157,0.6019454714598498,0.44213394171578674,0.4686540176574139,0.3739751440183321,0.4334649067838633,0.3414498846948827,0.47151897823299643,0.5536860993979706,0.40087690458030956,0.4592175517094217,0.47473547890842605,0.5069797675512808,0.44706237210497046,0.3291417606420033,0.5010923926910565,0.22922132699958195,0.37305513692198927,0.618985490841416,0.4296447292121154,0.6020677592665362,0.5063621484361098,0.2768282739084434,0.5518850714250625,0.36680023416839214,0.46612217002017275,0.4585530250034162,0.640899485797754,0.42563391126414807,0.6049800262374416,0.6984087638222544,0.36393488554190834,0.38111030308525623,0.4639755154008826,0.4951269213113425,0.48810372177762135,0.5586642665153864,0.7471513326288834,0.4115488378821518,0.651537592801595,0.4230457654903423,0.33209984213468463,0.7160546588384458,0.3989297576663672,0.3021592448427394,0.42363168504348697,0.40759719288927715,0.3781342259068291
0.31097510367327447,0.5763011581873078,0.45954637941199267,0.5379151373977843,0.6242848292974731,0.3624903449513212,0.4180066330405691,0.3014703047830333,0.3600270671999558,0.5419055052038566,0.6588426238282468,0.3136199488425415,0.5733433306380541,0.5878613620506339,0.5676741180659576,0.47907274520159665,0.32046318810045504,0.6473331834330037,0.2808279200385081,0.40082389414474123,0.4280191524564696,0.4700975118894554,0.5691242435541781,0.47156564736651774,0.41772333207453566,0.6329287288905467,0.43319978341976983,0.6510125393688371,0.5678564429670285,0.47809390471803004,0.4095630662334025,0.48662817450898677,0.7962752241146938,0.47133175072929745,0.48294411146393557,0.5752229479951086,0.46687108319848947,0.5861808203027589,0.6697748980834135,0.6140918561166653,0.32185741763572895,0.47636519901783925,0.435075578291223,0.5431371709778681,0.8653084997658378,0.588921657303636,0.2864122269365385,0.5683113672880443,0.4307460216361065,0.3883208894019437
0.2880101537790486,0.46445455320308926,0.09513871781833089,0.44116746786982597,0.2702428737611828,0.6248583661617477,0.5215375359824084,0.22361591550002433,0.34764026736005627,0.34204973368004604,0.0,0.404092294191094,0.11797467826320562,0.49330425786172744,0.5633073632592014,0.2132766695473393,0.3769994324655799,0.4012037070523275,0.3706033585012299,0.07361132321803848,0.520155087031885,0.28216705291978533,0.46285171609267123,0.3399639564670409,0.25228880519165087,0.3498243708694868,0.5211030151314757,0.5230928428818895,0.5837902757382445,0.6131625156049715,0.3386627605725921,0.5280498017456641,0.41829370671392013,0.24019053217998151,0.5913219058149671,0.21261002384323952,0.2080799890981733,0.4658285090613418,0.3408918223300022,1.0,0.4665087758573662,0.6998305683969188,0.29255276083564563,0.16104541201914072,0.47614864737270046,0.2116822575985777,0.41412318133454473,0.404684540293831,0.4841051656284984,0.40353260432742133
0.29568847168638207,0.5755940524540404,0.41044667461319045,0.6371926908214138,0.5832539080310802,0.3881191318406314,0.38228508858011,0.3002865817346081,0.3684087970683072,0.6002385179005065,0.6348550673553452,0.228367708085944,0.5564633648257091,0.45888970983483107,0.4300709283457974,0.5366079643100468,0.3300377547374458,0.5448116238820369,0.2960816916015124,0.5460297889250498,0.510292356797072,0.5469586472305645,0.5538757793642024,0.5875113583484879,0.3575958300108636,0.5308027131819104,0.42078107851842744,0.5773785945054956,0.4118757024682196,0.5408745957266919,0.42643751521555795,0.5587227696604883,0.8106060252532394,0.3885420153967096,0.47295932987557215,0.46683171589342637,0.5199036345810001,0.531953002440651,0.6404900182202158,0.6044257275239329,0.3152676451669765,0.49656172697746004,0.4942721316918893,0.4287548055924173,0.796332508349898,0.4947915438865733,0.33839624435966004,0.591566985291291,0.3583539418668321,0.3498612671206615
0.2792764171924427,0.4478779072703756,0.32513861979763964,0.48757088237771534,0.44639774105738805,0.48762018271403673,0.4002146651587063,0.42484636820519195,0.3358009880501699,0.3906712361288467,0.5304450330609052,0.49895370459090016,0.443428132907373,0.5830833517856194,0.6323447101990275,0.37341369785644807,0.3342050774835351,0.5557422229095856,0.24537585681000318,0.24427963722837673,0.5245263307064546,0.3371111007544043,0.5912924694701728,0.40502386235355714,0.308539121703513,0.5889763251794067,0.3441840248426549,0.501856975030389,0.5789617569880237,0.5903716614893986,0.35155156653536235,0.5127695180463442,0.682435794352398,0.4099048398278765,0.41277247736908773,0.532964362817747,0.41410463432011657,0.5486993542853916,0.5502153519323009,0.8096444289522582,0.44040852233443023,0.6546393827987761,0.34112913806557976,0.40720423293185026,0.7339286135376933,0.4765583866913844,0.25276062865810645,0.3923511348756815,0.45767894127510955,0.40314080245463946
0.31235651154902944,0.5881114019638076,0.36485258833433915,0.5252322371781067,0.5529306015096662,0.42743628369479897,0.47478361043636214,0.17297363635032173,0.3725044629189776,0.5418597653658649,0.3988702332378634,0.22964178848764596,0.4221548376727286,0.5259441303522812,0.5054123680829066,0.4176205151650282,0.3461601658224211,0.5602360707370345,0.36497837085629764,0.36505663340331185,0.40715579476698865,0.4676943257521244,0.48842511598108673,0.4673458891945301,0.39448952132248777,0.48686419379992024,0.5218130339254176,0.6688340715083229,0.5409997979682247,0.47710593402519746,0.3902545132307847,0.4851461141975683,0.6883677643147813,0.37710707269825766,0.5942029009327079,0.3996650225991191,0.3665961568352251,0.5515723996912132,0.5708605307965855,0.6925548566391696,0.32080623534232644,0.47530805672123205,0.42367936730196976,0.42247628152218003,0.735936184565673,0.4659734099805875,0.37780175677064515,0.6073179749141646,0.4233419743356789,0.37681485541106324
0.1711829365589989,0.3228905703360408,0.5228026851807838,0.6291710536423437,0.5074808491889241,0.6026612321059323,0.29016166439846475,0.069528328305186,0.4284217181357898,0.6459403090500742,0.4529984619846975,0.055638082493254123,0.4817975759582375,0.23176229602275594,0.17401727157252384,0.5897083463338589,0.43896425964464164,0.21932421121474946,0.612313884008693,1.0,0.3117638691850046,0.6376540739681018,0.3036552787485527,0.8734218146517756,0.23568007757639994,0.0,0.20669737732264298,0.41054475937378354,0.005988389105156298,0.522148830561404,0.013800301257613355,0.37985417674580285,0.9939995027029138,0.13035485549086953,0.7321349828776215,0.16619200664270614,0.39948938883143714,0.6232196709581214,0.485994473080364,0.769948809992827,0.3410188369160907,0.45995316499528804,0.4596997201000263,0.24570466985917408,0.5271858603593533,0.49183515616837215,0.41254613514503036,0.773358114049009,0.08591743633491565,0.19211503685012132
0.289451059178896,0.525140981029116,0.2751629400278078,0.6252999213535609,0.45125318305338635,0.45552458537811835,0.3809628880653539,0.41389852413267403,0.3445264277876158,0.49849283435697156,0.5421813041812268,0.3607753426052721,0.4571907983669212,0.4550639298897118,0.47862598302957193,0.4604996736965022,0.3270210448983402,0.49865570008964544,0.23108684854934436,0.3923704890127325,0.6296515869301677,0.4553286968112167,0.5990028115788827,0.521381621939456,0.2821621320005747,0.5466154917766365,0.39663707181446994,0.4810275167876066,0.4449863355711019,0.6396331289396682,0.4537228810048507,0.6237308586956153,0.6928023900936927,0.35730398989500833,0.3886349800356279,0.442457615267243,0.5050757444992491,0.4739473631362088,0.563358536120225,0.722960069634764,0.39449216946417287,0.6352189469863505,0.44575638039642584,0.32179831228246847,0.7167645035417405,0.38038829132447016,0.3233611024061382,0.44520255668078446,0.40338741975309167,0.37555226825777255
0.3035254434352172,0.5494277064351022,0.36264701609529115,0.5383881354785605,0.5323240765738734,0.42393315077329996,0.4296155838736586,0.30708269714407277,0.3552850311990626,0.5011433631709313,0.5230852881731274,0.3353165731190358,0.47346493119137223,0.5462635363535792,0.5490462878595296,0.4305790863137326,0.33132393078556927,0.5776729086031793,0.287555641498124,0.34399439233357476,0.48098639149983,0.4365072048950342,0.5558981271483179,0.458791098441639,0.36490911061974424,0.5679218781895785,0.44354566624051134,0.5990328462260736,0.5474845096063389,0.5305626647545308,0.40687970509002336,0.5196581036550397,0.7119186036750322,0.41028813376051515,0.4851627800339023,0.4871462177323317,0.4295949290529733,0.5442519675950463,0.5939158181209503,0.6990779720094648,0.35897217326535263,0.5427194541114242,0.4137254323092336,0.4363935714084243,0.771142821464125,0.4848776458327759,0.3164762306909022,0.5191188392587532,0.4347062510912207,0.3884481966614295
0.2954889202510388,0.5675443186101587,0.2422180510950487,0.638316546955176,0.4454478932078354,0.47667517193542597,0.4268035292020334,0.2626337071959746,0.36502778668098834,0.5530104875961961,0.36592085108995953,0.22123333992742314,0.3733148267637417,0.38955641783225375,0.3888566999511981,0.45096669679444235,0.34767973617804526,0.4394561948445129,0.32212722887728606,0.4398279726459076,0.5811132857135298,0.5049314558499506,0.5172391355957981,0.5575143840347122,0.29009900908832575,0.4176338703147345,0.4887499566276677,0.5324791247417519,0.39468220974178186,0.6066391342569573,0.44426021625786405,0.6134192234787051,0.6496060535014688,0.28633549463069097,0.5089743947933453,0.29637654659215756,0.4410282393246111,0.45716978186632184,0.5147436804746102,0.7280884787994321,0.35581694916496553,0.5771726106288104,0.47002836625649663,0.253701900873712,0.6406249697577762,0.3103688678442696,0.4142562298501832,0.5411811806748652,0.37429108093480246,0.3533832450243428
0.21471611162852822,0.25477426945606474,0.4288285407795768,0.5286624056864567,0.4225711757349314,0.49764573400243023,0.20766286373018877,0.803531165572712,0.3000276111938486,0.2973370182532174,1.0,0.7877373865704,0.67124904563748,0.6120015702899826,0.7138891821780531,0.4715827522537181,0.31038989266919736,0.5643401107821265,0.0781803721651441,0.36169899391087806,0.6708475619322994,0.28518297068397935,0.7508833417195359,0.47715525038960865,0.20924690588147835,0.7446766153662422,0.0,0.25025587895008805,0.48676062704957906,0.725884592290864,0.2767108616269464,0.5466834977109742,0.8868230534541645,0.48721296682916265,0.12290523876961985,0.8028226790968261,0.6183189610358576,0.5859204884867785,0.6374434619509978,0.8202367537382782,0.5505177236613981,0.8216797600963416,0.31187841957328416,0.47846461843889043,0.8399347825830151,0.6208519155112393,0.04393811707842906,0.18778639772705952,0.40589588040896796,0.39203572763873196
0.2763550942513668,0.5081911750198412,0.4240141002216374,0.5666032208442584,0.55272374617379,0.44298594662449475,0.39046293947113975,0.26429578375272567,0.3717516032125644,0.5472563980235667,0.5596651632752413,0.2693005143008104,0.5103170458011149,0.4844884875161545,0.4677927032321528,0.48578541421609284,0.3501134633619485,0.5180677327639229,0.3495285714108869,0.51132768539773,0.4399027378816522,0.4942734147530803,0.5106167887589557,0.5592601454333287,0.3482196659677418,0.4671293808248403,0.3841618476322971,0.5657993557157008,0.42785566381718576,0.5203337678912986,0.32790908363210297,0.4878514965262959,0.8018185617286105,0.3670019692438029,0.5280551822690938,0.4456751308713983,0.44437554517886985,0.5695965029580832,0.5954842562521123,0.6853780911941465,0.3448990628849453,0.5096057035758871,0.4348182457147828,0.4229853735064001,0.7476911445345804,0.5140712997875099,0.32697505243257025,0.584804024617641,0.3548617353595012,0.34474614570650414
0.279691636115799,0.532441846609073,0.488218685235119,0.5518529341671774,0.6142910552371029,0.421993616642904,0.40875657963288703,0.16536789968741544,0.3879230290806464,0.5939978205331943,0.5490247562588837,0.18736164938304983,0.5305384586407879,0.4895998793635108,0.44470956979217946,0.5041726431462542,0.35893430831843826,0.5332344195591806,0.41075289882925997,0.5730247814991534,0.348872733514182,0.5326537441361265,0.46289417328530913,0.5810488992114459,0.3922089580880619,0.42871948051135844,0.4151850127926191,0.6323582820198528,0.4211528290942353,0.4536007805432605,0.2944995709457225,0.4338000077334442,0.8435077268799731,0.3703842324702809,0.6094982771709342,0.42959442200396497,0.4160497104655585,0.6057122168047889,0.6160359633703405,0.6445063064195407,0.3027510388632777,0.42811966166571325,0.44722985962140643,0.4696550399534391,0.7666545521324731,0.5652840847040771,0.3493392807344771,0.6753594652332024,0.3343809654141488,0.33076113002802227
0.25507399830274513,0.4248901447300536,0.4098324365081065,0.49863310907053826,0.492957034045216,0.5068398571683652,0.3875114518270999,0.2870415455317751,0.3655315716114445,0.46510616910058855,0.5015603781267859,0.36320548249067247,0.45985529030149375,0.5159988708000987,0.5274059722587725,0.42428050492682545,0.36445159853475384,0.4903490460637566,0.3668884637240267,0.4385507503407713,0.41441651051720174,0.4163854060623151,0.49630884816129917,0.5142341554008583,0.3181196752743768,0.4331493070259813,0.3256101842597482,0.5196758982142657,0.4550688803336801,0.5329337684106843,0.24453194272000803,0.44128458009604143,0.7750387895574505,0.35065829436964147,0.5357677328638148,0.4452393636090013,0.384704036920815,0.5926736175801299,0.5438792067753538,0.7875551282140099,0.39859275761346,0.5664479965950847,0.36507737613070756,0.40200605818267765,0.6961662465619476,0.5158791666538518,0.2966244095631056,0.5260581585515737,0.36536313590418823,0.3490128655451394
0.27419899894656957,0.5329290178381005,0.4065909417612745,0.6007713576715203,0.2318971280202737,0.8515422312568146,0.7406651614573219,0.25174608277115607,0.649262236423554,0.7395780364940256,0.11576377795237962,0.5909332231254497,0.3359506783604145,0.24078859126737706,0.5004696240355313,0.0,0.5469258239023292,0.4164566714380115,0.7271680249097933,0.5854042529259827,0.2098944542871527,0.46774579182605625,0.658557726846482,0.6286327333980495,0.42243365895789786,0.6368991377041567,0.3639291319380017,0.6371357900930761,0.2515319842454225,0.9117112537375576,0.8126672597558406,0.23424542398689455,0.3649439579447498,0.3817993103294209,0.06838492820636574,0.9172189082297183,0.6933219130447688,0.45881703645485167,0.21184498620241596,0.2849858685218035,0.9116960230628596,0.035235640823355244,0.21786026415097193,0.7650378472587559,1.0,0.3552087401191806,0.34002915054583494,0.5751816779865214,0.5024535122298559,0.22126342601472063
0.32229749286206294,0.610056218684528,0.44109724255431204,0.6467730336982951,0.5240064554324535,0.7703667556763567,0.4012292046601744,0.3944450852349447,0.578196945027111,0.625990742384564,0.4191233542575273,0.3606193439217787,0.48471000956971255,0.4752893630666866,0.38912026979437303,0.5971708313963249,0.43194625529847863,0.5133853447947465,0.5410909667111419,0.6840146453159324,0.4383054489449709,0.39502073821655365,0.44308828942384015,0.311771744684953,0.7381756340799036,0.7600390424228836,0.5085037711020246,0.4823913033597904,0.5473558409345904,0.6460851326638709,0.5097176611024415,0.3767502536790686,0.4015905457495328,0.48732025512752625,0.3433270994911261,0.6103409257784348,0.5848747910095528,0.5452211011060282,0.6474279356701957,0.5419118246257187,0.7600691082323915,0.6116498231739667,0.4400180832835645,0.6746790663863181,0.39855751735034317,0.5340483815799109,0.5339301514016523,0.5137608265566527,0.6410749999350682,0.32531792060622494
0.3365846074121793,0.5730702008857215,0.4437806904860211,0.5769693868858893,0.5758168201594551,0.7280452312906727,0.3378490734992176,0.5015232641586076,0.6073122544906868,0.4994237211746988,0.47020895320355854,0.25865117411689176,0.42850890702604383,0.5956682013965181,0.4346419229814827,0.7165355968190142,0.4397554409025404,0.4831359236406893,0.5214365680111426,0.7703514894800316,0.49805087603339765,0.45564669662228047,0.4144205509228087,0.19296395517037265,0.8376070608725741,0.7164902655245482,0.5220345429032178,0.5517329267759766,0.6082642488443246,0.5537039054764327,0.38052624985137196,0.39395262940138814,0.41264824684981377,0.39829068243615906,0.3631613702651461,0.5595142255754619,0.6815748770613999,0.47356040222618945,0.6481487317573311,0.5573546525568999,0.6875981384684722,0.7094765010421619,0.45533227248284475,0.5923647244858653,0.4303157277322884,0.5037428025002397,0.5779193371317513,0.48574663821855607,0.6862476383721715,0.3015181323520074
0.3506558116058293,0.5857019184799941,0.44894604015415973,0.634789708557263,0.539706018632652,0.8403009647041415,0.4644203297144678,0.43042175845825315,0.641770044569287,0.659276798846884,0.4811850927714552,0.38426674001795375,0.5143668202752927,0.5409797445338834,0.4151846841765731,0.5485216920994521,0.4027525538663625,0.4770023694874668,0.5234395183979692,0.7182919408360637,0.38610107123105697,0.4436874483544136,0.39026285059317783,0.3237342646373856,0.7207528219493069,0.8025221610739213,0.5749724046862223,0.5337829022751588,0.5841104910480912,0.7511037604592667,0.5376668708076829,0.3831054438008071,0.361515201232923,0.36652754513228675,0.37026035927243556,0.5823963470338259,0.5148274831373602,0.5215920483464951,0.661570418673757,0.4742611837035313,0.7741997714273823,0.6575464519153266,0.46576195492111705,0.7134871142437205,0.4622078395544463,0.5317946469130368,0.5806651710411502,0.4590630502991521,0.6196553113158899,0.2980566476313625
0.4753566512958118,0.4641270447267248,0.3647099443125607,0.511260315917969,0.6923743576545065,0.8736055293002677,0.5669534533722487,0.6190388221151072,0.7747097347512468,0.6836078506444332,0.839330800113445,0.3052601134233091,0.6192093320223873,0.891614744429396,0.513790017980138,0.5776365182645501,0.46803472394206547,0.2948577922219928,0.5242663155763168,0.8577587021682457,0.2812232029777627,0.6522163568111123,0.21585316107454244,0.2946514471976795,0.7103287773556309,0.928993900641547,0.8253686334567042,0.6502112363483181,0.8318846981824339,0.9476606901478329,0.49037665588108886,0.4992861659673298,0.25552956843799646,0.0,0.45457453293918365,0.41082692986430763,0.17680814731939318,0.3709535480508789,0.826984075225007,0.39267230563710925,0.7068272033205233,1.0,0.6806571113806758,0.8494766993586195,0.49430638602050253,0.5338790612296723,0.7370828099732571,0.2976941288899135,0.5415809987551434,0.2972020330741085
0.31300772743631544,0.5956907110399499,0.3738477684569204,0.6224702646956379,0.49558461811744126,0.6712022461761231,0.40895795417999126,0.3529843138844301,0.517908649538444,0.6328968960468198,0.3974205135885712,0.3492140206009918,0.4661842151890217,0.4326797436739178,0.39196865746465215,0.5579631359233677,0.546253901879078,0.4869608411396524,0.6211210558273151,0.6363073270674486,0.4292564191856973,0.3945893804351064,0.5153102055474187,0.37282419569625636,0.6748607258506962,0.7266428521351775,0.46561232026105626,0.4420816657487505,0.5200622714001175,0.6099323444250244,0.5287536588053637,0.3896849691398623,0.42007980072361256,0.5602566496811008,0.27025469364129023,0.6571840283151515,0.5468066014307461,0.5240642303892791,0.6177260358712643,0.5861566454239322,0.7494410724212774,0.5470193308580705,0.44824916519900493,0.7082399795883042,0.38878261616986753,0.5149954192334532,0.46433159654402845,0.5663626855178702,0.603799534829616,0.36940362022673673
0.2901333845838468,0.5986974185245366,0.390448952832145,0.6240918231556423,0.4449695093362036,0.6781011169430387,0.42406585142253017,0.32986023402885567,0.5183011169908042,0.6167884112401908,0.31091337109934863,0.37292114999176185,0.41889464174623015,0.373608754732621,0.40035866894586514,0.5015369995868282,0.5410107734155047,0.49983858877770443,0.6337732689875892,0.6234337079870801,0.42896749128375034,0.3833511014914875,0.5594324182549286,0.3890480681393709,0.6613579437162586,0.6835289644398459,0.4124665539251755,0.46298406197140596,0.45524322760802194,0.598087732944676,0.5482157373429888,0.35369830241251865,0.4328190449448931,0.5792678437302361,0.23096953800884668,0.7111841837800755,0.6411164019807482,0.5239030213550021,0.5348551492654087,0.5632742360790358,0.7667447539551435,0.44037362901194954,0.3854373129481569,0.6773861702441274,0.4729354900492958,0.48592952707624104,0.42904877490058646,0.5896215838614115,0.6111645369663562,0.34579783630842625
0.3542680068097606,0.5065200856542247,0.30995572017644135,0.4904050077875379,0.5609939804261005,0.5736727466803502,0.38849958734470946,0.49289257823173527,0.5536907232891369,0.5040795657676705,0.5206881081632322,0.21669744585246986,0.4085798196892638,0.6251962162030668,0.47968692924476397,0.6431815736353008,0.6516825795977433,0.3805495923095843,0.660190060387992,0.7377445065326225,0.4507695572253861,0.5249019466298859,0.4937743913610805,0.28502392437910606,0.7282627551960346,0.6816940921640607,0.5127567712258558,0.5376502308167443,0.622019922571267,0.5490549304484903,0.3967707251303145,0.4402962366019833,0.4138477324587703,0.3982620123047701,0.2532415042435912,0.6003218901236278,0.550684428817747,0.3821039694338715,0.6178980752063041,0.5944111181347077,0.6499300345204985,0.6766656105120499,0.5153875434314314,0.6759990857433287,0.46445126218941535,0.4576445455487475,0.5017374266512638,0.5274137086210762,0.6033143524736646,0.3630411499947291
0.23286932317080622,0.8346590818899103,0.7205352064553012,0.9114041569306198,0.5399524195857066,1.0,0.17212980402663114,0.29857846213687494,0.5521948787069563,0.6294152445772699,0.2162419325454062,0.4450056127865712,0.5405757983054752,0.25122173647587237,0.1964344330578961,0.8526926294441769,0.0,0.8351086620239023,0.2552029884111306,0.6503773842165146,0.6256244622899474,0.10661245292202426,0.3478831850378994,0.12445468462808296,0.9857909042275946,0.8127789500901044,0.4278329984735128,0.3498765699462639,0.4593616816116081,0.49684788214319686,0.46828524093879104,0.276686887127175,0.4663319932795324,0.7760214423536259,0.5652334010564802,0.5562630200245741,0.9026635313810053,0.848428451006251,0.7589144763270507,0.6095656014013068,0.8435990721030853,0.6281817481249509,0.29117252414057193,0.4703708326662428,0.0943925601449005,0.6881594504475302,0.6184453210271869,0.5279016519831841,0.8479764555768448,0.2731842437669625
0.3512235622219409,0.5035092098585693,0.36266537839002694,0.500982153051114,0.5259480989705043,0.6739413149570238,0.4467574351529765,0.5014811256737577,0.6197235087140176,0.5154364113891897,0.4743453202114544,0.2704004641964104,0.3902727504893852,0.6141462976910894,0.5003926836290167,0.5600457928096618,0.5753068338794569,0.3851770692807868,0.6278632579825243,0.7606060868407956,0.4161914759953759,0.5395431116991141,0.47650941209825626,0.2920315851266677,0.723214742594222,0.681731765558138,0.5172261341102562,0.6054108508689872,0.5841759054253922,0.6276370579937156,0.4372250198893916,0.3989610349664272,0.39242458993246165,0.3152111549013879,0.2601048020579134,0.6227298118934244,0.6151782436993193,0.3820415965921857,0.5522887240968368,0.5055088873301528,0.6879962778388502,0.614105369177811,0.4602897096925449,0.6596911244083133,0.5965380431995102,0.4363438907355745,0.522063038842897,0.4955662685153161,0.6105103440487541,0.30254512996132865
0.3172941112881552,0.506803725181738,0.3416093166608637,0.5019026270507078,0.44662703805115644,0.6277489785284176,0.47299164824357615,0.4329837241444163,0.5767037272319444,0.521253161263058,0.35746299154232786,0.3046017688709282,0.33728021397866714,0.5025210538815953,0.5011260803949946,0.46198200639367126,0.6344662277743502,0.3919363435724623,0.6905793805846594,0.7031021173256244,0.4046537688204989,0.5134290560380117,0.5723121687916448,0.36252354678828586,0.658041779288652,0.6217236741973323,0.42979884681089,0.5892958031804596,0.4873352301002648,0.6026576672879038,0.4882331029184315,0.36476595703416903,0.41736892394422925,0.40031777580641414,0.17240656516111194,0.7166725821153993,0.6824335684905745,0.3840364619602562,0.4469852143909663,0.5085587271925679,0.711579743883772,0.44527899070778115,0.39398310622453925,0.6568724288927879,0.6697245429616783,0.4003313914881189,0.4349202741637964,0.5584135799208089,0.5914360769234184,0.3083384414875978
0.27861095667568153,0.6305927873789982,0.45681974139300263,0.6757278327611109,0.4242831866867802,0.7788514441111002,0.44160486985914393,0.309642259129228,0.5535658847779336,0.6488660328688197,0.2618841039735577,0.43176317363511696,0.4318004300859355,0.3285863145249013,0.3806422144578857,0.46895111618217244,0.436095615653631,0.5460533030655048,0.5776095759988145,0.6220734637198868,0.41972512232177234,0.3486115205247338,0.5329891334364095,0.38719135491469453,0.6748440861971208,0.7052480559728452,0.41256358953150774,0.47556351278727177,0.42068733435786704,0.6487625740925131,0.5878706459176067,0.3174876486787559,0.42268879324785663,0.5723608073644832,0.2670862018006776,0.7179840559517743,0.6902904580923824,0.5740078618668192,0.5204212224996794,0.5147323515310477,0.811374146299317,0.4039805530451594,0.33917730900752097,0.6603715156423564,0.501272210007828,0.5015711968534924,0.4520012140552488,0.570945886069458,0.6329689365597349,0.30764947326167547
0.310418398876306,0.4129046704397336,0.26781078934509905,0.29483162712875965,0.5209822973828558,0.33211179909354516,0.2561043344314128,0.6333281865967343,0.5252309128561093,0.14801665070281925,0.3815548614786823,0.0,0.11752881356507859,0.6969693928730356,0.6071221506120382,0.7654035039305711,0.8166871843795911,0.3168683267021679,0.7530735537109463,0.8448693462427433,0.605183272907839,0.628451164306874,0.6452254878954073,0.10624293220141169,0.8649752293011129,0.40830838445368417,0.33447654787873277,0.6898140468241073,0.5630022098756997,0.20597319768325997,0.14008870970056247,0.4079903137073919,0.5114227766823597,0.3641363075367702,0.10035944164117072,0.6795040392484888,1.0,0.1858695156474078,0.37053879024854575,0.6579643169704787,0.4947633684751991,0.5534871771111785,0.39868615965794324,0.42523033016907535,0.7155906251248301,0.2868256318737713,0.4157082373189878,0.6040330106492927,0.6928401398447076,0.3127654288543687
0.32773252853498586,0.6042841155368546,0.3949179853885767,0.6428296957380731,0.5231515037445018,0.7242634243658906,0.4163101535001377,0.36603580894797677,0.5445401071135224,0.6626718679097676,0.4433434725455868,0.3633456113359266,0.508241929953615,0.46328224241730515,0.3817346186465587,0.5743969633122987,0.4962327574027342,0.4937391931362244,0.5833265985749094,0.650751295216094,0.41748277358983593,0.39434729226758963,0.4644615341153181,0.3616156643209004,0.6885853597672357,0.7721750712367278,0.51225186772871,0.4427714046023547,0.5541867057909742,0.6572927122982621,0.5371773997654758,0.398263423566922,0.40049588236791034,0.5240218496043879,0.31814307930058583,0.6189095092563976,0.4960197543294829,0.5430400634980349,0.6691860957693203,0.5683422300971032,0.7600644127430113,0.6103771551518137,0.4733056311171526,0.7263983206202573,0.3556734141271363,0.5412357083156707,0.5067804411693939,0.5329360545507146,0.6060967508818436,0.3629280034884563
0.4022088029337705,0.517001192064078,0.25102436491573954,0.543626923835846,0.6090224145225902,0.613762426690361,0.47313244258607506,0.4340116329017884,0.5418681443902722,0.69934720363135,0.6787767176705196,0.2893699202783989,0.5795628442675114,0.6464906740371302,0.4331019850534745,0.5809033551565289,0.680121734200223,0.3500908546144193,0.675438840368728,0.6762855731460113,0.3467500801060096,0.5170939385830742,0.42595723801286733,0.412477459293596,0.6112335072010624,0.8334836757341584,0.6369665281284811,0.44000868605024457,0.7048159998649642,0.731869358787433,0.5228417762966389,0.505641849571821,0.3550528557965154,0.39927818996534936,0.3019855058002223,0.5431513551880802,0.18792614274998257,0.43406049727984064,0.7855146035000748,0.5952749309606257,0.6977296775518471,0.7971299338662327,0.6497109145333406,0.8688774862627627,0.2980824305981655,0.5406236685298307,0.5316973451221062,0.4925071994734897,0.509377044795063,0.43591890806743233
0.3066539608981716,0.5789053736960157,0.36508735400086717,0.5898838281992329,0.4872688814448989,0.6330294131384425,0.39281912668250174,0.3745785734615943,0.5144880098401492,0.5786925481816554,0.3754740376794648,0.3167906376369774,0.4197862257057429,0.4440542273970285,0.4140112564905061,0.5705701262166237,0.575619143493762,0.4739112307653825,0.6388178199983648,0.6525976888785142,0.4499476159479217,0.41345621183742015,0.5407419368084443,0.34880257606757703,0.6919134304862115,0.6832444338390965,0.4378669633630686,0.46794303477258575,0.5096270349010129,0.5602558886833113,0.4915859819476165,0.3844234272994451,0.43427603440449775,0.5515730160107233,0.24314119844077497,0.6718905615489826,0.6145335037547635,0.49075502616613054,0.5755809046499352,0.5933701948995782,0.7259494436004066,0.5239384216063443,0.42979471009123993,0.6717071480666607,0.43444687364532786,0.4861439319492217,0.4492338753031573,0.5783099582475997,0.6150803901865046,0.3611302616516677
0.33103734825628905,0.5697479789782202,0.062173671685887735,0.5749980717846636,0.5268601519825487,0.2594274207267634,0.3781671471757482,0.19603806113601588,0.23558126000946533,0.7632511356707019,0.5471028270488435,0.2666847062044392,0.5739185536953412,0.3686997417704954,0.3300451317930416,0.5749520570948523,1.0,0.3867297099110806,0.8944758125790659,0.43368866924383526,0.39842102925235856,0.3649477129416171,0.679557928823347,0.600063647916772,0.4444873883324821,0.7494196753744,0.43987378568122804,0.14753029044862892,0.5854412149972571,0.49951104373135174,0.5853611706370517,0.5481113248335286,0.4646217446261202,0.8941741285113844,0.1085375840481703,0.689591846464915,0.0721761491726926,0.5032432734504594,0.7861303782791289,0.8651084182649836,0.6817392364928868,0.5932326895318653,0.6704599797064993,0.9590416928392987,0.0,0.5644360081137273,0.2745072207595799,0.7317570205002148,0.4301062378295774,0.6452272977190345
0.35052397761512527,0.5503982329920998,0.3745374454271022,0.5792090092008847,0.5263807348404578,0.7271126626596786,0.4665328106264219,0.4275509578307837,0.5971012253051632,0.6296295458034149,0.4846060095317528,0.3416744921843221,0.4777854946465122,0.5467757951078895,0.44108398505412505,0.5311763651565028,0.5309496852056409,0.4277327499171099,0.6057346680415578,0.700929399801589,0.384445504220043,0.47551204336231295,0.4535290995293093,0.35611270285123486,0.6777496787438653,0.7563762263820161,0.5431488151013605,0.5245891296782528,0.5795893015550957,0.7006533762637017,0.5215643230711839,0.4039933327347288,0.3780439422010454,0.3921611311205827,0.2970323024835687,0.614710922929423,0.4928083475234575,0.46618475941820836,0.6268378848119888,0.5140637096816651,0.7403970703678217,0.62297164316338,0.48382954848406834,0.7309897081676383,0.4809715770215175,0.49710878990052093,0.5248366290271222,0.4983971441492452,0.5877092733158209,0.3332603216090758
0.29660100488628804,0.6461956961726955,0.4547168203014521,0.6789388612627013,0.5159909805503189,0.7389479134875699,0.3405058835428507,0.3577636066485817,0.5288735708616636,0.6107327245147756,0.3647976736690955,0.3531976355673978,0.47520175525666486,0.41033813095201166,0.35258432965511555,0.650373219188146,0.4205451403018014,0.5641649407975886,0.5321316055586146,0.6533722955624094,0.4867433843817235,0.3360983444659867,0.47122815943975127,0.29395967929295574,0.7652423596465059,0.7399741737595071,0.4590123277739372,0.4296508027923112,0.517250622778292,0.5654543868713426,0.49162624841994074,0.36719767577495893,0.4334650494805191,0.5989579496487207,0.3433619393857912,0.6239185218898915,0.6448040657293606,0.5889424199195886,0.6536175365112655,0.5970574036212586,0.7584478860014816,0.5848699903712435,0.4155424069240088,0.6388433582636022,0.3200054191476486,0.5517223847156747,0.5076808017567466,0.553456696185851,0.6688845763729724,0.3445912599517324
0.31565077491746063,0.6071846994047885,0.4125808048329273,0.6530841704186487,0.4827931003870184,0.7577919782678062,0.4515153389079975,0.3434449776837266,0.5587864527917379,0.6770359948571507,0.3867348640369642,0.4025826366258428,0.48929984308021024,0.41883410856302855,0.38713255024536597,0.5050642538711135,0.47782479635440017,0.5008743963902118,0.5870770118407168,0.6388981359657686,0.3965632019101931,0.3882793906424917,0.48530151601366844,0.3909426436581164,0.6630499070190465,0.7583080089852534,0.4884744061173941,0.4623380162762604,0.5067104617626819,0.688978601645541,0.5766123399439618,0.3695145087418458,0.3979208662288901,0.5191488123326166,0.2962222262502757,0.6577387156534731,0.537789332277938,0.5493294683222539,0.6120691631677295,0.5305304840383205,0.7878059237123298,0.5303194465877912,0.4295833193516079,0.7228750510570419,0.4293563154146705,0.5245857035546208,0.48867731758991323,0.5387377352140852,0.6019096291146853,0.33994974598160604
0.5195926415725907,0.919400447341968,0.26846229340414396,0.3956645577503742,0.5542230973608943,0.4809477553597394,0.44092637372653354,0.860991553810744,0.8106485029080206,0.5942737275894473,0.2802616037591679,0.6770212774848746,1.0,0.46962727561319306,0.7356802928778354,0.65244813050719,0.49613977725132874,0.6390242839407431,0.7456139454878699,0.7413479407848909,0.6273739717465167,0.0,0.7846943192771711,0.5472917141937785,0.3618337367332305,0.4129537342527633,0.6209153861564337,0.8429409414793747,0.6021637991912457,0.41721540811946933,0.37140749749203306,0.9929445988677692,0.6441164551948219,0.45163825800166535,0.7072925035572647,0.6794411064670152,0.47585073302632797,0.5226857031448262,0.4975557486367796,0.3368351866739781,0.5078559635612571,0.5849176736858694,0.3743063525254746,0.7660936040087833,0.33850612195903895,0.42170662109804574,0.5824084058873065,0.7326403095713548,0.5474491357727552,0.2929593339740344
0.3969820609228951,0.7383878100908761,0.48567867519208463,0.5731369422669561,0.5912392038264334,0.7159075302511566,0.6058732284661658,0.47460977561659995,0.5810967942145236,0.3590153228850307,0.5398248686517683,0.5266944273374718,0.6269916187531167,0.6542874960382646,0.5260850934636416,0.21130182763011932,0.563289289787794,0.41464222206345774,0.44718614779666666,0.7441865147497106,0.5947659372192524,0.469281812092181,0.6127186200797352,0.6171339058317544,0.4474884123947482,0.5894331831780795,0.5130215222543714,0.43906583379110437,0.6691816758620783,0.32007283177869356,0.40928413450803613,0.6599640305195091,0.5573879510832547,0.6525436558353409,0.600968266704123,0.5398519210914287,0.5835785206173983,0.4414952348093241,0.62367081102274,0.4064238049562642,0.5606228684975471,0.5179669712473323,0.45149458855026153,0.5486572025322212,0.5006378039416972,0.4742113491268063,0.612572790758538,0.5400535319508952,0.41322500369102405,0.6040986889530389
0.3980663245382953,0.7148489722932013,0.5126652925151297,0.5360914504456954,0.5572532099978494,0.7273251055644284,0.6039994408439585,0.4305226246270955,0.5124704144400911,0.31115795842017757,0.5672329537003421,0.462858087026399,0.6182352728683786,0.6925580758931088,0.46058789078329976,0.11826029969242383,0.5618870060368844,0.3373470824576714,0.39332832614966,0.7298546892523231,0.6193258320662376,0.4785372852278093,0.6027146238193785,0.6404526752307491,0.4437176838794352,0.6058701882244594,0.5130388148899595,0.3751086040251234,0.6540943156303644,0.3367021059024234,0.39557757108392305,0.6271299244018267,0.5025952121346651,0.6343751823365174,0.5759497452227477,0.4937637473908859,0.6143257564318767,0.42912670940396286,0.6461252530030414,0.4204259500861245,0.5858806896832001,0.48170816889521195,0.46279263383270186,0.5114332856566577,0.5424523136927233,0.5819796116931775,0.6345556713774229,0.5792472434328997,0.47611196031363207,0.6601324042693222
0.42346000950246265,0.7503541120807974,0.47461725704213065,0.5103058784766693,0.5571909467591553,0.710188673458238,0.5753929247282831,0.48973008761548825,0.5863188242416114,0.37764334277985956,0.5168753938881664,0.516327102462544,0.6618326719797285,0.6756076636396607,0.48597386595324177,0.19486464851282728,0.5699540042724823,0.39108650740354783,0.4332990774291083,0.744867456965287,0.6353888514848509,0.42979035953557687,0.6193100403658917,0.6365983549596873,0.4321831830666321,0.6007961012125778,0.5172305519805535,0.4572250235881592,0.6410673951565866,0.33115221888805435,0.376812457296407,0.6805273943141092,0.536872811755659,0.6193051889584954,0.5888721740322003,0.5343278535559856,0.5839135515071688,0.461483381357649,0.6498392911838725,0.4127335422852731,0.5617580475182041,0.4903283148640721,0.45736597376587934,0.5555939071021193,0.5222812628148327,0.5334622052038382,0.6312768822831412,0.5684337925214874,0.47166434268157864,0.6193116552869633
0.4381885988074509,0.7932342352226972,0.4851677955766367,0.7297100489725864,0.6410773353838002,0.9221539436555996,0.6032644543521902,0.4437778332253123,1.0,0.6738305558293245,0.4913113596969427,0.8508057682892749,0.4196319308072144,0.834983360079638,0.5372945167474903,0.2709686287933179,0.7953891568602163,0.6572862557282175,0.36201360872888355,0.9326415908686813,0.6169051096610481,0.8450997103447644,0.5574212763491379,0.6738571263021681,0.46280598381900934,0.8437287716669735,0.3704128885857814,0.6117855578280609,0.7032208812854773,0.13757311435779693,0.30043762282111747,0.6648259069210669,0.8586561128464413,0.8050843730613655,0.5614466756213631,0.7973309795584649,0.4533096670451735,0.733030356958741,0.9227049868700198,0.38872010388442046,0.4206249410553931,0.4945387728714793,0.5739541363903509,0.582529328869498,0.47885915889241015,0.0,0.6594064372708767,0.1091004202914522,0.1719657758090793,0.723367659393083
0.44772860690153105,0.7682650149815867,0.4711140200643682,0.5303543554994999,0.5079823631739271,0.6789503159394593,0.544440188306459,0.5360986244254086,0.6381514602563068,0.4301000664854021,0.5043969706396557,0.5325701870636852,0.6992982086747387,0.723185552167364,0.5367846062488726,0.21202500077299544,0.6009269289643334,0.4303279505399488,0.4399507891751637,0.7676228913656902,0.6099680687298414,0.42870915566450146,0.6877361378120206,0.6364443503183704,0.40239092492899536,0.609173511163185,0.5255344286909398,0.5040824657254986,0.6511313848250462,0.38088206632359256,0.35667086212088994,0.734153307893624,0.5934053339899878,0.5459994377372291,0.5870544726668759,0.5947103328297344,0.5804461837419361,0.5626270251879297,0.7084569913736685,0.37086589902738804,0.5768870500928835,0.46444765533465787,0.4977358482884073,0.5307347819293945,0.46665931754384404,0.5477357135282307,0.6738124924503079,0.6170299781935505,0.5694298244364705,0.6305030209361746
0.35964359572881366,0.7236762758071085,0.48691177204194847,0.620019070410775,0.639320164141718,0.6913628620043656,0.6427475498669903,0.47228288230062754,0.5269549065639265,0.2999455246962431,0.561665614179974,0.5076340018695705,0.6211755782775794,0.5815340398960502,0.5781541655138729,0.25006246872656723,0.5152240808492509,0.42156797538796487,0.4930724633192881,0.7152573779214152,0.5475831123139674,0.4460817838960397,0.605088865387492,0.5805859749953672,0.46734048150806967,0.531061928185316,0.5293748946621557,0.40972019805905313,0.6949564745927652,0.3213653623764514,0.46691420904863246,0.6410881442416949,0.5402615130080304,0.6826882054354786,0.6287351741665448,0.5108703321501233,0.5924119366169472,0.3615032675428025,0.5317027776500782,0.4060314157079107,0.5685799780903694,0.5674032412063795,0.4144807445951884,0.5558027269779016,0.4781229455500581,0.4462487931759989,0.5703136142574008,0.5546725072987928,0.35044872128301596,0.5472627902516296
0.3817361903243238,0.7348067708290709,0.48280696948218926,0.6066727714288607,0.5821327994111857,0.6399427851607181,0.6096037650015793,0.5180265374072559,0.5243786880740255,0.31298431400337284,0.5526803335692603,0.4812496607172143,0.6839831491677258,0.6092185105444331,0.6116020700820721,0.25170187904915486,0.5179989788601288,0.4216072820009366,0.5036444794487899,0.7139416004297788,0.5313913141722012,0.39585358145220634,0.6728628040195357,0.5788099503996953,0.43608025259777194,0.5129304281693237,0.5534979424012207,0.43293451330546057,0.6940406317476373,0.38870479664591234,0.4543778703665863,0.6907872175707666,0.5505850955818531,0.5934303497323345,0.6281949599378395,0.5327530147978781,0.6051968563869772,0.4220390408638002,0.5562581645774807,0.3726398659079258,0.5988886635747287,0.5402539730889269,0.43820670331956346,0.5298008009011402,0.43706422202347506,0.5277078381062138,0.60732496520792,0.6530284624586835,0.4779988223576138,0.5490574737147199
0.4107794531517963,0.6801474030036229,0.6119406110616207,0.7395817153914356,0.3270003168903122,0.5561810380796598,0.5584376763523896,0.5012925359395429,0.44813199649745483,0.28541555735123886,0.6821796327824972,0.31613005859250365,0.7147266553184104,0.9067319190266845,0.7008498771117183,0.0,0.6232833728657587,0.3501378136528811,0.3610518129305811,0.7497876670532871,0.38734725394926106,0.5405796004923674,0.9225980183691312,0.6096667124735611,0.3338399961564967,0.5731227994714625,0.5827293416039481,0.32080473639794327,0.7657651961758475,0.6526365969604128,0.4138319187359479,0.7343001035914386,0.6373915540487044,0.28769277841684476,0.5576075148687591,0.626565238739623,0.7182641558303896,0.7557905649047618,0.8198289886354734,0.22103561279445158,0.7714859882392961,0.3636153317886353,0.6440360574500941,0.24257049080560114,0.28828105045524516,0.8605233242738601,0.8285350541434409,0.9576691397369491,1.0,0.7758429174159039
0.4484310608401423,0.7844460578606791,0.44717979006666086,0.5229547699051914,0.5458015263588637,0.6931692660035045,0.5476206070513961,0.5502397829244348,0.6817283524464853,0.459918040323515,0.4771819989500041,0.5803176650234565,0.6939748843382555,0.6863706726876029,0.5392044752659936,0.26729427893597585,0.5980509971595803,0.4657857159114632,0.466584640465692,0.7742236625706095,0.6262412929720672,0.41853599842539896,0.6588825621657061,0.6308815219083326,0.4145957887032835,0.6084030976071693,0.5171117009778652,0.5429505465825367,0.644596371868041,0.3390281046440486,0.3574692902405108,0.7400092562444163,0.6063815985412037,0.5897138698182374,0.599325379933039,0.6045729583489521,0.5538536329850157,0.5387771233493192,0.6848851529202934,0.38551599936269537,0.5442773528965243,0.4913512119621381,0.47517606369305476,0.5772378320629175,0.4752042752820076,0.46798797422109356,0.6451710597493384,0.5569153897972619,0.4873190363172589,0.5945640214086425
0.40823527089457967,0.7636471141075409,0.42603209814805826,0.43470097638797756,0.6458370924481671,0.7168907221984786,0.5940674942705785,0.4981637733215188,0.5592266746000492,0.34664847934373133,0.4737300782356627,0.5350339970005147,0.6770396206719388,0.541326767364765,0.4448021759339533,0.2783056987258006,0.5003681344168359,0.3826744608331349,0.4952995261894735,0.7065378872849586,0.6911498370078688,0.3256245808309832,0.5297908441576528,0.6197014882243134,0.4687865983677923,0.5469929375367854,0.5241063898176602,0.4757554775599985,0.6071394701716967,0.25388949910561354,0.4040191304506339,0.6621282200290886,0.4615282044176968,0.7154431278423579,0.6191105790810603,0.4629129182489614,0.5585410120560501,0.2963420884578235,0.5130244290411397,0.474410726777443,0.5144029267672533,0.5581041581600437,0.36355622265355325,0.6601133762181335,0.5856027556303018,0.47358909092415374,0.5422050194359499,0.5087814442752326,0.30699554163896364,0.5207696758079658
0.4007774017486947,0.7282925513057306,0.5022375241032497,0.565916673719956,0.568611088344268,0.7275242798373479,0.602619992304648,0.4524370569473932,0.5652756742713543,0.3501153326730329,0.5542334753445614,0.5057017153754056,0.6154032696183874,0.6902636212901495,0.4981761153981175,0.162030611503538,0.576486332163675,0.38656442757879567,0.4133768563489749,0.7470383535532963,0.6032876190392856,0.49420406172546816,0.6138839516938129,0.6319058329936875,0.4427737290299253,0.6105507816926177,0.5077466449990046,0.4135939764447482,0.6654489588388595,0.3285699503004467,0.39611442255421836,0.6466920159623181,0.5476246148864933,0.6402050653048854,0.5850128425306661,0.5327274293159592,0.5958387209165821,0.4599298370040753,0.656503126273202,0.40734222541539333,0.5718512625818059,0.4937196588950653,0.4690210740254441,0.523562967524319,0.5147336433285357,0.5154618105555697,0.6324819853493275,0.5497277400968743,0.45003167669076305,0.6432071817434193
0.4577599223245203,0.7315346025271877,0.4237879839220274,0.03166344837111555,0.6000435659720013,0.8192228935270648,0.5485041654506091,0.3546621237987314,0.3426619629806588,0.21441667050832755,0.44262798804384684,0.3618839001202043,0.694810397774383,0.5520604791672916,0.0,0.017062684526851165,0.44275349722169594,0.04948560202921203,0.3273124209002847,0.6265927142241339,1.0,0.1787191342005297,0.3219099547887654,0.7478235888030622,0.4889538172989562,0.611118169813038,0.5087959620520772,0.32841620323653203,0.42330246103966185,0.15803952533032795,0.2912312152011711,0.5386913516884121,0.12196315394849086,0.7797768641866499,0.5304905237172615,0.19101490119755044,0.6074897618117803,0.06199568965392073,0.49512002976912634,0.6583223725364685,0.49857945887604344,0.45944122854084657,0.28354199551520154,0.7221748031405065,0.9251587315888166,0.8309220341674133,0.526168526119177,0.5154602250268536,0.34005378118229856,0.6422888609226781
0.3744238292799533,0.7365472140816729,0.5035801573030936,0.7243205473570704,0.5929615051052732,0.6794294598555476,0.6264730219082499,0.5072671282465006,0.6284524213602107,0.3827710912052989,0.5713010494160222,0.560561825551473,0.6123267497950996,0.6697634699087665,0.6765675661483226,0.26646062625751044,0.5848416115459865,0.5089437623769695,0.48707380009514667,0.7681363175583016,0.47662123382425536,0.5378018994939403,0.6933403925871143,0.5754511485458141,0.4380887381250864,0.5701749922567424,0.5197434003753008,0.460310999302076,0.7393449070789113,0.36988579092928797,0.45164112558047886,0.6902620782948914,0.6671465359179779,0.6170639192398327,0.6244125703597853,0.6253968432990076,0.5819439677142616,0.5289477448417769,0.6407496859611252,0.3374105776297751,0.5827760633832557,0.5402242632090224,0.4905277233066899,0.49989357371723053,0.38175622965459544,0.38587612826677914,0.6304480793267006,0.5600777837003963,0.4327415500118336,0.5846386682795806
0.36794135179329013,0.7688591222211716,0.4226829586478608,0.6156545532802733,0.6657508093537378,0.6023878232680044,0.6217970230504911,0.5904747027284905,0.5680719818514804,0.33518913673203865,0.5001658578424962,0.5482774026240459,0.72552759976268,0.47450738696969297,0.6931166011183596,0.41979629558708215,0.4644499193209268,0.5073733642153108,0.6204609642334347,0.6980015058023292,0.5134911915460383,0.29758565697401157,0.6566319510277615,0.5295281615887316,0.4558768639465898,0.43647564567150093,0.5723819241818178,0.5160666574519089,0.6998869838725759,0.3519336141237196,0.5000356417007918,0.7309077862888989,0.5679757305206111,0.6447294615916331,0.6832969920713294,0.5430653031515462,0.563366969979153,0.33783999426881367,0.43052144560149636,0.37904732210892633,0.5572164209154269,0.6266597698292371,0.3680582692051141,0.6249173449797482,0.40226537871835966,0.39267225129669253,0.5311832175809188,0.6172893123523733,0.3401694809285305,0.40984163239096216
0.3896045613327722,0.7177674216771495,0.5144391709781375,0.5953743835255421,0.5614238872934715,0.7073932960913226,0.6109882478465504,0.4519568574588112,0.5354916848624856,0.32389145948940273,0.5744979616676738,0.48082360780742284,0.6192528397051285,0.6896833457204559,0.5280646471388508,0.15387165844841508,0.5666696791101239,0.3818290709207911,0.41892574719664266,0.7383014907414585,0.5708484512565004,0.4950699307117495,0.6368377095694684,0.6201832917148697,0.43979951672627027,0.5916261449172561,0.5183198996238625,0.39212886903111466,0.6819672523062751,0.3567549910099973,0.41479124641980086,0.6453203706580255,0.5482619069103775,0.6196781756172227,0.5894904896515307,0.5300012787932148,0.6106829802559042,0.4607943291416972,0.6447375548870334,0.39194210192463624,0.592578770905867,0.4957690777206236,0.47402150446225055,0.49874359563420156,0.4906477898190342,0.5401659174107727,0.6376576115608353,0.5890173707062458,0.47957889344529714,0.6415072374546247
0.14406836402930953,0.6105447519955985,0.563424716142625,1.0,0.8644751921866246,0.6161239380036915,0.8661384183063313,0.38798143190920437,0.2710078884480514,0.0,0.7511839486481163,0.4157940545321594,0.4838838342665977,0.3213655565981171,0.8782667730828454,0.3535570457296322,0.33980175775478216,0.4743284570966798,0.6509263662316349,0.6095231154158283,0.23318041609238835,0.525734182826971,0.5918508858064834,0.4030267958180578,0.5702311211905278,0.3051361796362741,0.5776781381919559,0.19413667010833655,0.8846680791120894,0.340346657046602,0.7659457706510417,0.4956849074223046,0.5353478529937994,0.8415941192534048,0.7431206021915371,0.4192171299464741,0.6566166411376951,0.06049089396854285,0.17382313350859727,0.36564342074146594,0.6339721103002354,0.787465889986335,0.3036580783191484,0.49159990131798853,0.32265592993279396,0.257404099327631,0.4057157825801507,0.5805237915138332,0.04976274422162294,0.36123883544665913
0.40529259497076997,0.7546727530891061,0.485708925671828,0.6558212116419141,0.559978055546578,0.6723620469580437,0.5913206806776143,0.5315772333354906,0.6469136672186456,0.41314439156157223,0.5392329763009269,0.5602530466383545,0.6535205259430859,0.6877641598987466,0.6387102257062638,0.26296061891940975,0.5930457689959517,0.49422868443150747,0.47944200524245184,0.77154710403111,0.5216766465599357,0.4905391637834865,0.7006803145682602,0.5948221952503137,0.4214362334984847,0.581619181028482,0.5239419627019594,0.49256238877520153,0.7082533185499366,0.3779428085112174,0.4154416027004342,0.7190125171384799,0.6518048387863261,0.5834020140754791,0.614272797116547,0.6261344072327549,0.5764995941744335,0.5531129160923685,0.6674744653775816,0.343676890597711,0.5786525609436789,0.5142956514367767,0.4948164716344557,0.5156388001496666,0.40183397786520925,0.4352990580060613,0.6478111643013399,0.5838546693704455,0.4875186055128383,0.5930663357993072
0.44257848457428745,0.7950822957012649,0.4302299966701882,0.5479274425230685,0.5510746163446497,0.638644152690568,0.5458261468711584,0.6005291796348591,0.6763288768378797,0.4544084963242793,0.46810268104155905,0.5782649478414646,0.740890513048709,0.6412224615948439,0.6149374569624125,0.33354654501806386,0.5693015425275578,0.5002571049161759,0.5256175285501477,0.7605040246660805,0.5833239894110902,0.35800590811048083,0.7009082156041426,0.5990797369112046,0.40709024124926435,0.5529549693981188,0.5438961057898296,0.5711815008275531,0.6614056168325025,0.3757055775539808,0.3872336931672948,0.7775885541297353,0.6210287453794971,0.5562851211502451,0.6264121137560388,0.6179232217926744,0.5534599047787455,0.5316064644634652,0.6333004384469086,0.3602279537528188,0.5566088916697856,0.5183738487294898,0.46053397277944913,0.5854058424644991,0.4212601629613329,0.4634093009638221,0.6333136645037823,0.6153955816464991,0.5073755052570945,0.534862538624551
0.3811069474364553,0.7167699929499641,0.5041295942314121,0.5862586202322092,0.5576191465782991,0.6479356340215741,0.6097758936608462,0.4854054545737385,0.4751548305057718,0.27796135157424323,0.5750206882838218,0.435363642236765,0.6753517924688414,0.6385130324300312,0.5686813849385037,0.18403925415971895,0.5180997431316574,0.3678853043254784,0.46458637159477867,0.7044264660016055,0.5446286754448146,0.4073338960890705,0.667863645575091,0.5945204909962696,0.43336721374058673,0.5249658648909421,0.5532771606545258,0.385326593096548,0.6860302666179675,0.4022700881814973,0.4461845952283577,0.6665131377660373,0.5144633547007706,0.5797637711231534,0.6103857780094664,0.5018076932933723,0.6280174490629888,0.41598510090117313,0.5738276189881892,0.3805265981857513,0.6183670209950204,0.514394230314957,0.4482686672811216,0.4998474823090687,0.46372676835844795,0.6030667751407582,0.6241488815497117,0.6814600686168231,0.5239257417847406,0.590534763671294
0.3202203342959367,0.38476256852543966,0.7682518029738367,0.34043373628416423,0.12431334656938096,0.6890954950544731,0.6450714532528503,0.3925515032235282,0.793368684441809,0.7861758439173889,0.7619827970962512,0.549780478773867,0.7233179856941915,0.5408634702281535,0.6489806990691592,0.7717204409446053,0.33647595559573185,0.49919217123706383,0.8100531843360763,0.39064413312572943,0.8354592007499259,0.698997239870411,0.43289341028180406,0.6558822441198187,0.21528349435506902,1.0,0.7671612391645158,0.9090265045546372,0.6413890000392406,0.4222861216016646,0.5321401351693467,0.3407703106086253,0.9196587356271081,0.67868804644543,0.6970537689616388,0.7085153271951138,0.6675370682915188,0.0,0.586357515678379,0.44202231284461646,0.8190433693924835,0.7291589850511391,0.5835689405901171,0.35596227242010353,0.3332027874877651,0.5142493523311983,0.41259077587574317,0.8121621187964564,0.6910292901339983,0.7940305140627696
0.32651494034097844,0.480982563639815,0.5179691745238026,0.42782690555654035,0.35402355237549843,0.5061927721306354,0.7021987965950445,0.32763112500724023,0.5869296641369819,0.5442999540220677,0.5189769935620148,0.39831225474982657,0.6431335721591758,0.6142535108042848,0.6176920521507924,0.6893122062600888,0.5777820390985426,0.46529558644783486,0.45021950488042917,0.36924201987277294,0.6660469016198691,0.5659302635186862,0.40072755754528594,0.6865884333490675,0.47169643530012867,0.6145618387295998,0.5086763801497033,0.6103967166577625,0.42265473091449846,0.4697103278351985,0.39250109466032745,0.40159397504229466,0.43859551129002516,0.666574892020051,0.6138537791329354,0.6467033426216029,0.5591891460790651,0.5000007373411124,0.42810024024863874,0.3359593311639982,0.60810688595265,0.6875660088940531,0.5976718626623517,0.3906203738073287,0.43355721876912934,0.37533452064684947,0.405345630734559,0.5514653895503375,0.6754112885209145,0.5726965666494498
0.237245382221386,0.5164278488100297,0.5677395959036385,0.7074845273254748,0.5070647748142629,0.3581894841753166,0.5538406175074073,0.5173001552230347,0.6748636799371373,0.5655916720077293,0.40902125256041477,0.4890043223465413,0.6707310902370247,0.5552539465765206,0.6525959993185009,0.5726392299305451,0.6432111264231202,0.5303537231669699,0.34031430109869354,0.44518198670225273,0.673813042821199,0.5046985533704929,0.41045474748346567,0.6912278890239254,0.4701295457162558,0.5500908541490419,0.5941214689546099,0.5385018945600694,0.582796964114949,0.5584139803968305,0.2387714021193951,0.2822702258831817,0.3497790155367536,0.6617965190447376,0.45718348275726356,0.5481415463673573,0.4986972513627964,0.548214016566401,0.2509209914256322,0.48042249958129546,0.5221833840073551,0.5830792350443759,0.7875784178589278,0.5266489380167074,0.5651053184272185,0.5004593396421283,0.6102185493032207,0.559840890160447,0.5748681596917727,0.5105462015265642
0.29907538853887755,0.5546195039232523,0.4637690351609267,0.4969763093242297,0.35931891037715513,0.4326923449717011,0.5601376966997499,0.5154631109753229,0.512682048462149,0.5786214394855603,0.4637521640238465,0.5627992859415292,0.5707017293619807,0.5239538910247787,0.7096074630225004,0.6298582817114323,0.4702480548878732,0.46708421980777276,0.37792417043057025,0.4367280946254648,0.5581804276299948,0.69252471614736,0.4529382029621436,0.723282503556102,0.47528581954782106,0.6799642736765047,0.6150943282984757,0.6474319535493002,0.4517783655709879,0.4912816897369727,0.2143744609791504,0.3149582471326357,0.48340243556712714,0.7625263605893654,0.5338888540044356,0.46568318292568256,0.5133404111190238,0.38211836390023024,0.3940359165292816,0.44272101003107645,0.6712103184738611,0.5551644200402385,0.6849179798104724,0.4787946124944969,0.4455500061690875,0.450148623234126,0.546483084726172,0.5918384347120236,0.6519840801993428,0.5169989682295815
0.22477140425568148,0.7734723513224914,0.5942791547604368,1.0,0.6284326509851272,0.35533597276631057,0.4080126917025469,0.8907825147946412,0.6362009668292589,0.8586575432644513,0.4389064454069649,0.7582505901802091,0.7945461383859596,0.4485630081299739,0.9062482479091224,0.42762484272145995,0.5680053053049401,0.6431079609511409,0.35203054528007705,0.5363063527308625,0.6405511687315601,0.873747965040427,0.45006471675891374,0.6383074302711864,0.3921539798915855,0.5539391929309451,0.7294219791016929,0.6035180807946545,0.6292738161102752,0.5661755014295017,0.0,0.13795681978931876,0.4235061263869061,0.785871029105864,0.17876611399958148,0.29179016631484905,0.4264552962642781,0.41629873172481174,0.16338943983327756,0.6990148285121102,0.5178655922837845,0.5966965164080441,0.7444364944852372,0.7666357009097515,0.672402716821078,0.7294108707080109,0.9830048928731919,0.7233839237613042,0.6753003464153343,0.5273045110554933
0.2920236667222017,0.5183256405935025,0.5537760137512316,0.5469762470626021,0.3922101851945289,0.4661675325497417,0.6137298844549308,0.45888663151870734,0.6212312292249804,0.6090243171056268,0.5030992080496497,0.49313690973183283,0.6612739395563721,0.5642069429033943,0.6701810975956571,0.6374937068285496,0.5510065372920281,0.5007003164476534,0.4419117677373335,0.4145441917117141,0.666460102068374,0.6142656727282321,0.41868818083608333,0.6853091200373963,0.43820507339200115,0.6431068459766781,0.5911115228920384,0.6294488062443173,0.5048993508886674,0.49724637295319885,0.30793168235752216,0.33043005532233966,0.47272604761973913,0.6925154683057854,0.533391277420438,0.5697713714585151,0.5370263682987669,0.43447411687030035,0.3739312337747637,0.42991656072886625,0.6109631119099161,0.6399704084154659,0.6658279177426158,0.46691073793578963,0.4776193070649498,0.4626829841503285,0.5286083327157955,0.6023648559494842,0.6510264694033209,0.5685834847320386
0.2886342129020615,0.4488512887416937,0.44591651697771584,0.41578279466533363,0.33969359902736573,0.39692261490255737,0.5986261327543247,0.37982568114497994,0.5327676676320423,0.4363551066275217,0.4173486611081317,0.4537382983247663,0.51068631614996,0.5626601008128743,0.6003575093130772,0.6708893015340159,0.5224087666218902,0.4242273971802135,0.3338443625823981,0.4094657984160296,0.5621702380589104,0.5101043106930196,0.4371435850927346,0.7518477880939668,0.5232177968513678,0.6526201265340889,0.5598796456917148,0.592971422379847,0.44885712290092994,0.5060001106570678,0.28452887170301794,0.3604786255684508,0.41402138241933123,0.707901609610992,0.6292037479207256,0.5568666639675778,0.5295355177871252,0.4690844783182064,0.39569588505506903,0.36578672915531046,0.6518746407670778,0.5228440630253113,0.7421906865075576,0.39601632467251663,0.42320722498055896,0.3620820300493719,0.41420439125793296,0.5071005549550902,0.5862322144864826,0.4858403505302403
0.30923214373598207,0.5714059820320024,0.4470110693869734,0.5356572534370567,0.4353054074073103,0.42537355518281483,0.627280334866007,0.4545631938583645,0.5109413531767515,0.5471429586162829,0.43918949901171095,0.4749265662604209,0.6155918446368804,0.5752898619590756,0.6862639096667233,0.6184049493564334,0.582375468218358,0.47885736594066053,0.3347030433068492,0.40961629516315695,0.5803684822769379,0.6357595208998239,0.42078949883424616,0.700946052239592,0.5195050807345833,0.5504638281121299,0.5183427027703822,0.56270892648761,0.40239751924294964,0.49600173860797886,0.24516548154498483,0.35190102224472886,0.3531417541013415,0.7198746218647053,0.5127555150812457,0.5168218357962737,0.502058255757132,0.5493361595838268,0.35459146620861587,0.39587706951512014,0.5797368792475727,0.6200953377169377,0.6422221364136447,0.4772269071883151,0.48500694151430623,0.4152438602899795,0.527393710682987,0.5330752407369084,0.6702658162230075,0.49886193825471614
0.2535805026164132,0.3688287768495098,0.14019651662303678,0.1992959618368681,0.24513631388907534,0.1586090711977858,0.4322034124377345,0.3788505760128157,0.2554206454692741,0.06789765015256138,0.15644936798490924,0.5118957888544396,0.10223282347885841,0.47806301934312495,0.5287773475900316,0.6821731304780617,0.3747192747940331,0.2544576428415399,0.0,0.4616092564702591,0.21830888083001526,0.38532534900689597,0.5253330771683288,0.9368400192412075,0.7323206985481957,0.7096109636625245,0.5755535646990396,0.5257871812828154,0.3414075683391188,0.550852176594789,0.053803141958815484,0.3476387965001564,0.29278466982146034,0.8308126560286968,0.7599108124006252,0.3531016375778737,0.461906099062689,0.4684838394884301,0.39841909946647025,0.31902802646429906,0.7870530212703188,0.1323314758043679,1.0,0.32519158054515857,0.32219517698661254,0.20149224969126667,0.2946057883621687,0.3159249770545036,0.41594500196047196,0.23378349845281834
0.25557756133103343,0.4439475311517094,0.6004121601456684,0.5854414737177657,0.4155188975259736,0.4209611521899392,0.601378466911351,0.4210505640144022,0.7050215392932593,0.5511710584432411,0.4691548401951007,0.44604799432986664,0.6598215155628728,0.5748470973104713,0.6032273397549083,0.6368774637609433,0.604551377823265,0.5040516485143083,0.4252426305771778,0.41661184169067084,0.7120515149396355,0.4694071216080914,0.4057526676347244,0.6933439793262315,0.4382912776643987,0.6286481840165256,0.5973159679238129,0.592579027775096,0.5834584374032298,0.5315477568780744,0.3405635294817664,0.3219037391216269,0.4379773152700581,0.6395874498352864,0.5536452954224741,0.6290633797368916,0.5437168906362189,0.47674431420509067,0.3287749812848122,0.43028064960370876,0.5748368506546034,0.6111912744219157,0.7553872495296274,0.44942076993206226,0.503124906222282,0.45884638771517483,0.5023011124673183,0.5744280173386545,0.5786733294251882,0.5603867947590522
0.27886861975648425,0.5319677039603401,0.5534790849468938,0.6129911141800006,0.44921500136509995,0.4333203549674558,0.6090597099771886,0.473151509019306,0.6336426220011931,0.5987687649183496,0.47070422265507805,0.4787911108666823,0.6797845575661609,0.5712272161636398,0.6685289474334902,0.6107383690013042,0.6037427830382351,0.5160869568857013,0.40152791628504,0.41943574910728076,0.6724102204368279,0.5821812841363901,0.40945937710780345,0.6793616194973641,0.4565336033040951,0.5825260930177814,0.5711470482306565,0.5835446584947533,0.5149426444484595,0.5160332747475027,0.28717973709150885,0.321334635475627,0.40582639200419146,0.6774855501553401,0.4960247147317142,0.5671818671170707,0.5203422383806076,0.5062259326502003,0.325555468355773,0.43971093747215817,0.5616660722474812,0.6411281587623143,0.6873593935688497,0.49223041417525176,0.5165861398945092,0.472258283195602,0.5603071991379148,0.5804771939719688,0.6380833262813844,0.5475194140822859
0.2772412286696811,0.5426351086037826,0.5019003140387025,0.5984319178844573,0.450220224219266,0.399364382774606,0.5857911106329097,0.4885670718237011,0.5817734352743587,0.5591307406638544,0.4317767637867562,0.4944205406359379,0.6305260414613043,0.5585755011143216,0.6740723827888948,0.6027861168008808,0.5881279591044666,0.49775890776804255,0.3463598110325344,0.4285738532828022,0.6171655635192631,0.5878324691857626,0.42177385580739785,0.7009557227033241,0.49038435413229425,0.5745670865380126,0.567091562039353,0.5681055753771421,0.48765773204174523,0.5211563653980663,0.24002911969679003,0.31714835741241154,0.3760480062427082,0.7017069935719831,0.4958096791301495,0.5238107199261433,0.5037940253099386,0.5186129398732658,0.31929581264862905,0.43822088812550686,0.5723473769234803,0.5935100815691243,0.7110503316845003,0.4960642850157513,0.5105227610564766,0.45592163788235707,0.5623937677490219,0.5544489000425035,0.6261765790029465,0.5079732714268886
0.49172565590603246,0.8009141707621492,0.31275484375073964,0.3930696873555728,0.47552383827536315,0.6658970168277794,0.9422806210823631,0.29366635439371985,0.28456552500496896,0.6842970652552699,0.5901445411842539,0.32514053349795335,0.7870515624860711,0.7209405993222444,0.8005190319627746,0.6634594286116785,0.6924239016996977,0.4901703971511416,0.4102690463916789,0.28309031134660434,0.5739373292949019,0.9474233939799346,0.3562436196875872,0.5884259460265278,0.58361919187877,0.31328913153736093,0.21835370644667934,0.5187266579318512,0.0,0.35259653335844754,0.37165683582100995,0.5379502380662893,0.21752097216761213,0.7386085361789018,0.4815957225611332,0.5811578290680559,0.5085894237304085,0.8008388595769282,0.49083364911493094,0.20405919887259064,0.4873761165904149,0.9895180855436089,0.13708602716384014,0.4489337053193061,0.44816719456696097,0.29670338798754464,0.4478770277895468,0.5006624068468333,1.0,0.5654406881929195
0.2723237212820117,0.5931695018348433,0.5372402338194521,0.6405473014320354,0.42268022629984636,0.4240872648026295,0.5185668033955912,0.6124307236339478,0.5879444033765987,0.6715664793234957,0.4766869547889159,0.6140287657583625,0.650180465336511,0.5036840603769351,0.7527563597603013,0.5813331084768452,0.49524219874715547,0.5231461517849004,0.4052385162370004,0.4634862699827104,0.6140357616472015,0.7243849991037741,0.4487137051369766,0.6936269971500632,0.42722140372283074,0.6692784810672625,0.6651435796502156,0.6519606251395315,0.5353306193591343,0.5134978251407454,0.18218635644028625,0.26194187341208985,0.49923738436183834,0.75421141787157,0.4448503557353719,0.44332988006488594,0.5017751444596298,0.36386619548654614,0.33434700510985527,0.5205425631604631,0.6332770507221888,0.5767916655806294,0.7096833230943688,0.5518961061307665,0.507709117588651,0.5395613287224946,0.6621562127905445,0.6466466996461956,0.6500221247159219,0.542860855406872
0.3388441854792793,0.6436491716970582,0.5085033724342206,0.6179934926869075,0.503077609541956,0.5071811617397133,0.7133386365928531,0.4492343705248681,0.5560011705352552,0.6694658024069331,0.5144259462961178,0.43601552952854594,0.7653887208518012,0.6212297446323454,0.729577418446838,0.6026930934170902,0.6668382068396544,0.5380945093497159,0.4126458981831617,0.381669672250103,0.6735930702531022,0.7097004775812814,0.38315821907831193,0.6292107212019515,0.4818011642782546,0.46396544778892934,0.4603867020468617,0.5494235806112254,0.3760913598397904,0.47290317451032626,0.30729629982231305,0.3745576315529585,0.3283399441446092,0.6850052394660965,0.44335463588102036,0.5720656392267527,0.5094004267267401,0.6256141637740276,0.3445345065050233,0.39084008978600676,0.5009634224884291,0.782441980862341,0.5064951950465384,0.5134091588028497,0.5318317127395941,0.4520869750705693,0.5762825700253266,0.5713799979705325,0.7621761063472559,0.564826633008013
0.3108431495715309,0.5865381657208064,0.48752501585966135,0.5418524615213928,0.40184997355291674,0.4618696070888108,0.603196510768219,0.506469135381031,0.5331686490654186,0.6232370453867014,0.4882868863920657,0.5340531282832605,0.639332545243734,0.5499245454477616,0.7234424587211837,0.6196408195126677,0.5241396456002543,0.4942423442165724,0.4007896301246695,0.4223566863618629,0.6003169199404933,0.7110730620913718,0.4325306171667569,0.6906663355670106,0.4669012425460423,0.6229227491673323,0.5776574256355961,0.6269652991840954,0.43679934514705954,0.4844946877119108,0.24230634133422307,0.3279225474960281,0.4507565698330917,0.7409048340705396,0.4997929451349244,0.49525959664225766,0.5135839268638124,0.4409927456102808,0.380177917732455,0.43571090432663073,0.6227482867792961,0.6295418917440552,0.6270227261495748,0.49542878295069515,0.4734084821091817,0.4617272041615543,0.5665995684432241,0.5979810152515064,0.6898575113833528,0.5398638085539629
0.17461100690357761,0.25851876212922753,0.7754359876196046,0.7697586603939082,0.5869230785430022,0.33799534403568143,0.6943391061086526,0.21824147060233884,1.0,0.41371792360208404,0.39949040114673856,0.17779831092553755,0.7924840004304964,0.6924144488178291,0.38778376166392875,0.6275124258905339,0.9282725758499897,0.5580767038389008,0.39806575927639937,0.37224439830312306,0.9438131338048821,0.0,0.3085619417430446,0.6512233534089396,0.45168036053064353,0.41705030457678255,0.4845510385794207,0.39660047013025707,0.7631643123179427,0.6228755374251158,0.5344375808449474,0.35490741352525895,0.20347779022276605,0.4050644718922184,0.5727581695302644,0.9175025165593728,0.5677956075619103,0.8076853670402003,0.15907870127839321,0.3708586471738658,0.3326456719338796,0.6948326493433017,0.8995932142594564,0.39949242906714333,0.6382254702246951,0.4265639924150687,0.4088613151253225,0.45628881271257504,0.4300226317456889,0.5693888409748579
0.34007552371579847,0.5969098043475152,0.49207048738404524,0.5117865354899231,0.4063915981097003,0.5142457621885013,0.6790858967611871,0.44102348058474694,0.5309649525069312,0.6394368487968802,0.5261418424854484,0.474839520417147,0.6862755872049029,0.5910921182689706,0.7158536360813386,0.6398165650486257,0.5659869658393408,0.4987098698599424,0.4357996815316512,0.3895836605869327,0.6338622526228863,0.7198742998191318,0.41023860191665734,0.664307864627905,0.46846739554860434,0.5787339857643301,0.5161865649671799,0.6150185529465282,0.38461672815087666,0.4609764298110124,0.3066975780588464,0.3715911309167512,0.42773557397148493,0.7169243512447652,0.513552701415888,0.5521253831096387,0.527491979929487,0.4983228147430532,0.40538625281606744,0.3877435055999297,0.5941561126667564,0.7144269034279631,0.5399388491002799,0.4715182898112856,0.46771889628027646,0.4328332332509221,0.5246068832153286,0.5889550254482734,0.7384620396007774,0.5675208596334373
0.3341580138831358,0.6795751901226885,0.44514808530724503,0.6145556366721768,0.4957283305102622,0.46511027076935263,0.6525977368734126,0.5204783310172914,0.481315886557342,0.6534721671976311,0.47272368292387135,0.5050460716780595,0.7001093780654943,0.5814101906239341,0.7682219154041864,0.5817200094260954,0.6093369339907809,0.521036980759738,0.3518367834393072,0.4089063420060167,0.5901395525513176,0.7699651667282903,0.41163202913041785,0.6583823871983931,0.5085005651359819,0.4867178852572209,0.4915022633599388,0.5573340377051167,0.3539943067320345,0.4781341086515505,0.2139911485111678,0.3467563156574825,0.32936822778172836,0.740962226477029,0.4221764393167828,0.47620412541806917,0.4834114130733228,0.5866315250322699,0.3395387780074623,0.4206657087748756,0.538872401213797,0.7050757753084147,0.5418440085531062,0.5414765675252298,0.5229023953214149,0.460283568199771,0.618896018048275,0.5674652068692017,0.7533107917856284,0.5186593210610648
0.24592056897986347,0.5256423295324675,0.676247054726157,0.7401339100348219,0.4855141705941208,0.4458622805922333,0.5771368980740577,0.5387803145873618,0.7654633650318898,0.6980712729157973,0.5123633812565119,0.5125749308586808,0.7750074953286776,0.5571626573824316,0.6828819210888325,0.5828486220304907,0.6252343299263101,0.5746137146827529,0.47918267142116555,0.4394645112913389,0.7745939454288697,0.5726211193293056,0.3991606173611746,0.6445681928409184,0.37691143006906935,0.6099210687614307,0.6403040301233026,0.6115474302759538,0.6412686393293052,0.5378310116319971,0.30716749013930134,0.271850110082106,0.4679347314893927,0.64372640942146,0.4381880645720389,0.5942687079757021,0.5313108658968242,0.45102134969818697,0.2810792637643257,0.5137913439159596,0.5345977507054784,0.6763877183487571,0.7228488668602195,0.5409083066451289,0.5683252029007851,0.5646587000094734,0.64559123322272,0.6535094644131167,0.6209962355886569,0.6059629396589472
0.22442507913394502,0.2593554024609027,0.0001260323283656511,0.5962481754626316,0.9134681759345599,0.9008477217149236,0.7313469010770121,0.8687421948514287,0.4963679979801257,0.0,0.1838074551777988,0.3186788852023299,0.8106359677425939,0.7881762913851674,0.42297406963848194,0.7615071116149846,0.20733888516320026,0.8809892529603256,0.8697447386146178,0.3644031757243553,0.4604338925318592,0.6912340507227837,0.015815196757006544,0.48967268531762187,0.36120732158609725,0.60112135473088,0.2433265931179779,0.5246511273062527,0.22420769973164126,0.667433168221267,0.7055490749975694,0.8971725606452196,1.0,0.7672580574819773,0.4402528225415405,0.7029912091628706,0.28726044276707036,0.5088062994504087,0.4165698692577759,0.31732369511897845,0.731364440712135,0.344927980368918,0.9790176003622137,0.582536763629837,0.7581721660804279,0.8594860405958918,0.8674379701492495,0.5021851161071553,0.6496570968205213,0.7252998212973735
0.2468812680089143,0.5374753300629903,0.4253375255872953,0.6585855177008589,0.42069017298314837,0.4622010251270441,0.41005978969923323,0.605518230283427,0.5022521767831244,0.48883250386050475,0.5159185693822819,0.6646997553692838,0.6400334447051125,0.782028376071359,0.5278398507901889,0.6649043597751232,0.6264312999859845,0.28813701978292106,0.5197039663806552,0.4423423968255421,0.40268266259545055,0.4314314607626758,0.23118059425100373,0.3860939613010709,0.5681580696338893,0.5097469507452974,0.4943482988856561,0.5026772834765936,0.33862072383442543,0.547361736305752,0.7323368521578459,0.6339208722023699,0.6604692773516455,0.5749320991425089,0.6538638105432564,0.41232685088842863,0.5187960784030177,0.5157794305916121,0.5120241629927685,0.48735878024544205,0.5930474079204073,0.40315305934818013,0.47939568393175713,0.592879000342801,0.6870300194921963,0.481512127243,0.5666936002101131,0.5697038927292253,0.5069745186694126,0.6005447657623036
0.17863073165999746,0.5208766617909986,0.6573581017323946,0.6136889953418588,0.31831215078917946,0.39416178565727,0.4641948894712664,0.7799826823969699,0.6688589230041918,0.5500221328534272,0.3914242684591107,0.5276674763869582,0.2860510466355578,0.6218485324492509,0.7846359254505553,0.6294722724435788,0.6490719987808098,0.13167120749299296,0.36110981715822926,0.5354458606608743,0.4541902399750608,0.5074770893739927,0.4260518313611971,0.3509372194740835,0.33851243242899276,0.5923341715278971,0.7076462428985147,0.4495001883972394,0.1135946441991019,0.34207279858712425,0.8745672427485901,0.6365852578485767,0.49119897242984856,0.606959745688276,0.8056715945172279,0.499242666195435,0.543848744161014,0.6991478063446436,0.7228760519944083,0.4607718487216257,0.5360030464865053,0.7416368343106557,0.497569293945079,0.8143751995015707,0.7005775718818184,0.759184508904194,0.4447850044530684,0.6351529090772541,0.37135411915235295,0.4237776539743428
0.2129098573034936,0.5321790561206818,0.5713831575447468,0.6360609879916098,0.3663129400702615,0.4029137671666122,0.43785710618035245,0.7026891340437978,0.6300243146607105,0.5355105302418335,0.41355959285380434,0.5647807954262647,0.40213820257482524,0.6775474979376339,0.7121897782811459,0.6510183482620101,0.630937131190274,0.18222136309897224,0.4341904523930147,0.49541099450194037,0.45564006544865715,0.4946233309128103,0.35102302920083456,0.3412000867450759,0.42073276128864323,0.5552768189782322,0.6134200468779313,0.45892960632023333,0.1999867151340262,0.44180642359763334,0.811108516954728,0.6655517564280659,0.5750800787102986,0.6146598377359342,0.7615827541933023,0.46688180204759694,0.5325428857628876,0.6318561478313126,0.6516951538365882,0.44082596309992433,0.593587422017866,0.6279305676297788,0.49671101847932136,0.7477457837275483,0.7168249897574767,0.6923613646886176,0.5000249350372362,0.592589956134002,0.4102699402309626,0.5167710441930342
0.39335343196732053,1.0,0.6540103983814106,0.6582988588897851,0.7599591226874246,0.5237668058291987,0.4374650749955397,0.6513642851619409,0.4628221289298597,0.6485541852515414,0.9302627322486288,0.7480609796811166,0.6006556895570766,0.9199974808018389,0.27312446650593447,0.34506976635261255,0.46909800797932644,0.01737300579024533,0.7019894235413933,0.15844260219809814,0.6455600792531329,0.2601882079070085,0.46265906214453056,0.48468142510112927,0.7590709318250003,0.0,0.6173797293797724,0.698670763373983,0.3439509080029255,0.5808161266070799,0.5813393916487101,0.3107938881128701,0.9326488496267409,0.5298462267620208,0.5369426461086715,0.44743910394186204,0.41668066681998234,0.5168347066245353,0.5293702391761248,0.4524724453854148,0.9005345389887949,0.4324450360321605,0.9080706738897135,0.5988179495969623,0.5632369929408101,0.1904451334314043,0.2181739979749513,0.36692010224960747,0.8102557036785443,0.26939552463244454
0.2198354603742593,0.5521925591315727,0.5343942452906028,0.6301490083816741,0.41924431713295857,0.4682708796260702,0.4586273374396836,0.7144319450550461,0.5624740008748125,0.5017651422196012,0.4920230049586668,0.5984570196317514,0.486649590604991,0.7204106485843087,0.607552279123963,0.6194573926194233,0.6091215166324001,0.2248933379227643,0.4678108235772813,0.46194562891286395,0.4373016840132989,0.45553120938191993,0.3352212141465772,0.3984755551179169,0.46678098637328835,0.513891611688455,0.6043458828185055,0.5023663771702628,0.22403276230779537,0.442434700135014,0.7929760340546741,0.6001592320600212,0.6061220243947016,0.5827237977611697,0.6971390547086996,0.4715094199710542,0.5116231124912124,0.6024869382568994,0.6045430306379936,0.4832662791958523,0.5748104293019153,0.5561940797421184,0.5463400427431385,0.6880150705089656,0.6719534865134509,0.583251702073055,0.48667895774320713,0.5923163215524936,0.4834455632594761,0.47526093334628056
0.19816707851842677,0.47819282979075406,0.44915292201275886,0.6228933111182862,0.41705814880049247,0.5275298366415074,0.48112851445735416,0.7246062333529508,0.5087304969669889,0.4294297115676187,0.47844735626451057,0.6043263710163599,0.5733610887849256,0.7333877589951125,0.557555851864751,0.6516228918095232,0.6076575961892872,0.32785933882435314,0.47283660068743955,0.482212156169778,0.37752618390149134,0.45828927415205356,0.27395642276485566,0.43525528274676967,0.4670665808291922,0.5727110776072022,0.5684650804448608,0.5063102354788953,0.24069030035740407,0.438474426715923,0.8044545149323027,0.6063497365177151,0.5918777501379445,0.5667970343136264,0.6551773057894925,0.4772246993817417,0.5055610551944408,0.576415143026088,0.5571001279898452,0.5241713234237186,0.5040187364240586,0.485799392110177,0.5256461897869785,0.6333518540647038,0.655469335685857,0.548189590061139,0.5454139620251706,0.628174652822348,0.4974003250798088,0.5001230121491756
0.22081637898507492,0.4201173173533518,0.3149340139562937,0.6535064105448246,0.4229002232175677,0.5119015161920777,0.4402750230178587,0.6174453709305285,0.49066550997515046,0.3950899439829974,0.41583582184657497,0.6221867907286377,0.6985249851587659,0.7708964446373752,0.5368470922903934,0.735753470408942,0.605877773008705,0.4218192146957584,0.5371638310760282,0.4789209472864352,0.35657453418415896,0.4842050946651094,0.14867407222919343,0.388112126069899,0.5273586262388911,0.6087119975388142,0.4287153374581433,0.4758807039833165,0.341062627128737,0.5663714486203689,0.7479796003750865,0.7174058973191524,0.659581436737922,0.5991611751095901,0.6353385728577987,0.43358631254407065,0.508495884500392,0.5002399389258585,0.47947819761169985,0.48221502185586224,0.5496907778711932,0.3617821270686558,0.45754255525445575,0.5698059381859502,0.7123563644267087,0.5498319702917293,0.6734046784721883,0.5976659939064417,0.4815717299500522,0.6836858021213034
0.22244883402639337,0.5847547648972039,0.7508470251121896,0.6405940003081999,0.3341450773840139,0.2549368065129724,0.4203194505711655,0.7323701048249018,0.8417745911419096,0.6515611817290408,0.26024061697272605,0.44108972888346565,0.0996768056716285,0.5672679824792449,0.9756937509166796,0.6505041732776184,0.6186406359817079,0.0,0.3912100850719346,0.518744389020853,0.5931329767121925,0.5911593450279626,0.48031850096322914,0.20643301712444992,0.28811718154497123,0.5470919810692328,0.6917515932006985,0.38326029277871104,0.08489650421858469,0.4247177858289512,0.8412684968261918,0.7817213546604475,0.5632551794082767,0.7146308790402619,0.9226734091707538,0.5014586828011425,0.5491029506410711,0.747588275893112,0.8213242948008507,0.28969598429604887,0.7393686950984467,0.8967346056118742,0.5211397858852612,0.9590203016067307,0.8184988777391066,1.0,0.4399693652169867,0.5396842265730369,0.27554478789238956,0.5201867535773879
0.18610181341615073,0.4898730142922057,0.4790991560401138,0.6112982775408459,0.40713955655041684,0.5464217160927728,0.4945607022909694,0.7578451922193468,0.48834797416163883,0.43116614147752863,0.5206533052273158,0.6170367844992112,0.5635211594626296,0.7312282046193741,0.5360927489740911,0.6230782578331318,0.618011108308241,0.31229278089851564,0.4461703123308413,0.4859738441753668,0.362730495777961,0.43482301801907786,0.30429847021736345,0.46837331734976395,0.46102339610512755,0.5668824847842235,0.6133578949226932,0.5246511636916902,0.21861467053872402,0.3892483286317712,0.8250363894177488,0.549805997089915,0.5584728927395248,0.5392471871883953,0.6461698666767381,0.48510313879272343,0.5069169647723057,0.5905575923808002,0.565558778178654,0.5631965528733057,0.4603072139131828,0.4983424221352017,0.5352471560123169,0.6299205630341126,0.6210837870245023,0.5064835565095106,0.5056057992989129,0.6511095004351992,0.5146223113890537,0.4324827282352415
0.2128469481255829,0.5911302941188193,0.5422344594534119,0.6111516116802115,0.45384500894904134,0.5482259816179293,0.4912539652067893,0.7634604054544086,0.4743344347557832,0.4784832625388451,0.6229676719579682,0.6495390187157193,0.5516086861550121,0.7587078803259045,0.4830016047867277,0.5520450616106275,0.60460078909156,0.2378504742093962,0.46438659879379424,0.4341296304982773,0.4032092447471499,0.3865881077079413,0.3611917526136917,0.49191077747563305,0.5058881591423909,0.4637157175371163,0.6539472799544804,0.5663869792474561,0.2208459506499636,0.3820830894132159,0.8003384795950301,0.465305504937137,0.592805041705957,0.5170510740201635,0.6273690637422873,0.48266015989915345,0.49542391788916795,0.5923397362646271,0.5718850259629252,0.5719498656857005,0.5047142444557221,0.5052330036123734,0.6021543945257786,0.6281723872828509,0.5865891453414208,0.4246438745339645,0.42027105046952296,0.6192993144828981,0.5733745923311118,0.35059097088614494
0.15432569150525705,0.35327142253045407,0.28304800955133713,0.5828629724215089,0.5301916061292031,0.7424265361889164,0.6044778008786063,0.8442810195644532,0.39453434697525713,0.2270187444425229,0.4724797267364129,0.5622846117435396,0.7276614278221374,0.7617234072186648,0.41109283591493406,0.6608847645760851,0.5182765905531533,0.5733558380141349,0.5329471544944387,0.48147758261662166,0.2953275824768653,0.4745351424459479,0.19046553325149057,0.5654285185922868,0.42883795285528503,0.6386875886746742,0.5281556049426128,0.5556240515113192,0.21281504765562712,0.3947362938827298,0.833086680954319,0.5735865887214574,0.6174598214655943,0.5433709401476126,0.5243418094895278,0.5612668703443053,0.4411626894852934,0.5536626334934394,0.47602933183469265,0.6004863546338032,0.3880920024498308,0.3835992662177202,0.6441603629531372,0.5426640624686564,0.5904889072452668,0.49844553937630054,0.6222472716828763,0.6851290667258028,0.5941774045453112,0.45113876701543415
0.29687606404602007,0.4973095814398589,0.2879005999681054,0.7644092951156466,0.13799673746069954,0.20351218081668027,0.13841414817203432,0.19905731823976475,0.43343663219717865,0.6395288192196793,0.5312806077495229,0.9064261038947211,0.89509122459647,0.8712422804992789,0.5197495620259407,0.843420027886278,0.8676753284346741,0.2434811617881886,0.4705076795019554,0.5012843059972308,0.27617050063508886,0.35331560424238706,0.008309668400891514,0.22928794104357877,0.8256135061219672,0.5969066400700864,0.2752242185861662,0.41107237434673605,0.656309938076642,0.7846472368905758,0.6231811538333141,0.7677016740733373,0.611271549021193,0.5358501725594372,0.709420592071932,0.14184181761750186,0.6592161134395809,0.320781306226024,0.3517170090380394,0.5074405743928578,0.5730018430461447,0.09591774414421908,0.0,0.41425540444118786,0.7795225609500445,0.26038398745678354,0.7502515168303843,0.5623546414516225,0.38295767483124843,1.0
0.18753257304997348,0.3897657399032237,0.3083819285298539,0.6339961218352802,0.38624946309164,0.566426529968393,0.46354914055493557,0.6616235412356328,0.4206112913207803,0.3612372098327753,0.4777361257860574,0.6586286644042572,0.7446348565551995,0.7772584901927907,0.472709539123394,0.7169346953281583,0.6368823787985989,0.45572860025887113,0.48851565533754954,0.5037674008197739,0.28650734883141515,0.44288802955693374,0.15263760156269768,0.4590199827369009,0.5269615112270485,0.6433677729376599,0.4746283514974315,0.5035676847589321,0.3272445969952977,0.4885111502412176,0.7874973307415798,0.6320452232344883,0.5867096059652146,0.5400684495155627,0.5991600284026312,0.4372552368947406,0.5154171300233374,0.5004640532301888,0.45870828914428663,0.5761524810904395,0.42666270357503966,0.32754923335768915,0.4338020874242625,0.5231597296089878,0.6482624150595573,0.4489363257952277,0.6508717003171994,0.661121449312641,0.5102198078843418,0.6026499166164737
0.26057721545093215,0.5461574828575904,0.40967049865077737,0.6267188290506376,0.6593910991853404,0.5904381265331491,0.5467132739522894,0.7612388812377954,0.5849493617730066,0.38073140230868197,0.41211762116051215,0.48650501430578685,0.5402002011249813,0.752223957968982,0.556064121332036,0.622742332355566,0.42898953105767174,0.37354109752976145,0.6531428166689138,0.3728915220660116,0.5299113666342615,0.5363285745571575,0.2758396932418925,0.4029366584957324,0.44741681752422596,0.44369567327957166,0.4895770474330043,0.5233356871876921,0.2176985931929717,0.5559574488770171,0.7245758613924873,0.6968271588114081,0.8170471712273182,0.6744877372978578,0.6208352472353987,0.5603215634532502,0.41547393885447603,0.5829423200210193,0.5694706489389367,0.3646974095832704,0.7470690226710642,0.5315840569268513,0.7811938430822576,0.6948738183264193,0.7185159818866889,0.7058084650758754,0.5630305019303384,0.4952806432129307,0.5654970990442939,0.5398612133553657
0.27160572846392206,0.693629749464037,0.5637918598388787,0.6395041821744525,0.5092754905989978,0.49176476431739224,0.44374836565098486,0.6837308619599554,0.4999157419205857,0.5486341753491306,0.6647127631120999,0.6762339086104235,0.5579461383197626,0.7971798170126098,0.469028725365906,0.5291982822064524,0.5844271708917604,0.16381644180888216,0.5305941680852213,0.3685682236404997,0.47811896341438753,0.3699258163467388,0.36641105852634803,0.4432501829253177,0.5828976221183078,0.3532517305971314,0.6102699304123939,0.5742857710874157,0.2798497190512143,0.47876980088012755,0.7263469741916513,0.47992532898412327,0.6926283039695456,0.5425825631321404,0.6319956358346146,0.4489235569442547,0.4888523091254164,0.5609831225409494,0.5613449652227832,0.5051843772059676,0.6450778146280278,0.4827626422331802,0.6360804944196895,0.6303325258859757,0.6183710652921212,0.40066217977916885,0.3981951421151936,0.5351241054126987,0.5993419561401173,0.401144393832444
0.0439827073246197,0.3275419644867956,0.45698707994411464,0.5323085093027622,0.2547624641842482,0.7403956162201131,0.5981651248102107,0.9512956368806278,0.27583412308749516,0.28664975748887095,0.6635316384330472,0.6968457839350263,0.6740714980909872,0.7136610996169721,0.3741427881533187,0.5834382984202501,0.7243122214286367,0.45484815024339964,0.2489206003844807,0.6101803063452717,0.10842819859586732,0.33085481432509184,0.3220678602383131,0.7063872142012133,0.3930026657562274,0.7511477892295528,0.7887559174570056,0.5961011498018187,0.12498387100530267,0.08380095872732617,1.0,0.2923693625318411,0.26635849002599365,0.3512698439937977,0.5464368526213201,0.5238108597495567,0.5334827395296273,0.6230879766779955,0.5239370393341193,0.8819408382431249,0.0,0.4327614792003272,0.44169656538739294,0.504709077514953,0.4135188394921945,0.24559808714169437,0.449919962303774,0.8988693023037265,0.5713246288049812,0.15286337487641533
0.20499576512314216,0.47592252665342943,0.43651015182103736,0.6262072665731452,0.4365254310873447,0.526510821401668,0.48303081958879124,0.7190308126988079,0.5225196441362434,0.4235485659446393,0.45581527511297437,0.5888893906294638,0.5713745012251564,0.7331633692224895,0.5677623279937396,0.6602240391426114,0.5911580061415515,0.33789081518721,0.4929427209963322,0.4752651588955584,0.39264920934400255,0.473846635925371,0.2644751015079272,0.4218928146704847,0.463648721354724,0.5690057022470731,0.549166154185306,0.5002500128939383,0.24342859107059017,0.46077419800048774,0.7942524757718379,0.6333810114967621,0.6167537970682655,0.584483539726366,0.6569613888667423,0.48233540336260927,0.4986545922504654,0.5741700591364629,0.5569782604710806,0.4996477122526615,0.533720671383459,0.488104237970981,0.5406140082440718,0.6409899322236786,0.671937445734294,0.5782627108593703,0.5609075997807351,0.6127833660411721,0.494405942329729,0.5248449669859873
0.3083685030254651,0.6827352060798508,0.4879027829379221,0.6834194339584831,0.47012054164229033,0.4051279451519575,0.3578271354306007,0.5333589158846805,0.5080856986252722,0.586231976353203,0.6228440595266447,0.7218970166121352,0.6417985326051715,0.8307020474497606,0.48379285411848366,0.6047507592604227,0.6211902215628164,0.17103394529278915,0.5687460599866145,0.3651057929970485,0.4766332448735304,0.37827971450984693,0.27039439737832677,0.3603863642075922,0.6663300169031029,0.3634508895372214,0.48931005165930275,0.5329292952453982,0.39523991991917323,0.6156884100070799,0.6605894605332767,0.585324036740314,0.7441560273610693,0.5718531410867886,0.6509259655294499,0.37097833890073234,0.5165457258974995,0.4882611776897297,0.505300485676204,0.4513745709835916,0.7173109471319504,0.38236418521614535,0.5204029237239068,0.5869271646117261,0.687321674164057,0.39247820355472013,0.49298336635641277,0.4905961767520836,0.5576121146842341,0.5914187803732114
0.25443079511176325,0.5718451616559613,0.41476241691788024,0.6486404042254008,0.48502160486438506,0.5256080874291585,0.4398625607796524,0.6367807364347938,0.4535264750070357,0.4629837557261949,0.5902233584765504,0.6816479608677345,0.687904959449698,0.8142326924739474,0.44098865938589804,0.619973112814673,0.5936613247763467,0.3106707505436021,0.5521237983513494,0.40464481186208434,0.4035439712435623,0.3989420416622795,0.24030980919968908,0.44083485612752826,0.5964894369865257,0.4560214532938215,0.5049230563182028,0.5470678158030061,0.3402609059577197,0.5353423483459175,0.7196399818529998,0.564794498257624,0.6940074252264768,0.5503250265514947,0.5991995246874279,0.430253462735011,0.4930706709120363,0.504257051628441,0.4861455457309181,0.5181639059231966,0.5894914926408804,0.3668790964205737,0.554945277461055,0.5576314396375929,0.6434290920260439,0.3991250110805549,0.533239718346346,0.5634545463173355,0.578632847513244,0.535459770016307
0.46605184878069217,1.0,0.5045470842538982,0.14904313741859881,0.18906793743633193,0.8350027615854476,0.568948200782417,0.18284709938286484,0.1810998940459742,0.3933064721734944,0.3396843116238613,0.7823581346284152,0.5963158775715826,0.5911181898226678,0.8970410642308189,0.8485749630380879,0.3026458929926037,0.26375922500133564,0.4237364213394809,0.682938388465432,0.8620549628521598,0.8062224230861554,0.4155643922069459,0.4231791214916314,0.552796442277243,0.422823063027394,0.2921648948919856,0.2566392976055529,0.8301051230700536,0.7750678920753321,0.6779570076534212,0.39898206566129435,0.6161132466451164,0.19572484368456372,0.42555172889142046,0.6361626684324351,0.572985678855052,0.57066108928545,0.2758162702732351,0.4658471734068245,0.0,0.3259850001259543,0.9206926208405511,0.8659837228536507,0.28421362331153105,0.6953838510574627,0.32524780375729684,0.5982155034378235,0.309026337716718,0.3761455006637061
0.4231530819601309,0.9307002666223334,0.5301879408615174,0.2612677610501101,0.47906483397257804,0.516864580910576,0.5643494183123734,0.46007426619351477,0.46216204919844195,0.41682946295843526,0.4635169197568577,0.5356818246282152,0.4489995712708499,0.6195024985423744,0.6453467084497043,0.5657677691476781,0.475068019383437,0.5628492568739966,0.42459312885090805,0.646384470370281,0.7008048793171687,0.6572163999430622,0.3779025395719957,0.326183608273729,0.4296213769578906,0.5531380306520155,0.4157398379775067,0.3950241541293185,0.4821246581497476,0.5593332614595152,0.6700474058253303,0.3883842169923253,0.5531582042443213,0.24758852752493532,0.44956043723259576,0.49051628843938366,0.5189947899758439,0.5758715779216445,0.2681966852532207,0.6472700605558713,0.47757934248153716,0.30068911059204295,0.6594324117962341,0.5775937073373535,0.2589994279953765,0.5754010639878384,0.3413983191799297,0.5370077765013428,0.3430792677162421,0.626131282345583
0.2896543500856471,0.6744198703757074,0.5771610910388261,0.3114666931664889,0.5267355833511513,0.4968863701671079,0.5993241599651011,0.6306879479527598,0.3498050355005303,0.5689406306686766,0.3603411150072101,0.6131149113538124,0.5869067127789559,0.669772679338531,0.37790882270607684,0.4937851191288148,0.5207582339405349,0.5263084082957795,0.5771274490743319,0.5728927442583795,0.7010867698625463,0.7898899993000402,0.5424515322858939,0.3161844240943442,0.5816872699581919,0.606174188421546,0.5715386352704905,0.5147067968000459,0.6132534276744295,0.6345447044755002,0.5354403349778774,0.5343070217124035,0.5076894471888317,0.4407478185205142,0.4602529381573729,0.4575413050697154,0.5168196724191313,0.7306864246383479,0.3344808968027379,0.4646104791424165,0.5042153098153773,0.4440181219890451,0.5145605833057946,0.38032660441149174,0.3495662582466922,0.6385330201006054,0.2576386483747583,0.5956408771791173,0.2286364058593579,0.4956237690393963
0.2923973106271561,0.7170021127099765,0.6335323378223365,0.35437292246412316,0.55395707643682,0.39039273214790415,0.5580688731005016,0.6141811233076001,0.45266826957283446,0.5056588721730652,0.4077139079845693,0.4979436690601674,0.5005196792419657,0.7037488819458615,0.4079127784571639,0.42887125249210556,0.488982843494841,0.5950063331150128,0.5680726017922323,0.6279048914031213,0.6213882935530909,0.6900431980223252,0.4652027701380636,0.33892851599693363,0.48246383210748767,0.5955552458060328,0.5408481660999894,0.5806371400079294,0.46801059920398536,0.5705492845538498,0.5802392831861392,0.550552192806447,0.44222967626864595,0.45071888744477706,0.4013438037074027,0.40698563279442723,0.4781094358197683,0.6616841264351582,0.31051309763039736,0.5950470096762547,0.5781584561442421,0.38197301371087056,0.4669019010867006,0.34251692941094813,0.2855931640913201,0.6018710563280723,0.251775449847652,0.4798187749753802,0.2964819848521188,0.5858798014513422
0.2865753052358821,0.9773515773652771,0.8393466830523068,0.33192910179779245,0.35189074419549865,0.24406264062633776,0.6720596062356041,0.863749211830254,0.4796107410743771,0.08107417852252619,0.678583920735227,0.02100169691282218,0.3218317431019279,0.4406503607589295,0.6512255134918349,0.3539952205150022,0.4695608719410739,1.0,0.4848784834696346,0.5846537285340108,0.848692419706337,0.48135006560870053,0.11353014514713541,0.3228084090426931,0.47059071228198757,0.5774242168469135,0.5132812452884397,0.4605220973520449,0.09005293598096693,0.759499482342204,0.360344658540449,0.3776108129971496,0.34842783374476805,0.13720117611525018,0.4350343690448603,0.3316862205724972,0.24660256572265518,0.6227695374141275,0.5541676370794081,0.7490062035683511,0.8358310496654635,0.0,0.26778169153090575,0.6862316673029469,0.22403343615635105,0.06861049567386844,0.22785374535506317,0.5872163483764831,0.13292263901133525,0.9750045272682558
0.34823165020701013,0.7658227946856129,0.5745642697205876,0.33888600626360327,0.5658308548533555,0.4388248894063275,0.5121635794215469,0.4682429512901367,0.48464161143726314,0.5349319463533173,0.3823271768791664,0.5795884189842282,0.4868931828770777,0.7489705468550725,0.47632243027266785,0.48436191239859006,0.45857777704276903,0.503496475966992,0.5277826451145479,0.6771725770661502,0.5678433245193143,0.6834380925129927,0.475073062200452,0.3570880152350783,0.42087541388187844,0.5683903937165082,0.4740689441570201,0.5630201471690705,0.5088870669454123,0.5037493099358604,0.6902532677647719,0.538412933326205,0.47587926560126226,0.4477420935486044,0.37856963648625364,0.4399027859020871,0.5307655159573995,0.6006390649119155,0.22538580254406393,0.6358168947734211,0.48461147456873976,0.4084353513990928,0.5802006161980323,0.3529955630993946,0.2573232685454839,0.7049613706479921,0.2872079043821419,0.4190310428038529,0.3861946530592313,0.5408226718313417
0.4357321042973867,0.8702788782076973,0.456640314934037,0.2725964063954799,0.5789060417109377,0.5256684000688996,0.5332116185054153,0.4161453008932271,0.5013737050373738,0.5361372863787386,0.41221321838637626,0.6420873195976524,0.47170702998062797,0.6878323297303834,0.560761091666181,0.5593509566526427,0.5118842935024239,0.4903720376332677,0.4289430074099603,0.6521205288639363,0.6204920632198897,0.6918222137426248,0.46565421726473544,0.3101751025839348,0.4083347043521382,0.5766631836473097,0.4299599432870467,0.42518848542209786,0.5392555715961471,0.46643173705794816,0.7435985878503741,0.4129048676412965,0.5886533256375548,0.31912895733549285,0.4541573392994536,0.5007709069848263,0.5849616948484331,0.5795490647363077,0.19058080262565222,0.6357754153883518,0.4706778539259287,0.3996300428744268,0.7004509280182196,0.46017621830587074,0.2720311645802905,0.7079622089657343,0.36457960031478487,0.5088015926872542,0.4003120194629526,0.5586345143602449
0.36849143035035015,0.7723708559292146,0.5119581901513245,0.31953827869062035,0.6281924590978669,0.439296087282164,0.5456665181531977,0.5414534383663246,0.5118959239303373,0.5624562406819413,0.4106184974871175,0.5838311566030479,0.48252752756286216,0.7055147545651405,0.43172711902295213,0.4693485447990342,0.5430994799971585,0.5558360825391881,0.49215680782841253,0.6256744242710166,0.5958078710900074,0.6941121404503318,0.4919803446202786,0.2994190426358198,0.4368523988295326,0.6124229245716803,0.5068690519521535,0.5072460816477666,0.493058444901904,0.47221982584271754,0.6764399682199684,0.4723743601257893,0.5351195953708192,0.3962858445927033,0.4479295110459581,0.44896164572287356,0.5504627473804944,0.6307691962354494,0.2313842527456453,0.6184503865861679,0.5775103309377572,0.4195285195655326,0.5747627666659032,0.34801073053398457,0.2893817967216172,0.6755984979977214,0.3238405654591807,0.504527282507827,0.3579024137487058,0.5792097540201577
0.15956182090874466,0.3783029321609371,0.5270493683129892,0.31775640625411694,0.6432720801250751,0.5204184291302377,0.7201371698323238,0.9660568482636309,0.2031709682516215,0.790202915770144,0.2746171691642593,0.7365737562351936,0.7764027234753438,0.6277040954496387,0.0,0.41647207055852015,0.7128782963377176,0.5527573885104022,0.7040435653394993,0.3784970368670117,0.8023448971018137,1.0,0.776105103322578,0.2072765441678104,0.8370186499835616,0.7369387783338449,0.8174163088997304,0.5303074518183621,0.7947766499954475,0.7265802638802779,0.315616840980347,0.5888295459345043,0.5681413963132772,0.5648321115745304,0.6078118336886608,0.45335478303413806,0.5460976288287192,0.9913792836498131,0.45290379132657255,0.16511160444373418,0.6499465729766752,0.6336784097051158,0.34632616791708415,0.18693704714321685,0.532797014372171,0.6496788493531196,0.21324414105436457,0.8595377158456992,0.003452961427090499,0.378104993989926
0.3538617441746917,0.7791759160222436,0.5210235274786317,0.3145096149448683,0.6486220335208053,0.3944675650549838,0.600563919628971,0.6893933463743105,0.5237631316047,0.5230254640392783,0.4717467057528195,0.4932083684169898,0.4641790452275788,0.629568643240812,0.3903419691329331,0.41941935115220874,0.6139358494075997,0.6814108999869399,0.4793685021457238,0.5639631385058459,0.6588836217219677,0.679051313311089,0.46093917869807577,0.2497220123357416,0.4719896363041082,0.6547231487838621,0.5593247259454436,0.4701134324568655,0.41650636386310713,0.49779501527787423,0.592976329267037,0.4171528136595198,0.5465079092107084,0.33304328284598617,0.5075074527442381,0.4282644435724485,0.5132839379257305,0.6749320414511254,0.3002475389061102,0.6082401476896397,0.7190624507384492,0.374092947707541,0.4915501403154643,0.368963341978655,0.3163963102676085,0.5502407369921207,0.32882755856186097,0.5980514172393054,0.28138574531579313,0.6712338744143258
0.38484351712497944,0.8823413171971427,0.5711992755017101,0.29848701747075457,0.5232837977049005,0.43688249008734675,0.5660357473130591,0.5425230183710832,0.4975981614792498,0.4196854954279525,0.4783260540497166,0.4705982777476989,0.4332438136300316,0.6330466443082097,0.5684797925293691,0.4921899799573185,0.4965325201667522,0.6274671047191587,0.4568055088060343,0.6374882940759539,0.6696188371550127,0.6346023769844911,0.3761636124063382,0.31823384280827777,0.42438497041558765,0.5777916699119567,0.4593708415227599,0.45500567666093494,0.4147775666385555,0.5435740277631509,0.6376885338623057,0.42072874034465013,0.5108199487229196,0.2907202621891773,0.4394907363526141,0.44694216895293404,0.4899776621486587,0.5937923319150694,0.2886159493456708,0.6673129281116468,0.5735573188212182,0.29800946705191467,0.5690526063650432,0.4992264083270288,0.25749123413786523,0.5416420435621864,0.31920618735586026,0.516076241433549,0.3300811662718993,0.6667476401311019
0.37094057881074255,0.8278534013628178,0.5587710664516348,0.30345067641710954,0.5308986983342718,0.4659629694403489,0.5531576588583675,0.511166455401592,0.4665418161190107,0.47997319759198054,0.42758355869691644,0.5439671489071477,0.4755289457967013,0.6720205593790873,0.5289770990325605,0.5077526989621151,0.4860071675394838,0.5577516354681402,0.48655780036545965,0.6421651760803891,0.6479764955078231,0.6780998004733457,0.43350241449099675,0.33006489763731234,0.4457516816812917,0.5744739438548766,0.4696648544702992,0.4814568423470806,0.4895480420457028,0.5435932204151653,0.6503307668231346,0.4640026018383684,0.512757985853927,0.35048517885756647,0.4277451015644784,0.4576507726014331,0.5163179423196467,0.6110134563224883,0.2676033287779117,0.6240016674797652,0.5144942896253336,0.3566361313706278,0.5889096389729488,0.4529135088867925,0.2716251260411796,0.6179320915507438,0.30807207780346263,0.5031092439423696,0.33819066937636966,0.5926867175285433
0.18597609857966899,0.5934688917745562,0.8803373010018993,0.513621829075955,0.48233270600570394,0.24760226715664693,0.35884507455027675,0.33729482787541154,0.49055197801911027,0.49955660669637847,0.2754470665625317,0.46749008331572256,0.47454118144009155,1.0,0.42700384888257736,0.36426959099004946,0.1892878529226684,0.4044748028176605,0.7474897786900164,0.871419052487867,0.32671921652108976,0.6010194992301435,0.45092281986472926,0.5621008144902551,0.3229922382617156,0.4625773831648736,0.44994209623989595,0.9504200633702738,0.43903899251433537,0.5307660215182707,0.719870074364702,0.8951170499702908,0.15621225180687925,0.7995367576746625,0.07465790468613635,0.30441010349824593,0.42186462294031146,0.5177451488961071,0.19866091714082715,0.7560248542269752,0.3366606917374032,0.41365078771790936,0.4134812067756377,0.11514208201284327,0.12778808487022902,0.8233324796001544,0.102499493140956,0.0,0.51073972267327,0.44697511265234446
0.34595781811954746,0.711869940188998,0.46523576280837764,0.28079386430068576,0.6237497444522521,0.5104600720271575,0.6202339453257038,0.6615271103582996,0.4144913656061316,0.6158978866501766,0.3928466747931034,0.6474003272454423,0.5653221361946215,0.6336785727090146,0.3511196425536087,0.4930486870982105,0.6225703899388474,0.562759702092933,0.5059896982577262,0.5294916222839641,0.7065170286855242,0.7917090162343681,0.5634524259138124,0.24556255975914199,0.5642134821716476,0.65427952565037,0.5823205107747129,0.4336560098264829,0.5961007477623278,0.5506987866291613,0.5741525027960042,0.4363509623907134,0.6015448149124958,0.3673219929304677,0.5415441803076527,0.4813679904945085,0.5665844733830023,0.7366097424726116,0.2989537587861795,0.47309167779098377,0.5977337167021612,0.4664198483380751,0.5574076917623548,0.3745470470238244,0.3747529703519672,0.6435742927909164,0.3263239409292619,0.6754836957847469,0.2392186422794059,0.5371692898477092
0.3679784697743889,0.8408775029638597,0.5763793806962638,0.2994995479656102,0.5008075183574205,0.4714454273590807,0.5583984660677697,0.5112372680784849,0.45026464282391887,0.4539131884522355,0.4337879551004928,0.527643280264375,0.47489407512784493,0.6592132325834508,0.5534736921278072,0.5160800783296567,0.4707916280797998,0.5634595963459177,0.48771260707981573,0.6438238339244263,0.6672199985614353,0.674352312280453,0.4159402057075422,0.3381422437761533,0.45286883247737747,0.5648006467633558,0.4629275017843347,0.47480823855489324,0.4868975224227468,0.5695832745353718,0.6353526853208891,0.4625342345527221,0.5040892902062177,0.3373017724806038,0.4232319728309115,0.45839709304916443,0.5029772483535068,0.6093379981070667,0.28389700141495805,0.622307151519855,0.5008435887784737,0.3366394361874654,0.5861960328473159,0.4836035111571116,0.26840704186406306,0.5946380855717059,0.3009831963011876,0.5068636194150318,0.3263343491550288,0.5987901180456823
0.3616453435701585,0.8386754668917357,0.6065228055197607,0.33359626901811235,0.5337202291725278,0.4057351400874623,0.5252309728593196,0.49515150411831166,0.511948173782575,0.4447132869098554,0.4436090539491402,0.4814886111202402,0.43480892709647734,0.7015945410465634,0.5434681821355426,0.4715984473038992,0.4521284022484928,0.5839425529735165,0.496300730700194,0.6800417660378866,0.598894813626923,0.6263169982841112,0.393753392631771,0.3546589446158315,0.39483852231282485,0.5614499322544483,0.4529036246932355,0.5351676948355657,0.4178495871926289,0.5195834487350637,0.6707499138432261,0.4936588919884089,0.46124736337141187,0.37519972208295027,0.38079218810947374,0.42598604235564097,0.4897033657468399,0.5736614280732929,0.25720001689975774,0.6914926316570444,0.5371322151924772,0.3253989473365826,0.5562070977406883,0.4251474787997874,0.2334749288852179,0.6051118735397134,0.292754598828276,0.42387223200442287,0.3756382764621008,0.6292625314438139
0.5842029672746294,0.916939672580761,0.14278033850780733,0.25885004895662517,1.0,0.4359888659055869,0.5217815541284601,0.4840212777073963,0.8289394672105338,0.740659277495235,0.4943792067113681,0.715589501587679,0.35408686651464394,0.7003218765121835,0.37923816793823956,0.4535684626102745,0.8141202127798548,0.606326314050409,0.24952907736915708,0.582499835081077,0.46204873130992674,0.6355592106238961,0.5504872189576346,0.11531807567078427,0.24892910383231656,0.7379481071164394,0.47245310707530375,0.32688483527741236,0.39167771645945226,0.0727898939565385,0.949848302138852,0.20411832481964784,0.8033216778249804,0.2288598730560226,0.6245311298748675,0.5091269286194691,0.7428502193934893,0.5500125572911568,0.0,0.7702303553357397,0.8354212323449371,0.5130414333636492,0.7706905622927295,0.24094916807119637,0.29880657768817476,0.8152008417620183,0.5598331158594421,0.5844472427489372,0.54271282414828,0.6992340245149148
0.32284284737101937,0.6727340647916433,0.5329220538375955,0.35620460723238034,0.6683236112062185,0.41036784290288747,0.5269309801555373,0.5582514871828435,0.5045425039482162,0.6333030254888732,0.3606554657146161,0.619356733697765,0.5178671524371423,0.7673541627584523,0.3314678435137606,0.4317837483517704,0.5397513959250764,0.5188833658754088,0.5531803653611567,0.6308228818607012,0.5403563308445306,0.7244154167167703,0.5555163696716678,0.31233300815542814,0.4523798078571674,0.6234752568680628,0.5476878285498954,0.5899600354751472,0.5277586665601712,0.45835582675053055,0.6719194054262182,0.5531075155820873,0.4999144767226554,0.5040025021279781,0.41925510367867824,0.4269411566053417,0.5584145473828727,0.6591994640279549,0.21863193748306198,0.5887229732782824,0.5747702108475461,0.48518124075344005,0.5308939622677937,0.2322181274984591,0.3001497365497164,0.7438909328593106,0.2919676215716494,0.4621838358218282,0.36397707966866333,0.5215138524209665
0.2721723042838007,0.7977925962818097,0.6980145752882997,0.3245075095488065,0.4846911910590339,0.33851006146980306,0.6694712499543661,0.8544098509948972,0.42706641694005965,0.33849393732287014,0.5435457866635346,0.2845958843053461,0.4558934917244501,0.5217349127718918,0.44389206186973806,0.3807735986562066,0.5598700512160841,0.8329573375246309,0.5327510377889085,0.5306081990640705,0.7988486521391223,0.642417160713871,0.3397617275649569,0.2782165557434765,0.5556256579082469,0.6325626782485703,0.5946890206982339,0.4766942285427749,0.31942931273525144,0.6950594268093095,0.39833960589903433,0.4318437974126352,0.44292747061757104,0.2748953165224973,0.49297080574287455,0.37999565691807424,0.3723005347842205,0.7198936890425419,0.4777066681274836,0.5846849606524059,0.7735400331945921,0.2249767077573053,0.3319853623200346,0.5035747826007229,0.3158175455702515,0.30215805183590094,0.2472504897101796,0.6555674027892492,0.1332264975562179,0.7758988605018768
0.30525735791628966,0.7525567456931116,0.668380534975418,0.33410142648042546,0.4100963788844882,0.49808855618131936,0.5129751878152051,0.4151876677984006,0.355832382343027,0.47590272448732307,0.3397009205048775,0.5874503500088225,0.5402300022562542,0.748728736971291,0.5525909560551752,0.544663083568453,0.34643702883069744,0.4313261341865977,0.5863120103952266,0.7046290944039549,0.6267086715275191,0.7178578641299624,0.45788277353664586,0.42873660325644564,0.48136256006711964,0.5052743967486135,0.4491305305544392,0.5852039370595643,0.5936416802403379,0.6434760167510836,0.6311245728022465,0.6097545532684345,0.4144135519452334,0.4786003856274393,0.32042740616996296,0.4514942848940913,0.48998833969738664,0.609110044831592,0.2808484630697098,0.5753161569554969,0.3201753038242667,0.3819631296080382,0.5856404920913325,0.441207149823144,0.2513292060215156,0.6930129930671193,0.22412959246386552,0.3962278280309794,0.3426343860059661,0.46613358721120024
0.524038347528757,0.6051540132542931,0.4046433852363437,0.6094293773670847,0.43136241073589693,0.8132268379322389,0.47310860274907907,0.4671184528046788,0.989188928385435,0.7301537506086988,0.927275316814893,0.4641664199122344,0.543950756220981,0.784730185539159,0.8115014689076419,0.7102642107434111,0.5477864918982983,0.8586801630811046,0.7552711865114236,0.35429752498777256,0.629113983791506,0.6608229097274507,0.7200713922652662,0.8619492075233656,0.8795812926175427,0.678952161436927,1.0,0.0,0.4538515157425499,0.36200596746883595,0.4160210715994276,0.9071819248757733,0.5500473742792166,0.4451363436393185,0.588521881487826,0.46290977277568934,0.47893607281216216,0.5726325729613072,0.277375051666202,0.5908847886099254,0.622906809229882,0.2582114517593272,0.42438096042487744,0.4940264953269396,0.6628033230888213,0.8312184053908013,0.3722560218876338,0.43485763091462626,0.5839766531781657,0.2872298505370627
0.3642081533236912,0.5878922965633657,0.4940624969574288,0.374809270215063,0.4166477518658314,0.4534421262110636,0.5047365756151051,0.4528041568304103,0.5425340082271247,0.5495287019152589,0.5946537158937067,0.5972453765771306,0.28529754287290937,0.6654753819483415,0.40357315370191454,0.5431499552315397,0.5173111318177357,0.799361826873925,0.6595062545481921,0.36879484392835754,0.4407301949256504,0.5083508479501089,0.33516942413981987,0.7535181052807562,0.40572167571748124,0.38927812336388357,0.7180183650684993,0.30295797437282634,0.6381176274088705,0.4734466129138947,0.4575908723026324,0.6445471390068152,0.572645858635319,0.45428996473683453,0.3743447751864262,0.4047987079408563,0.8355002713671679,0.5902312552921838,0.5460312647434336,0.43663728073432106,0.5442491526990655,0.6036478628168854,0.4630918703887262,0.6808637492480395,0.5158973251015722,0.539143679235581,0.6050151252367645,0.473279151118146,0.5181789791243785,0.4065238221876906
0.3820188302906208,0.5695892416699921,0.4669351495050939,0.28803920457381016,0.376321995484133,0.39767537504243017,0.5059460244765985,0.46023760612052583,0.583639042279057,0.5070313918779654,0.5324702331169545,0.5438170855216137,0.28966047247902993,0.7325453687951513,0.326617505767734,0.5039759801336633,0.4811416207311294,0.7923277965139768,0.5800711202956708,0.3920076728198834,0.4001639831369905,0.48027937580193913,0.37165118735209546,0.6811239712571053,0.35043223922099304,0.29556888236722145,0.6643098129228202,0.30722708634747165,0.6059801206399756,0.6062144322756056,0.4990526526289737,0.4948386371467467,0.601645287471931,0.5813347399780011,0.35226257410402856,0.3771287710891678,0.8328305632257226,0.5370767445396956,0.5792761834302119,0.4264351388667226,0.4660760268658363,0.6442628590161255,0.42397768275687686,0.679855420251117,0.4644024097338294,0.4764963870604754,0.6473306945120716,0.5110117637675491,0.46453162029838674,0.39490318427884724
0.3865237251606003,0.5315955570744696,0.4223310185628981,0.3374108273178046,0.40482296536900503,0.48938890764479975,0.47068627588606426,0.39809812320976756,0.7254016887820864,0.4406495084291153,0.6114735475091159,0.5439085785007591,0.40830644172271685,0.6501892281040387,0.3764060901134204,0.5629182690833054,0.5074474825397378,0.772531946146483,0.5042673832986572,0.4553241466867126,0.43597188800992726,0.5577421126889549,0.5359355228009106,0.6278323676788675,0.4453737241529139,0.3300710543766563,0.7338154683780125,0.3013777526406208,0.5294972914383234,0.6014589321732942,0.4949541340601691,0.5322300592240056,0.5737812984581288,0.5712280697134389,0.4142068686505347,0.3539468044191924,0.6400066340990682,0.520959916077371,0.4776101251157366,0.44458024074677405,0.4913034033717323,0.5561276587663738,0.39334528757168513,0.649011454011275,0.5041184143135053,0.5328996355614223,0.49653357852201185,0.4935690005643382,0.540715238391188,0.4232503815076411
0.11161428280085864,0.5377742535856712,0.6162892294831076,0.3236705600604214,0.5737100047129159,0.388702700646438,0.42678302891571945,0.3097694342388867,0.1867988616877537,0.37408978493001,0.43422546281433116,0.6951242949420349,0.6301625710620935,0.284633543152136,0.26895285219182363,0.8019994313712947,0.6395925064515795,0.7754110111408846,0.518537992551317,0.4723766907430044,0.3424377861763287,0.7589981787154297,0.4322737598538796,0.8397418588163813,0.1049771952688893,0.23856079126087737,0.9023969343653995,0.5158449306560949,0.8583474466402531,0.2103599840661275,0.5123692035311129,0.6781523616576772,0.47374839508922606,0.042279887004150946,0.44760797327137414,0.4351491002443627,0.9251665107173558,0.7204266782177499,0.5859875533576135,0.48238969322243275,1.0,0.6256285949944352,0.42065356964458694,0.9440442871551372,0.6298529495466446,0.4729044751210669,0.5436433645708081,0.0,0.7037477372780825,0.6397733879852653
0.38553617972570026,0.48721158462846503,0.37211171240571295,0.37364099717594784,0.42551531681383725,0.5436390602023745,0.44291511626773883,0.32919731385721274,0.846961485380188,0.33887377282739944,0.6732141504597295,0.579442166949792,0.44346961691879816,0.5470424751830818,0.3763053022173899,0.5665438428058633,0.525340176538316,0.7343949266611285,0.4173675916338962,0.5240102132000948,0.4611901108501117,0.5895532768193938,0.6320324348873703,0.5290997360315829,0.5115793030252249,0.3487629603036095,0.7366998558260387,0.34069854680909684,0.44622765631904376,0.6328035216337782,0.480212038401155,0.5472797527421088,0.5496239171123051,0.5930712694376241,0.4350924673215568,0.30809613270567854,0.45586193760759564,0.49640667435969166,0.39454128202934513,0.4223048990337019,0.4504934564241307,0.5141803506948515,0.37922649815505316,0.614360143777353,0.5140288587248145,0.5588433300058239,0.3493313971956431,0.5481569277014796,0.612670913531735,0.46031070823007614
0.38765518733339477,0.5008298580377109,0.3798714733490528,0.42282369788454965,0.4330828724364573,0.550468174306833,0.45625295279928774,0.33354436868377313,0.8201323893119576,0.35703672981692175,0.70859327037642,0.6368552024666989,0.3400139219399987,0.518701713512423,0.3956303663726065,0.5256719298655814,0.5323456206065794,0.7276114044418587,0.4781738454660394,0.5005520614758827,0.48536674915686123,0.548246244085664,0.5345093537318996,0.5391039679093083,0.5425548773455582,0.4089858792295287,0.7015740026376425,0.3583528127191733,0.4512130835467143,0.591282189199974,0.4396093891407379,0.6264131208861085,0.5420860875168578,0.5636500913232076,0.40770661301428684,0.3080592026019398,0.47060409960316185,0.5171664894526897,0.39047414502347977,0.3922849162113212,0.41506604249858214,0.527626357958446,0.42428943709847194,0.5942936225483002,0.5140985088342055,0.5784031716831921,0.33791657942991116,0.6167335497915201,0.6269000807571838,0.4558381508356164
0.34530247664739133,0.5108005504269393,0.4224285544744499,0.3511758707723872,0.42911779710906034,0.46070583864680986,0.4653618086057646,0.351643185310753,0.677294903555853,0.3562439389559856,0.6063452957579916,0.633683205482975,0.33088869644481717,0.5287032207887772,0.3141958528351893,0.5233824886854244,0.5250004631447265,0.7349907806071212,0.47543384485502743,0.4853461577543531,0.4301870771169543,0.5355265948619566,0.46046563830159726,0.5673732512738896,0.40735018976023474,0.32677846238066716,0.6743266524469185,0.39971612962832936,0.531001578421721,0.5910036446290121,0.4675001740607473,0.5565590780621276,0.5524840138282433,0.5380539596322201,0.37479944323276704,0.3205728558505192,0.6130046148769597,0.53335784132494,0.4755442783816786,0.3874787670198505,0.4578584101666063,0.6013883878644765,0.42208611666039714,0.6624630482049888,0.49228338723320636,0.5088824859474665,0.44114556317690706,0.5510315450573694,0.5916836674879514,0.4749187515486947
0.2714659327455418,0.43007422468432643,0.3569174776573465,0.5595900710780876,0.5292150609149492,0.5185868067843559,0.44003919966070104,0.1583645886468984,0.7290012830440917,0.07188647108579135,0.7890789520609417,1.0,0.0,0.0573819363705459,0.24824055339638298,0.36041976282497473,0.6063096389136541,0.584638164355416,0.42285178475445595,0.6008081478624058,0.5218760239810988,0.45108643419742106,0.24957048046825714,0.31444019893223657,0.5258723333750899,0.5003998749983465,0.48747356317197954,0.690873956128929,0.4054803810690172,0.5199143775633065,0.2927536417053848,0.8228278678255179,0.45262452091889477,0.4378229312064844,0.27286866775647933,0.18184829500211333,0.28502911028853856,0.5664999304821495,0.31922946627994725,0.1725113633012165,0.24533457736120645,0.6442442211865745,0.5606703110557343,0.580602139782684,0.4896533358966306,0.5579625956228109,0.05893870353812008,0.9124522849844711,0.8449262104040537,0.6235895588643684
0.3619386928857661,0.5566353135711011,0.4584338044688848,0.4147540324397667,0.43632828826570985,0.49854503166198844,0.4852581113658939,0.39953981701304214,0.6281913801056356,0.4753563871614682,0.650318697614369,0.6372775985960178,0.2958252941489904,0.5765616593165644,0.4095875706468894,0.5417121668273452,0.5344060947053388,0.769017176993336,0.6059115660587716,0.41709009047435136,0.4656623763703963,0.5280291788391837,0.3911792644385483,0.6827195020958003,0.46315378335160245,0.41748858365993213,0.7173084825167811,0.33703613727487647,0.5771986565442133,0.48350516960680573,0.43766164120314105,0.6764538451073635,0.5510470292212873,0.4587194580675272,0.3869790482400245,0.37081094918258883,0.6967219735839096,0.5777813174108443,0.4800784621583004,0.41493742945671497,0.5120786180102808,0.5719943591985737,0.46151423765806787,0.6519000596845537,0.526275223571643,0.5649356125662792,0.4875607249889949,0.5234669983232285,0.5791968530598274,0.4358175741200124
0.3911661733412003,0.4969257767328546,0.3862342863863987,0.30723376257930907,0.40432445437518033,0.5165755226262189,0.44357979432124695,0.3632128099557371,0.8274257699288907,0.3793072562077938,0.6121924003155533,0.49417657752066646,0.537311094715482,0.6404337186867726,0.36638480266690954,0.6085100393456431,0.5071126371262112,0.7634331887139095,0.40141785717343625,0.5114187047589571,0.42738205873426793,0.6169979460412576,0.6940484828703688,0.5711284051180409,0.45823635689956166,0.28235500588774054,0.776486732986907,0.2910278044415041,0.47712566783963023,0.6629936025021553,0.5301777890978937,0.4588428998970763,0.5715251136164263,0.6196864457618737,0.45729934284458584,0.3330056951866508,0.527459640557819,0.4844047899894073,0.43611386917182665,0.469158768008081,0.5049103428339238,0.513798873241974,0.33765031411597324,0.6461356382432897,0.5101652448406402,0.5314085078754625,0.43490243640936244,0.45174484560052697,0.5580076793870161,0.43946728820038994
0.3455945529427601,0.5360577944523242,0.4508520246165722,0.427527284345348,0.4659253377256596,0.5587958828370823,0.453605462217754,0.36319059736687886,0.6830988964124307,0.4509234388611072,0.6738755263423649,0.6035609125541269,0.46835195566220106,0.5303731948209581,0.45048127001584665,0.6418400501742263,0.5606376073962035,0.7733088375051657,0.5503856520826925,0.45712452140016274,0.47376969682532316,0.6288735842272538,0.5500325932497346,0.6961765124101348,0.4912929801100651,0.41380647495946576,0.8222110995082039,0.31508996897301755,0.5654831253761512,0.44488251325692535,0.4599814177138788,0.6890929809210056,0.5296696097266289,0.4044015830165507,0.4583390211669367,0.37941164252682,0.6080313807664461,0.5818255278965374,0.426038165850337,0.4647367424028547,0.6202296933137403,0.49750474507839193,0.4192705275710948,0.6693235329940838,0.5751659803613739,0.6006001500898593,0.41586751122497123,0.4033443445264573,0.627965377633983,0.46349647875575317
0.4621465905313984,0.6324662847217813,0.475909368560239,0.29038371102287003,0.30287329874441066,0.3373195754834821,0.5739319260591519,0.5708945686217256,0.5461419120458308,0.6439352318360937,0.5329792094319711,0.5467155845211947,0.0,0.9202233885295301,0.3391878911453271,0.3395485349828008,0.4208862677023649,0.8164533371862479,0.7410319495805417,0.28059414223747486,0.4143777520030407,0.2994359533015295,0.12133418495553303,0.7151247817488395,0.37939967749667414,0.3524758503538237,0.5187193155247786,0.2511707456598027,0.6121461306790579,0.6664599520913183,0.45915171041274694,0.5016736692113914,0.6558040860641299,0.7038580649271716,0.2533713414174981,0.3916005221518193,1.0,0.524576451937712,0.6608148169028518,0.3773365578267299,0.27449549158547126,0.7278107776139444,0.49607051049558437,0.6107796123507727,0.39102713611023765,0.45879863068819227,0.8061845722833249,0.7221794824576093,0.33950053260878976,0.2873384476274598
0.3329968508464394,0.5206025337507016,0.4424039442523431,0.3754089028402893,0.4498341287692932,0.49238888291689975,0.4583738706124376,0.3531507335422736,0.6552140153084176,0.3902943209459759,0.6204647579505147,0.623651625941162,0.40112732926653394,0.517256639214561,0.36036705353072457,0.5827927990942878,0.5437245795542177,0.7511481950827342,0.501871191792731,0.4757351945238368,0.4404108335140407,0.5830637574928274,0.49607835235892817,0.6275723069928978,0.4207638689079026,0.3511297247385358,0.7414859457731351,0.37455651848607063,0.5601927328996443,0.5199167216556024,0.46884525146114026,0.6076234320281826,0.5402946163892144,0.46485381074284193,0.41019182793060327,0.34775096211991186,0.6262580419683672,0.5597799107393597,0.4632581088103349,0.42169710896513674,0.5466541658129642,0.5642568691637321,0.41897234196049143,0.6805198142401794,0.529611449788226,0.5394848158574385,0.43727919932532294,0.46570409520726397,0.6104152527570426,0.4798127528199773
0.29143482618768335,0.4819032492946116,0.4234706454436197,0.39039168400542595,0.4787046675565698,0.479045422672451,0.44141291974093755,0.2827929778473196,0.6536612795551803,0.26693230665136103,0.6281672454441716,0.7142550090617025,0.35324899455681547,0.36743722263063966,0.2922982606737884,0.5502460631005525,0.5651030134776465,0.7015941153152212,0.43085782730418526,0.533719435659195,0.43772956475863284,0.5777885588214005,0.4705711016671922,0.5298136810062237,0.39790709794685647,0.34097592971218027,0.6872423159618682,0.48358413406217243,0.5318831366098915,0.5310125369937896,0.4445485793974491,0.6190737951974029,0.5129322304099976,0.4476865538674554,0.38174918952290654,0.29801740055169257,0.5345561867264405,0.5588271446710542,0.4349010929588811,0.3617680854754589,0.5031915317014553,0.5944371656805564,0.4341460669193925,0.6858020132754639,0.5195533273768462,0.5188989588260318,0.33534376485132683,0.531007143652843,0.6817753065604212,0.5445890375396099
0.30728583026307127,0.4984820759802469,0.426086746488946,0.43464416840050596,0.47679020504221803,0.49022348370112434,0.45707691771171555,0.2974786776593001,0.6474022072042022,0.2993980442785938,0.6660359244255201,0.7522675438078581,0.2553298900678427,0.3700332421030633,0.321203220259582,0.5078771317842654,0.5647374480109331,0.7006220412455063,0.4942574747166967,0.5051607553729933,0.46353294663451433,0.5333400298248332,0.386793729528926,0.5424619061345605,0.4405936252929416,0.40081154739621283,0.6549417475950253,0.480720041699811,0.5283606788685904,0.5048006177850963,0.4091004934880217,0.6859260619255427,0.5123617777881473,0.4404241907167117,0.3584027351279049,0.3006245399752686,0.5484433837810718,0.571301794607165,0.4305467541356131,0.3392684158275231,0.4578469640400191,0.6012155792141385,0.4731848503722119,0.6566386013216773,0.5164172253009468,0.541238581511063,0.33430042861340625,0.6040732116664673,0.6815858619741273,0.526027073623193
0.3901048741169328,0.39405621320965534,0.2901142535444899,0.08264293339948013,0.3459624114205555,0.4170883014888915,0.39726189960929553,0.29269837946791416,1.0,0.14433992449352218,0.4632617054009987,0.3637595145060205,0.7271598263153541,0.6715087995366682,0.14622947403366163,0.5975958755182267,0.45101605927471006,0.7152381805854303,0.059713700872043765,0.664870807724523,0.3168449169430457,0.6563990382176933,0.9689654035920988,0.31749018839584686,0.311152874937115,0.0,0.7136505408256668,0.3540264993132878,0.35789569094927504,0.9991021518116117,0.6600491836418378,0.05366302307575037,0.6093661768800007,0.8992365741665649,0.46027748069754437,0.2319104385964733,0.3582384526463204,0.33938109676624695,0.4504846039621501,0.45969179854980485,0.38904746538123786,0.5634535020776201,0.18555639768498364,0.6729235384462819,0.4158154926562593,0.37879598957276794,0.4040518726804527,0.45193989780346616,0.5124311965332851,0.48625563547741857
0.3496089023100599,0.488520623882817,0.3893098856790794,0.4309727307418909,0.4564585194370371,0.5304241031211656,0.45023945235274004,0.30107046861555137,0.7667920801128254,0.30385703799832453,0.6978311577614214,0.6964066271789814,0.3093670389340498,0.4281552420782656,0.35521219893761313,0.5166223079170035,0.5498756657287737,0.7058357955800604,0.4610148111768281,0.5198446481018781,0.4778156426376023,0.5474942503118322,0.4887063451951842,0.514564365128484,0.504615789911181,0.4029823713833401,0.677562678402944,0.42599995333310464,0.4679602978530064,0.564566437984779,0.4246501841531023,0.6488350008305325,0.5240671506999888,0.516548754784631,0.38797417155404784,0.29274143287249443,0.4665223904501572,0.5345009463996897,0.3930882049938349,0.3618059509277626,0.4230786746099715,0.555631945156752,0.44169641850057045,0.616948182639749,0.5146648886428024,0.5625315513203667,0.30577077242530426,0.6234819807826749,0.6661773381001129,0.4974203538233168
0.3577338892978507,0.5377438426860701,0.44664275797621844,0.34913373513442564,0.4233957949456699,0.47482442738483854,0.47231872918093065,0.3922109062726682,0.653005132448234,0.43975485232220585,0.6000427404587938,0.580951154443443,0.3875298795480881,0.6043204263997703,0.3660030582483999,0.5686330405838921,0.5220165377267376,0.770147760968753,0.5278089641352258,0.4473444600707863,0.43186446978105575,0.5592673629459058,0.48208905940108715,0.6523726246047943,0.41392518032345704,0.3376117343368774,0.7327908019226124,0.3330266798133129,0.5682769796564022,0.5494499104305958,0.4829912965591058,0.570350032335341,0.5621559283375936,0.5085830556391784,0.4035341773840579,0.3618378309876607,0.6830252640443009,0.548766983928321,0.4929812975963628,0.4352872906723111,0.5277554131313513,0.574473232091349,0.4132416860520336,0.6744741119306025,0.5137550621610961,0.5286392737211536,0.5039755505941462,0.4696109996765927,0.5592043919795476,0.4440537545189937
0.362450655081968,0.5382357001722676,0.44397177826008094,0.3683852227049503,0.4300600096008449,0.5021351082963931,0.4677735272819603,0.3891078138234635,0.676018994293502,0.44990476057786727,0.6229929579013935,0.575384439323368,0.41608365872103636,0.6007421253112585,0.3956812541439932,0.589401035077459,0.5287984086336835,0.774136836522147,0.5337469946601455,0.4483645186660155,0.4448245622670691,0.578399122597445,0.5126017048628818,0.6650475934348533,0.4435518663295245,0.3585563412325682,0.7607048634731967,0.31582135000551403,0.5611788466133186,0.5297098357880561,0.4799119474292167,0.5960173866129116,0.5568153146033381,0.4927531111044712,0.422373115360821,0.36785200428518705,0.6583194767325319,0.5526269247780897,0.4725642757707063,0.44840834000297547,0.548316262603685,0.5476328639040066,0.4104754668327954,0.6673801555627371,0.529571927860834,0.550990522902868,0.4831429154536167,0.45298371776687235,0.5710105191791526,0.44173503584456786
0.23779111016699914,0.34403511338426607,0.14599247834816123,0.5007675125426277,0.5558956939716194,0.4518032591296296,0.30925937331670517,0.438753436173067,0.45957156313036546,0.540988216945337,0.6533156476603572,0.566500654023611,0.37401673994826967,0.48323595648990814,0.5282300335848314,0.3604026438455861,0.31818205929534715,0.4966159015614714,0.5850682004709,0.482111043030904,0.6672724423977082,0.5414808895927024,0.48988757617097234,0.46557590826069506,0.48537814713656335,0.2601207235454198,0.4980200165367062,0.597180587446755,0.42402103747330244,0.5114497957815167,0.5033040134129595,0.3379572276985298,0.2111237654197573,0.4528792728427775,0.6874168635949987,0.6700930771471962,0.5645829297690887,0.49211229277749136,0.6022809355623563,0.4893634151232431,0.3884119596369414,0.33505429141004434,0.4335312504935293,0.48128936350775237,0.3697946533280028,0.5579360761716723,0.542074464166705,0.42778000157034374,0.4237438586841791,0.5876512264761936
0.14828633607022218,0.438629414589272,0.32821012976763353,0.5197061323151628,0.6253378968771036,0.4392435954986456,0.4779890669780389,0.47814599140964165,0.49848214928542256,0.5845152848183205,0.5181010628399086,0.6167902426479415,0.32550293308346645,0.5432686945395635,0.3864455475675724,0.49077595206624275,0.30559116406070364,0.49689220844571613,0.5379981915216568,0.3672927576138903,0.47869318905750363,0.5129268138883055,0.654682202380385,0.47847372665298443,0.510748694782035,0.31646439904941304,0.3565183761390129,0.48084132980398964,0.3456805429764477,0.5433778863519884,0.36727078572942307,0.41518451341221485,0.17724760791922023,0.3126170197761495,0.6988806088604154,0.6654664309947363,0.5474342474513411,0.2481445789895333,0.6189338778608979,0.5003953034993924,0.30344087544188725,0.362721598643135,0.4531856428529276,0.5175901963086278,0.37058732546284945,0.5526304787435816,0.4895680528862002,0.44866474834039977,0.4530462836966677,0.6780426820892481
0.15031556444329083,0.4791174995426406,0.33002573746487596,0.5037697297516195,0.7700102842930624,0.4772382224946165,0.4990179193364572,0.49114819540208726,0.523078206550128,0.5819314740565854,0.549559352166865,0.6450985655125098,0.2814261420961695,0.5366982574346126,0.41946326256254796,0.6087518777091704,0.2774915742365411,0.3847682195695811,0.5700574225702741,0.36008797979286566,0.47305812701361505,0.4867651721639302,0.6603750013829877,0.5036152001883372,0.43505403132377596,0.3441720344485217,0.4625407593333553,0.4617682029653142,0.35831383075549467,0.6111151354937044,0.33456476533292906,0.39724857315999,0.16732477043574717,0.3475545930924534,0.6506639568275816,0.7289695184029492,0.563207809196141,0.31601173579564934,0.6454724505103152,0.5025118721478902,0.2689366937337656,0.3097310742964523,0.37967032145667456,0.4613244354968871,0.3844307150638368,0.5424103009231684,0.525208903410546,0.4714274076187893,0.46052369038890817,0.7475927075647142
0.24325834645766342,0.385799219460223,0.17341073588292366,0.5262036559187248,0.5537531319289721,0.5572352132466047,0.19886227957563823,0.44302425488730335,0.3793575845617207,0.5225618930527619,0.6507347046171245,0.5368147447791831,0.2980484779955032,0.5345455499045123,0.5064112091255875,0.4370554553023193,0.383974667758623,0.5376789228499865,0.614795232740444,0.44689866507510967,0.6501282822664199,0.494051451699024,0.5551689388959404,0.4546680716590954,0.37123142501809214,0.26707715637767737,0.4606473888059086,0.6131900223824912,0.413737933820095,0.5151685621569893,0.4829381806189308,0.28143687162127806,0.14208291131037148,0.4574383935428921,0.7017050198203556,0.6070549057685448,0.5181255052476469,0.459477682429164,0.5763413203532872,0.3956734768599341,0.3743321243161337,0.3174484912275113,0.43483463037227443,0.453064773860929,0.39995186572551056,0.5528429972421425,0.5227101724580276,0.42482443145494847,0.39051949862163765,0.5977586129358111
0.22387688009664683,0.3630835341559792,0.21661522923397072,0.4128318169297895,0.516098526654104,0.4456621424619605,0.40560930586838295,0.5317894163913918,0.45927892287260286,0.6926145252537066,0.6369789804621114,0.5082583063458433,0.3663079326905174,0.4550292720766236,0.49477538790457554,0.36644219263833816,0.2602591038570531,0.5169140107125184,0.5032832216159379,0.5830476079054346,0.5405282657740837,0.49294840313933286,0.4695253747835112,0.4666329909048056,0.5200258087918033,0.256412701768675,0.4352955922993625,0.4933301671242968,0.5061243107186172,0.49927861520768124,0.4906183331977792,0.43285810008567804,0.24856715913780472,0.4801416560786411,0.6974945708067124,0.6635053151685861,0.5269962558896608,0.47165445927007266,0.505704028479179,0.5113081311700924,0.4135320980805076,0.39373888006522484,0.4942519000662532,0.48822434108365975,0.4472436041476492,0.49255085480660893,0.46437468190414416,0.4610763504673989,0.5045798407042714,0.6583666428276049
0.23827495329820364,0.37229045738842503,0.183736244397113,0.491581127864648,0.5248695990279213,0.5170248030115311,0.260248449155276,0.4689960227376522,0.4020359679790735,0.5760867847353969,0.6450925327416999,0.5241497460455818,0.3259322482175674,0.5087111154737237,0.5015470004060711,0.3990040791998687,0.3475504014308365,0.5430581364934661,0.5764918924548165,0.49287212074544207,0.6192387232420239,0.4974616259202479,0.5242640941233412,0.455582909049444,0.42722908342562127,0.2597053209778577,0.44356089208468796,0.5790882694636184,0.44289128137000744,0.5021614650664542,0.49129938771913584,0.3305719316745167,0.17800322820544473,0.46295528324320895,0.705361273489888,0.6185699523906918,0.5198908961869173,0.4600279469488727,0.5510652915472248,0.4326770945154555,0.3919904218179247,0.3471136100542106,0.4613756492524661,0.4700463090388634,0.41309471940558307,0.5350351415713649,0.5013579611579808,0.43348021711634754,0.4255965792821431,0.6077535400922871
0.2035006879518757,0.43173693465474533,0.25875076166355365,0.46764439415605213,0.6485684972403188,0.5192862265352445,0.37398433641908624,0.5076099135972905,0.448894648294048,0.6189587400315821,0.6158416461257251,0.5588374497753756,0.28906159080966165,0.5118268242002104,0.4717091709975635,0.5189003681043586,0.30078513800833484,0.45801874421222455,0.5631649103674449,0.4688411440007009,0.5278533237307775,0.46875713909864936,0.5734660430265359,0.4806668798454006,0.4088405405263982,0.29850935104877213,0.4645112949932051,0.5022453104131974,0.43882767376701814,0.5600685549752789,0.4193375564317192,0.37233000270085975,0.17742387323529074,0.4403200784607336,0.6738115469578677,0.6732749135505505,0.5272953004609089,0.4219533719291184,0.5650142911104976,0.45927107486464935,0.3426521435408604,0.33209788346277563,0.42543916153514666,0.4491631195389155,0.4307301713328848,0.5157303798599808,0.49838867662212705,0.46369558012891965,0.46141775077429437,0.7011215985434724
0.21855748102762917,0.3410501340065486,0.21659704347161227,0.4249025778911218,0.45024869885976276,0.4131713846202361,0.4107144084339234,0.5201025219829911,0.45903729451535114,0.6876099095356034,0.6157304777005796,0.5045494516397173,0.3959957770836532,0.45699781835551806,0.47604610955249493,0.30394915747546575,0.2695913688739084,0.5665466217671585,0.48690648988831586,0.5779366721266059,0.544862534167112,0.5140224711653706,0.4684276292537222,0.4559835305303505,0.5711341326642478,0.24481440756356362,0.3840200427219639,0.5023257347833503,0.4911650796749629,0.4673615878478614,0.5034733526487948,0.44612993992984923,0.25778078504469504,0.4528709511727945,0.7197489949882067,0.6398056550275969,0.5267239468695091,0.43061151130364367,0.5034237916301953,0.5210014235790456,0.42642440119916236,0.4197445809743424,0.5276181801934975,0.5213547700783319,0.43101336153740993,0.5027226757060133,0.45178990022873067,0.44872523000078796,0.5007222152866366,0.6218171915915638
0.2076690402063221,0.37237150189482987,0.22260542540719297,0.48463390916675136,0.5325901527226801,0.44757768435963563,0.3735628379590673,0.47659923194203463,0.4583245455880422,0.599496785434545,0.602243795123508,0.5542860564879301,0.36022518518970786,0.4978125410394645,0.4679021368586301,0.3816389583104416,0.3084393570771488,0.5305537274086028,0.5419218403127041,0.4786329785330644,0.5731467976329632,0.519523315709695,0.5358001670318189,0.4632984303944555,0.5094045084237212,0.26996577192480387,0.41174760383189785,0.5368508360014068,0.4232378872753404,0.5027941764712986,0.4652177504115455,0.3884842555713304,0.20890320793892111,0.4137660056154901,0.7054068685463738,0.6475532247254543,0.5404638465773457,0.3978966625930385,0.5691696910617688,0.49054675787731705,0.3777489596628527,0.37097299667007944,0.47382803724315425,0.5034039508414717,0.3937833507778488,0.5378487208011686,0.4934809152014456,0.43902542944622813,0.45272278924638065,0.6217781057434806
0.21359515485413894,0.3630282684270506,0.20958464893953282,0.5073950736350314,0.49675828217912554,0.45911949009868513,0.32492514957070223,0.4575050282662077,0.43474423502873527,0.5706573043723514,0.6006147820339275,0.548424541451469,0.36045016175636935,0.5119626524734355,0.4651090168040255,0.35880378388380063,0.3386199054361635,0.5657434522227854,0.5538084141404853,0.4615810877625369,0.5984650716642319,0.5262755464777658,0.5443411331382692,0.45371474782281374,0.501383605379034,0.2623735561084942,0.39078019051264695,0.5660024043687789,0.40736157586537575,0.4859127318087894,0.47703881294596306,0.36437640521569276,0.19338606702319966,0.405730930943388,0.7192660427565509,0.6192769382726597,0.5338268426385863,0.3850575382150355,0.5718850512946105,0.46787692497279854,0.3833759752666951,0.3715415845167833,0.4836041172692511,0.5108341757191749,0.38336073427804146,0.5503626362301113,0.4944085646839498,0.42615430333988363,0.4301844022253674,0.5902155779934863
0.16320219388627266,0.44254609418246216,0.30373700924624975,0.4815724379760674,0.6971454772313509,0.44522841421877324,0.5001591861842412,0.4983968249534423,0.5217487694401566,0.6109468637466925,0.5621142652640227,0.6180251209894454,0.3190659048021091,0.5113324170881991,0.4326266926934799,0.5284881511790522,0.2647976656437993,0.42084617283891207,0.5445774024178099,0.4140371263446183,0.48771135438156027,0.49985996253251547,0.6091074525619332,0.49451489401545484,0.4856650607913423,0.32119095309633655,0.4465028411700617,0.465670240870837,0.38927934830554894,0.5776449544120851,0.3739635438046805,0.4197170839109869,0.1986736034383595,0.3681026400576181,0.6648664992581681,0.7179644217629874,0.5615346135377167,0.3419927069138588,0.6165555234340393,0.5219917106438386,0.3059914545176383,0.3390560818344264,0.41468482325805156,0.4807425529949289,0.3907293201845495,0.5336691340174665,0.5096570697717305,0.4671609054203253,0.47607110503999794,0.718912979448123
0.26173377717078206,0.412521605322181,0.19509796353004025,0.3442257795300157,0.6624905583932281,0.5611278452280781,0.35352034113227027,0.5901367322992119,0.43018051540107877,0.7491903902456281,0.7304943060584705,0.473651221563284,0.27835019904691366,0.4314457705635932,0.5722267666647676,0.5204828109221072,0.22973366335515946,0.39543778395766366,0.5375936899509676,0.6644482678922108,0.532021019768698,0.4131261438998677,0.4287460745616094,0.49042102203824495,0.3580324163098251,0.27167382722995836,0.5884725613175131,0.4661851600307575,0.6019647433121069,0.5746320928504279,0.48669923559795997,0.3972606242967681,0.2326835852509173,0.610832412299849,0.6390394209918107,0.7144781477347012,0.5078183930454159,0.6452944417996018,0.46303841582161337,0.46879151187350915,0.41028058711005655,0.3320233253386564,0.41943546598464393,0.3811672534509324,0.529621143771132,0.4387888178200014,0.48048912260168675,0.501692270653476,0.5310128245247019,0.7630164745433331
0.1809094686867324,0.42065194418229035,0.32024581134042274,0.3963912779897107,0.5586855362802398,0.45364313965466274,0.5013628707560274,0.577790481027866,0.4733896609833302,0.7523701638960149,0.5769313310143062,0.5162667025003799,0.32886649026706216,0.47735720828557454,0.42557184127726155,0.45167893071571485,0.2397766040940145,0.5085248956043329,0.46714579689527075,0.5558709478833035,0.41866965881587903,0.45833786900306656,0.5438981181932183,0.4757070355351891,0.5189734600374133,0.2854892398557033,0.3682548495071519,0.41083968686279143,0.4952743286993467,0.5211790360852713,0.419480500006704,0.48598655438767885,0.2363002990039943,0.4312137026747541,0.6990228513137519,0.6641417000737038,0.5072685897028915,0.36513626187886344,0.48805620252708953,0.5144624362161567,0.37598201567892664,0.4125160091307494,0.5084320233441721,0.49492752544212804,0.4740963920819525,0.4698373179861847,0.4232121013641879,0.48304352007792667,0.5385029462367996,0.7303380395079327
0.1526046917009182,0.4511483351596883,0.3896541532854274,0.44167668420951434,0.5004886840191516,0.48748794670515516,0.47074264823978346,0.5717104135302787,0.42634711649013357,0.7349063567441132,0.509822261425609,0.5093991687608386,0.2957738951284007,0.5371497463920222,0.3467952337278949,0.46989604745234287,0.2994995757245503,0.597580916115507,0.4606457391831072,0.4822974678534657,0.36416551726540564,0.44445795190077786,0.6409345481793483,0.45856005106034303,0.5032618668448879,0.29355278361667525,0.24065785012893473,0.40614582023790935,0.44013415355503627,0.49540280614835724,0.3805034194514675,0.4772677415368898,0.1843970863793529,0.35729228037890004,0.7392760932527467,0.5884145692441423,0.4706847888782042,0.2197231007841816,0.4783605433539031,0.4597630313459903,0.35418489881639625,0.4354495842051681,0.5515679994234454,0.5251484070448417,0.47089675330424424,0.48167794288139376,0.38365824868317755,0.4696713818196555,0.5125241400214138,0.7150745083873244
0.18398494776827579,0.41912616402227754,0.3100370199500095,0.4224651828192985,0.5506433639326503,0.46766597780005303,0.46038003698849583,0.5562480975047862,0.45770362844590323,0.7157705672834109,0.5753618971805556,0.5215899181444782,0.3230290953766948,0.49339440603456763,0.42447923929865966,0.4498592154214895,0.2668766995251088,0.5240263287975631,0.4862838156280348,0.5272461322154387,0.4436380756931234,0.46441849437394633,0.5598334259960562,0.4707904913183541,0.5016811023564726,0.28461774199366185,0.36252921249598874,0.4382492457597211,0.47291438187299234,0.5167227596736442,0.42181271108877594,0.4580593122140767,0.21744938984865797,0.42051268322261665,0.7049237418672147,0.6477038184872193,0.5061319506769225,0.35436340319461207,0.5025898433944993,0.494002148947983,0.3714312398240297,0.4029171070317561,0.5038505954067429,0.4957356911309222,0.459901885373124,0.4849437152904444,0.4329186518161557,0.47249649935683347,0.51415299658145,0.7084647086620336
0.1831159219277919,0.44249989393143146,0.33009421975030634,0.3721813420919727,0.6142530200605032,0.4784620818138572,0.5154130535639594,0.6015387051082601,0.47696279187549806,0.7790271713805588,0.5934995431457774,0.5130600655017068,0.303174604555766,0.4699704282483953,0.4381613089772406,0.5077922097738978,0.22047754262260233,0.4640602244430972,0.46939953622159764,0.5752888926863402,0.39661057098133046,0.43389818361336024,0.5405049935350497,0.4861602460037149,0.48140369347177075,0.29571274195240244,0.40733988297154433,0.3868031348058674,0.5203770985596452,0.5489035000693884,0.4058699511862297,0.4896482887798418,0.23553642122730264,0.459068737062838,0.6794520001912363,0.6874869366657984,0.5040223000568361,0.399872518377236,0.4778590948329006,0.5123451054861256,0.36764997404796435,0.3975987889993137,0.48623221878512657,0.46673522624403146,0.4986082401946733,0.45156255952143887,0.42444320189610424,0.4992765193649245,0.5547667439899802,0.7739412251996178
0.2144494839459034,0.37415189291871187,0.20976467284424272,0.47873834005269544,0.56026050604772,0.455384519601676,0.36844054073603544,0.4771490168770589,0.46239329233618076,0.5968969341615471,0.6191429806031942,0.5572343107774929,0.35490686714165565,0.49098204491028474,0.4858480160053694,0.39780532381333766,0.3015769105874556,0.5044928939071778,0.5516844448709779,0.4864452461985874,0.5851018934512169,0.5161426274167457,0.5239845373692924,0.4682617429276701,0.49239867259215353,0.2720490096831689,0.44635809900654155,0.5401077064588318,0.43240880135753573,0.5157516826997401,0.4678979352902932,0.3802538248579671,0.21042746405360407,0.4319487093087828,0.6934399916704255,0.6633081644858451,0.5458350301737452,0.43141574501515473,0.5738789741675869,0.4918669098988081,0.3764291724536082,0.3575332874046618,0.45600829442854895,0.4884782834276856,0.39681546987569805,0.535628676882153,0.5052688299011916,0.4429198278876366,0.45328669072706096,0.6312692472712849
0.19097550026756474,0.3589558501578317,0.2231108879152703,0.4924160192696712,0.5534014682737775,0.3808164449337854,0.45080986732343925,0.4600215699275209,0.5147999469261962,0.584765894470312,0.582245188744072,0.5945701497171053,0.40076284558504766,0.4835163541523627,0.4624389966756123,0.3549335889063269,0.2788850022541364,0.5023306384612074,0.5328235041164021,0.4567456193450383,0.5778165746000817,0.5549785723305901,0.530111597121705,0.4717923601824157,0.5780643504763932,0.2764031735807688,0.4214402462577774,0.529294522851061,0.396548027036227,0.5080523230329701,0.45623701547784223,0.4165263133706483,0.23714273245575154,0.3785471946649918,0.6971326539334783,0.6862362264080258,0.5743012832088747,0.37692920649730327,0.6096297198867353,0.5455857408172288,0.3657516360195283,0.37453488804998486,0.46407164519827604,0.5268298561203213,0.35760283617706573,0.5549144162644719,0.5127970204611156,0.4368353725752576,0.46033645906476744,0.6151024811155228
0.1864446554326566,0.38317451062286273,0.2650793563057582,0.44975677367975586,0.548953166031256,0.40860056613324813,0.4749304576618832,0.5115589261900759,0.49733938178907205,0.659776864412682,0.5787720539873726,0.5591558505987799,0.37300533279708364,0.4795767505161584,0.4454035156076105,0.39011894537114505,0.2610602251768167,0.5091769089795647,0.5014440322570766,0.5023171945038886,0.5082030335780625,0.5145827851445548,0.5338746850020092,0.47263335994135536,0.5583420732468143,0.2788521481323849,0.3941850399703468,0.47734530492917254,0.4402746043656798,0.5105774951901452,0.4422486768012692,0.4495921264015528,0.23916035846054412,0.4004970681849093,0.6998005566796304,0.6751810212847945,0.5450682665737449,0.3699219384365518,0.5550363646027228,0.5341603621401954,0.3724532286632871,0.3942899701204146,0.48712036069529924,0.5159491508324415,0.4079156550274811,0.5177283700442726,0.47196212636243584,0.45635113898935253,0.4955626946340132,0.6626283885289771
0.20582449589824117,0.4002202758015785,0.23214273892495021,0.4355421220262612,0.6544303304635377,0.4481166096460489,0.4523027104922099,0.5137339764948229,0.5055014203095581,0.6464108264373811,0.6306408340528447,0.5716953108059484,0.3420906561094942,0.46584298260735596,0.49894514432502407,0.46584887091691374,0.24485417620187497,0.4193415890516561,0.5394232013583155,0.5153452428042383,0.5404903393204215,0.4965873260238007,0.5106896440398788,0.490117324590663,0.4846471694559851,0.29112556762856295,0.506949944176063,0.48628808001944507,0.4641467145555191,0.5602621558455932,0.44068132775648844,0.41571224277955093,0.23324174593270455,0.45606084505889277,0.6587780605358572,0.7246353494383837,0.5591448420671292,0.4709306991700424,0.573279597489297,0.5282582702534393,0.35947071710752193,0.34386273512878135,0.4224599314721057,0.46120696191580957,0.4198537421525097,0.5108847178658172,0.5111244990019053,0.4704035753205115,0.49320487226245135,0.7018904824067735
0.1949345054892965,0.42751679400014814,0.29561065109806073,0.4553231122789939,0.5499945048536143,0.5185417707181972,0.3743285388995978,0.5330757429414302,0.4165672120026872,0.6679913148757652,0.5845769425558441,0.5176843272368584,0.29317556648206167,0.5214314259542131,0.42900950305586694,0.4730907646562245,0.3138783889242207,0.5427344551979781,0.521660275978971,0.49287689473282714,0.4770138491517494,0.45620230310669124,0.5862325760419536,0.463698820220299,0.4404365738525767,0.2846113302104025,0.3640453007281973,0.4782454509514476,0.45214602351683225,0.517132509896293,0.42410539509064904,0.4045593973853789,0.17788439956876112,0.42273541052968744,0.7104000906279315,0.6172785677720701,0.4935423182206552,0.35511171338275943,0.5117000590102656,0.44349279875759334,0.3647467516398971,0.3807512472147317,0.4913828419544401,0.48067005278926633,0.45494646872314143,0.49900951139280725,0.44416529379115033,0.4610230899956654,0.47689468161890874,0.6884949448464126
0.14796873738469116,0.43179224966250973,0.3598101403891798,0.4011990557180529,0.6028607562822811,0.39439549366457666,0.6105649049186452,0.576372843437194,0.5341861473185454,0.7548263547812206,0.5348295603821361,0.5621739592272351,0.3513405401249346,0.47412319654249047,0.39459004503004214,0.46459994091026574,0.20513294436523855,0.47338960050911294,0.4488216725880504,0.5181310560626293,0.37938387124450834,0.4798123369303444,0.5703585176292357,0.4883345561468168,0.5802150935992094,0.30472319186977087,0.35654306650657996,0.3744309654058317,0.46127335891422994,0.5380269781499815,0.38116573140285864,0.5292488959600885,0.256057237012985,0.3769114699294228,0.6896667207703767,0.7038653758308103,0.5340725391102995,0.30430431318275386,0.5255116092709715,0.5674862346808828,0.3465797186367216,0.4189244455786053,0.49941289662888017,0.5180334794435242,0.4468193858582508,0.4799605179877743,0.42997739813254593,0.48896709884579176,0.5557836489100205,0.7520837627491573
0.1952391706221109,0.4283259493249445,0.2676698363673459,0.5020916464753757,0.6082737993139202,0.5177633167194663,0.34844351091966447,0.48464321798711907,0.4332868570052353,0.5851493707163891,0.5891495272264816,0.5644941387073658,0.29252437546787236,0.5362607344066814,0.44525443589582325,0.49644882365387666,0.3339427242707813,0.5042024404305733,0.5684550981274348,0.4267813843805872,0.5351281780174137,0.4815689390349098,0.6064349891393459,0.4703637307865465,0.4190971154852491,0.2963990678285551,0.4135704249734196,0.5230915547445841,0.4014798117968389,0.5401337068344484,0.4154349520093539,0.3583324283706745,0.15844121377205758,0.4015564336957911,0.6943607711347257,0.6399916291451933,0.5218587416013591,0.3632594600417109,0.5771382467670039,0.4418239411383453,0.33748027493605304,0.34024230186890303,0.4429304234692474,0.4713448733165635,0.4097631853809404,0.5349483861630423,0.49392838950920726,0.44837024542843074,0.4374485996192489,0.6681018499880962
0.19720364345340535,0.36931399469019194,0.17967900722599273,0.50777827468304,0.7061937501479598,0.3735948331091796,0.4721821133604702,0.4267099782678666,0.5719038119558147,0.5194659662090051,0.6203099986894641,0.6604488485492646,0.39635162777212674,0.4684852219132575,0.5181826058197619,0.42781940809542135,0.25181341093918724,0.37182366149654394,0.5879156128055363,0.41838287155033865,0.6395090564017761,0.5738602972615863,0.5165055595840915,0.4991385107038718,0.5409130782047562,0.3005838551773949,0.5648521359405133,0.5535396768275485,0.3745052425522201,0.5745561901489771,0.44102111708589387,0.37975660521333426,0.2401846479555152,0.3964432247147806,0.6417990232535323,0.7749156743567203,0.6263258907674464,0.4636378712212494,0.6902260406535546,0.5774181668934719,0.32843397371080413,0.305755954059481,0.3673241763252696,0.4836908138291143,0.3213361163648249,0.5781707686566806,0.5903331791601047,0.44352688474640045,0.4437042802116585,0.641752154256844
0.18733625516935853,0.35857813490547674,0.25117909737923644,0.4571752553795305,0.5004881944208628,0.37735720487929547,0.4769120056364569,0.49855080650516587,0.502247049213411,0.651735895203314,0.5717332063585367,0.5580314331795992,0.4032591854424928,0.4739362680021966,0.44261967182895345,0.33259894834833076,0.2638804245470896,0.5396637014204709,0.4919461170100184,0.5053712397396944,0.5259775403489615,0.5362713987467594,0.5191052084898625,0.46545405874507706,0.6019575227931662,0.26724492224150415,0.37078268896712585,0.491020450419359,0.4327850282354543,0.48657351793075077,0.46056256859757483,0.45737056243634333,0.25256695537652285,0.38776885182599796,0.7132116235214984,0.6646415533685175,0.5508757599808729,0.3575883446044208,0.5573379133869167,0.548112125185295,0.3865648226334911,0.41105469893488816,0.5077182790278126,0.5395012526664743,0.3918751526685073,0.5272397533180544,0.46965884851710105,0.44602902612546325,0.49220178764446243,0.6296061069390133
0.20000974149326298,0.37648771507096623,0.25897231366061296,0.44626704942200524,0.4871803030810305,0.44147987748441764,0.41345963359355353,0.5196007637199775,0.4509390550185795,0.6728297587820986,0.587277760513572,0.5202604050969118,0.36134865514456754,0.4878777229562817,0.44360109963777616,0.3667948747300299,0.2880588112327597,0.5626196418642422,0.4972472842648378,0.5263469090042192,0.5107347922145649,0.4988896907656635,0.5288238038236882,0.4588630448435588,0.5360049858280641,0.2638101974249943,0.3592482516339778,0.48985230257636847,0.45945881133816274,0.48482530328339823,0.4631857414288951,0.4361264608313279,0.2258977469315215,0.41942515896604093,0.7198179236881374,0.6302154489044371,0.5175020156013276,0.37213434502912984,0.5168205159391018,0.4972934522208712,0.39497553737064856,0.4086564724585493,0.5169322993484784,0.5163903634935912,0.4297527380169174,0.5079422948718586,0.4482096921199087,0.4509588844296829,0.48934933817582277,0.644225211407597
0.22097567383330333,0.3583369486744848,0.18041496095080553,0.46827119457683797,0.5914091542342236,0.4242697468360985,0.39741016692179953,0.47014043300022806,0.4964337416980604,0.5915898415572826,0.6396524933100222,0.5745409094723036,0.37886110265646855,0.46585928846266433,0.5157612767279728,0.3841866528045991,0.273386904525202,0.4609674205503263,0.5559207578580662,0.5025795394224148,0.6131313160639469,0.5336711977820882,0.48711737233824653,0.47730484421094044,0.5154750652838799,0.2713323781869128,0.5010630792513882,0.5447158169538304,0.4414063476649741,0.5281758426254362,0.48022684392484205,0.3866213134897948,0.23596896472095413,0.44849636907956913,0.67502968490166,0.7036806892424372,0.5712576761217634,0.4815129020486888,0.5941976055426281,0.5270274253326049,0.3795530239385147,0.34651374852393957,0.43331013360024057,0.4829837293406841,0.38390155051873937,0.5392632407336969,0.529846112878848,0.445850720061539,0.46121310452096625,0.6322051769634512
0.19662951646565377,0.4162297985820803,0.2064168505887277,0.5147630856283397,0.7716453359898573,0.45039036022964857,0.4278484286463622,0.4384753977296676,0.5384888576194128,0.5124960226721013,0.6258401547767934,0.6573136890786355,0.33060389989510947,0.4975668774862993,0.5127034162484664,0.5306193138885374,0.2756416770587051,0.34624740071805976,0.6154795480509538,0.3910731045131745,0.6157043352374111,0.532731193699019,0.5643162988341776,0.5046262144003699,0.44355047062896696,0.3195344023172959,0.5822067605964852,0.5468158365644034,0.37177878113547164,0.608005014200205,0.4079546564840256,0.3447146232522224,0.1950383812761621,0.4081405351190794,0.6294380958027164,0.7663605397375297,0.6050533427309873,0.4625754447157097,0.6861494636900609,0.5253270362563763,0.3013506785748621,0.27456107704575106,0.33758405300753835,0.4444484105478739,0.3462198863056505,0.5693131953700712,0.5910179230171553,0.45349684847286165,0.4307276982325667,0.6839916700808224
0.19206153646532986,0.39870692402822794,0.26419815381049744,0.5047354724655138,0.5271996947386258,0.47602913849439743,0.36088177517015574,0.4785422600716048,0.4351128761108579,0.5932550279207768,0.5705463290599779,0.553606371766438,0.3312877690694946,0.5301223439624163,0.42908608129681053,0.4166554633112026,0.3359964760003865,0.5597551499813167,0.54286622541907,0.4384637369445877,0.5377043198488095,0.5042225744664661,0.591737444962164,0.45844155617177484,0.4843174573455974,0.27988922786646375,0.358803504724441,0.5278961162851489,0.397199588051647,0.5013843057699172,0.43636268513431825,0.3815930737192389,0.17762603047391057,0.38038739969328805,0.7190125925575477,0.6161880345318811,0.5210464275936706,0.3289643354633941,0.5655513227320581,0.4590404839082357,0.3593284707468348,0.3746980872602683,0.485279928973366,0.5087975158520526,0.3976368086931166,0.5404287762477404,0.4757427199172193,0.43691982137954183,0.44131678545629976,0.6291083078542317
0.17511506034229157,0.46672900654204735,0.30653068702731956,0.526019642632522,0.6736699175904808,0.5409256656914417,0.3630584913848903,0.479096351245646,0.43883531037237944,0.5605295998320425,0.5636086829998755,0.5941354028869633,0.25835151638045245,0.5645720474181242,0.4192837370659166,0.5728953190275823,0.34532757665019626,0.4763406147318351,0.5861989207431109,0.3662754165900201,0.5072941161812122,0.4706327068722168,0.6669443169117589,0.4786840145236041,0.3820386658949586,0.32091432232970707,0.41100106658915203,0.511291885286955,0.36390029836103144,0.5698626411539512,0.369443430480338,0.3457977431386113,0.12836589243356783,0.3670410242717702,0.6847005087592392,0.6477095602976611,0.5228019788754723,0.31406519793074195,0.6060418398422398,0.4270201996301704,0.29762762421874833,0.31850363791371816,0.41590321701442423,0.46089533004722194,0.4010360171401013,0.5443838239163347,0.5031174622993543,0.45234840236447604,0.4249262397197361,0.6970924626754887
0.25283871503341576,0.5498101780374018,0.47381572108687064,0.317495691041607,0.5530378610642692,0.4598751572369716,0.3905074448590091,0.5443950982799656,0.5210142175765761,0.5923413297371718,0.6487330698043254,0.4597146768319608,0.3917728188438455,0.4237981881132672,0.45886216533984836,0.4845956618771047,0.3809053104901377,0.4984091656025812,0.5716297213251298,0.4763780172195127,0.4397441509122957,0.4888192083943488,0.6195768939310066,0.5662750765519067,0.4954708693006463,0.5382553434090049,0.23993196186519622,0.4871705532979001,0.537768635366986,0.5470889941516692,0.539086977819336,0.4853181410372922,0.3302306091601407,0.4777925911833235,0.6678044560484597,0.48245785619906273,0.449324622346204,0.5287989279881982,0.39356290035487856,0.46779794217866466,0.44919149429792954,0.512914489905782,0.5010679775049829,0.47715919316605104,0.5315596668276734,0.43741690328337973,0.6146682363647911,0.4872286014463484,0.5248408257284016,0.5514131215437784
0.22165654888681072,0.4129909712836318,0.4493747803792189,0.3067096053583134,0.5625827042976731,0.47395744548823504,0.3829935525709974,0.51624194465748,0.47682210713993883,0.6505872392463458,0.5770345446353647,0.47298920044881476,0.43455076610072324,0.4195667320469732,0.5452484426282527,0.36708135262523545,0.35209319866293276,0.5097348600842998,0.5490987977326884,0.5381460176748191,0.5016457728856646,0.46950694465561243,0.5818683085348371,0.5167290936258726,0.6092152816450471,0.45775099972543776,0.41492303127376756,0.4528978620354908,0.47323636571442923,0.5192681601967175,0.5596908723673747,0.502527937360595,0.4222796128857729,0.4826918045420809,0.6175912688579897,0.5186979631214231,0.49226273133640275,0.5238028785557904,0.43268284861401296,0.4924427252060013,0.39703264179839426,0.5088662084328608,0.5432060801289572,0.515767773907724,0.4932924933434593,0.40295858895630304,0.5905354262997026,0.45648257909260503,0.5599302976405343,0.6484682406614991
0.25892613032532236,0.5418502078726279,0.49538745549203084,0.34430732740859316,0.5737705630957168,0.43384651427110565,0.38858930691504945,0.47112761293238503,0.5406907296559987,0.48159547221776056,0.6433485141008154,0.49721032523009534,0.4290702977426164,0.4258224742294142,0.49430903908511964,0.47578457263898083,0.42206654424826845,0.4664485158773698,0.6152977353608341,0.410744114080548,0.5189850907899974,0.5017650089819512,0.6751539587478337,0.6031747925139054,0.5705862654735835,0.6052287010031961,0.290241080212041,0.5602181762946857,0.46454181237544334,0.5435839726558599,0.5797657799777813,0.45673894650879576,0.414139326108351,0.4406524240419056,0.5986800016641981,0.4557055473957552,0.4560496540644281,0.5742820683318232,0.4196569553697671,0.46555910650244825,0.4397599686280146,0.538735117349754,0.4622753492110634,0.4988484056805292,0.48022816882494024,0.47415818626144385,0.7417469641218735,0.458340073417857,0.476890368380535,0.5197733934298125
0.23972498251935453,0.3894309186660816,0.4976970245969506,0.3414534178858567,0.6335770614851464,0.5345279854757369,0.3426201982180819,0.5005129126846953,0.4409402678591701,0.5796660343859062,0.589341343019522,0.4587771436187623,0.3793630970271651,0.4336759873391024,0.5809493957670427,0.41524827537182557,0.4438966255840344,0.4311943594590425,0.54808281567592,0.49834033329060023,0.6355190943325478,0.47440093440661674,0.6067142818150895,0.5655368349679433,0.6191012803700141,0.5060135794721949,0.5514486378578225,0.5288314350085841,0.47393855567141824,0.5499174298433254,0.6137737813288036,0.49060911603535523,0.565383396488376,0.5197764239651209,0.5525485967845483,0.551983726344337,0.44925873137913014,0.6007648357916182,0.4046929362638422,0.46543382982287085,0.36750224312758917,0.4646486518554032,0.42313500119959785,0.5530917824152118,0.4292610450947535,0.43308759879634146,0.7351210943587866,0.4269708672923519,0.5807136593164149,0.6341903157015892
0.2230837062148172,0.4856032996348637,0.5523132114400859,0.3265146202030023,0.628806541844135,0.526387256842975,0.39511752837626624,0.4920938190716248,0.4466534421303853,0.5724690150018593,0.5749612870943936,0.48397831394353225,0.36144343306503723,0.4618290248488908,0.5346873342047838,0.5128862728289371,0.42803189910998013,0.45817642871973685,0.5548696055872719,0.4645344319396127,0.5197923858681806,0.40629856827164407,0.708561351269152,0.6037051083377238,0.6170766456434439,0.5543125653324794,0.43744386103148625,0.5187460157835678,0.4302027261457004,0.5436441521417122,0.5705075037999837,0.4731616914649729,0.5079575657257643,0.44553368348229183,0.5162712788340494,0.48971082626402745,0.4132313334677459,0.5398817097640889,0.38905646030224794,0.42205592913989726,0.3870115312023898,0.5397297982285267,0.4494205675217825,0.5062740039170778,0.48012447566073746,0.4476696945237117,0.7356353222895418,0.4514048476175127,0.5073100853949872,0.675244950961593
0.18676507165177703,0.4229253159785482,0.5686745693624475,0.39141212660788127,0.7046610327272467,0.5182231971830591,0.26995926538206905,0.4424550102682576,0.5163576157866299,0.47497860533070496,0.4770812791869634,0.5347555348287989,0.45798748615601936,0.4578963049366134,0.5299297292780111,0.37111373540326187,0.4913857058104718,0.47726926093459604,0.6680768513795694,0.3060277982179639,0.5725511275398205,0.5881688741414032,0.6880991909392693,0.48184849350977665,0.5430537001664851,0.5675283394567964,0.4242241635822144,0.4525459480283264,0.3496218189834943,0.5943231696077929,0.5209981895381571,0.48601490452905954,0.40211811369535405,0.42648379815685,0.6720844875189265,0.48519229907343076,0.5632306152078405,0.4171326874197532,0.5663780715628911,0.49748341469566726,0.2619135214296261,0.4128338178354082,0.5123077816364747,0.5750046161707661,0.3949672124609602,0.39468219144336997,0.6525414713517289,0.4150763763408764,0.5932373039241607,0.5504831042636268
0.20861225352224852,0.38302318007002556,0.5690033809437912,0.39735676146038434,0.5761015169337652,0.5279927043503815,0.37712402351623936,0.4332718406172018,0.41239264335818887,0.5057762277632193,0.5126761660530436,0.48674325598975715,0.39348927226477587,0.4860923242372755,0.5467817678796619,0.41394798474503963,0.4796450358541027,0.4726930742369163,0.5691950782263233,0.4124985730192444,0.6344788477054596,0.4358581444643759,0.757663553645635,0.5705699182512776,0.7243154732572056,0.5574014373061321,0.5170903957789543,0.5694059755515458,0.3430769130512836,0.49808441059824965,0.6044756184685436,0.4667886129873772,0.6278304698589212,0.40962365517430543,0.49110531863392476,0.45788720983225123,0.4315452177680825,0.526342577880434,0.4017394248702314,0.4267951561907413,0.3295529068423985,0.5334639597911667,0.4516521659028107,0.6143436844101032,0.39006746400558723,0.46361287776795435,0.8053880247296535,0.3810438033936843,0.5148135077127005,0.6640283237380651
0.2615093806274512,0.44294236027873163,0.37246526530970875,0.4204591030306807,0.4915234214980624,0.4062201941896541,0.4382422502064068,0.5193863599704538,0.5257644616886756,0.546637836970871,0.6663031367574872,0.4695800618544954,0.39392204884141646,0.4302597998003992,0.4426409240981224,0.4012614876368708,0.3735008725679315,0.4618669138191511,0.5415082154739607,0.46768072700158075,0.5903561281608203,0.5579788353901453,0.568858230079398,0.546803149391271,0.5694484571281029,0.4704222641739563,0.3311187124523878,0.5715860691258856,0.532768204896517,0.5106619344270327,0.564433491829123,0.4761662668008347,0.4104488067448979,0.4752376371147645,0.6791636566466392,0.5646254263671907,0.4759952262990943,0.5569546626589652,0.41344688512040617,0.5206321953657814,0.4325826230817551,0.4462794248372184,0.42915043851744716,0.573777903607558,0.4164595769823969,0.5095062667250699,0.6675813345047253,0.4330884484349169,0.5333466825325093,0.5070268645217441
0.24133746753286173,0.49025931047539606,0.4272761444575238,0.4074348916222857,0.5585213480004831,0.43556966756111404,0.3704881827439759,0.4426034333378917,0.49269528563047166,0.4781599253414586,0.6189166746389134,0.5308906888926681,0.39268395104385956,0.4697625262624658,0.4912105812385743,0.4533209360956271,0.4365852853030737,0.5062888059576578,0.565813239954692,0.4068247115129507,0.5786044315770702,0.5002195838084366,0.6521129581121837,0.602840918304956,0.5999276964024762,0.5010556723056363,0.3307335609132161,0.607429380896786,0.42034457841063577,0.5242827015596607,0.5721109738589095,0.42230588626399845,0.39028696662430673,0.3989418274272567,0.5974293509021961,0.5215874420565288,0.4430548758472487,0.4900234268859763,0.4686053596841013,0.4470861976204459,0.4392230586529574,0.5090400174966527,0.427945297971612,0.501486374620565,0.4200142941956456,0.5426577119725846,0.7201478660228328,0.44746540639546145,0.42912203860395637,0.5257510250141687
0.19202039204683305,0.39624662692354923,0.4144369491489405,0.4018746171469575,0.5813339387774263,0.4159635007345909,0.37431836612603914,0.4209491928175139,0.46440047311201094,0.5423719180656897,0.5267001491677556,0.5754947415040279,0.4182206764731375,0.4829326642774705,0.5353650884438375,0.35308331156577233,0.43169536615011334,0.5647625814133208,0.48791745754657545,0.4407442630852119,0.6024115118131824,0.506080919132635,0.5946480572386071,0.5881294287989052,0.7137870750985622,0.3875170507141175,0.4093307788366301,0.5708699454028783,0.35755404843947713,0.514105614474877,0.5725466818704023,0.45694588903565947,0.4155410585659297,0.35528252057765997,0.5870352908534763,0.6028299972195778,0.46003299543900916,0.36314754995831205,0.5441050644064881,0.4732769021106205,0.41916199410196175,0.5110445873667021,0.4544042291236906,0.5109805571173694,0.3694951820998053,0.5547723575089688,0.6554835063970887,0.44954141954223137,0.4427761944245664,0.5703488137400101
0.23357141405796256,0.4492886245904501,0.4399549945646431,0.42455582448908014,0.5577088823887381,0.45709891696091226,0.3903510449693802,0.5349881526796165,0.493565881292416,0.5643914419353353,0.6075805472922549,0.4755843714880707,0.34874416243661294,0.4607123276975369,0.43087597684661877,0.42628575370928556,0.43969720545842156,0.4868046605459912,0.504347749865096,0.4309146864101633,0.5837889690498724,0.5676555793914715,0.5753698325407648,0.5542811892023867,0.5423285722883797,0.4513452320458984,0.3301592877828715,0.5412906880138517,0.5208482337045782,0.5474025509351756,0.5455746291136472,0.49880554090187246,0.39797791969608026,0.46188842989944484,0.7039106054683761,0.598605805247131,0.44984064858248235,0.44675847899132287,0.43937303600727645,0.49839016838925543,0.40180754273390923,0.4146076743961853,0.40858379037212866,0.5703146084721891,0.3973093565274218,0.5093019919895345,0.6369352083855666,0.44587780940085897,0.5655331948040734,0.5036881734577159
0.22312605684912673,0.5216614643292846,0.5184903100921058,0.36652919031253944,0.5571473543024438,0.47429036305434863,0.3702081587373145,0.4958472918638522,0.4776989772450031,0.5454677046385595,0.5776723395351027,0.49189615780732265,0.3752892221593997,0.47305515434098655,0.45421870318136887,0.4734468608775694,0.4492862554289302,0.5388560728927118,0.5462076291747991,0.4137931059990094,0.4869892156672039,0.4823712474253258,0.6801914333070783,0.5852283007123665,0.5681309582499969,0.5255382224634907,0.25879948629264715,0.5275872108832097,0.4481869863014946,0.5336003912658962,0.5449315053015074,0.47270867897007984,0.3771375032835515,0.4060924634805938,0.6341621955111569,0.4808286832596507,0.42141087449120385,0.4282947854386988,0.4249297835662442,0.4351770930866988,0.42215330805057666,0.5260555524541594,0.47971744666481597,0.5096785807692304,0.4687153755948766,0.484406808977067,0.6568323291786953,0.4633231924488874,0.48852304852057293,0.5506446817727806
0.23053512146046407,0.4154036734717508,0.4536937688962101,0.459187608217438,0.5308860407346417,0.44144945168917316,0.4048597705009326,0.45382834013398154,0.5333439568325588,0.45667510330024647,0.5804834629057292,0.49831455410690245,0.44703966953507457,0.4518703523541169,0.4548971516427277,0.37822248688776744,0.40285015044150774,0.4417568335212201,0.6591952523210157,0.35135157684296503,0.6006871846706657,0.5700502621576695,0.7016154942341619,0.48379750981993236,0.5823186500801436,0.5623918944126803,0.37732059789121203,0.5449379695204756,0.40152818713341637,0.5105856341463743,0.5318333139073211,0.454230986777797,0.44073402235768505,0.42626509395172774,0.6575372722485254,0.46327722286881623,0.5471227654340206,0.5405313928082128,0.4678200764894843,0.516968128920227,0.31671070577824556,0.43738508250327024,0.4844531833105098,0.6364084958845209,0.38614317610020327,0.4559063391679324,0.7096383509544555,0.3783581403853983,0.541997454382533,0.5442245478045092
0.23558749771510573,0.4427460895581753,0.4636265871094885,0.378700137458123,0.5720710921749986,0.5161933607669792,0.35750676140926524,0.4705682944885631,0.4405234629559243,0.5421378859312104,0.5961493369996211,0.48430395553048833,0.3762856230646954,0.46730646688913813,0.5287679862997411,0.45684612965558824,0.41505367996944087,0.4757531578281513,0.586514246426574,0.4581174077133168,0.5696837915745369,0.4405251612412956,0.6809870218697461,0.5561009621581169,0.5890795135419756,0.5098437430633581,0.44100222204011513,0.5519212343705153,0.42230563047263486,0.5166604769715486,0.5676825708862869,0.432775602510715,0.4581113655734963,0.45149315559516134,0.5590042298086867,0.48610099398703455,0.4503603630947378,0.5547893230532998,0.41729585445085776,0.4292373261734729,0.3819596517674816,0.5003116861225472,0.4630927265028464,0.5270100940795026,0.4537969924567756,0.46345037909387404,0.7086260580854806,0.42601502118134393,0.48788431652062675,0.6407217917442795
0.19639107370226466,0.5130599550068916,0.48836264585178535,0.352399370287932,0.6748609230009199,0.41167968141835504,0.4740760901561175,0.4815789983150498,0.5382803507494242,0.5639867637962347,0.5667793986647278,0.5729071486212285,0.3869506900323426,0.457479864801876,0.49153720422046004,0.5014175917837006,0.38638688548502453,0.46426367619995595,0.5074898141471174,0.42527421945482746,0.4915385813709081,0.4870375346954133,0.6360494560977974,0.6280957254521727,0.6349378891292048,0.48741924950261933,0.3590909277838199,0.5103608676422904,0.4210450840775388,0.5764919653221754,0.5220294050575802,0.49359083175246726,0.3951914832307744,0.37668969862247026,0.5774992160967084,0.6108918782379118,0.4543949820420594,0.41171964547261236,0.5057077568839602,0.49510496392440645,0.41321487871179474,0.5101132820080512,0.4180679978442359,0.47137389370373073,0.43245398905651744,0.5211098998015757,0.6753785703967119,0.4915553876595511,0.4796593756199484,0.6065225150026056
0.2185263220798799,0.46131331680436954,0.5376492794352561,0.26587361812955485,0.7092890853410079,0.5562770983635618,0.29146923520080026,0.5172233471214243,0.4386330748032256,0.6361438856069427,0.5612896449205319,0.48434341657733737,0.37102542446896575,0.4361127441209416,0.5994322953125704,0.45941757361088215,0.45259412808616317,0.49013552770248864,0.5260598327481547,0.5128720468833999,0.5254493742461921,0.4445751667970537,0.5845710839897419,0.5903156550346005,0.5648198642447234,0.48529262384092337,0.4776505545346133,0.4601330603151056,0.47619347909064424,0.5937432160163418,0.5852305112310197,0.5013148409554042,0.4491877699422392,0.5044972737347595,0.5707213145601222,0.5614319902113769,0.43055751408651494,0.5007161273129483,0.4467665372961915,0.43584217149952104,0.39776360674392586,0.4946566593407816,0.4639285127048524,0.4465176136435985,0.49606523334392955,0.41073651462371824,0.6438251437099178,0.49188871451693716,0.5625232284542336,0.646593157206408
0.2540363961861491,0.4723186360511161,0.48479885214021434,0.3633151791584243,0.487649938511448,0.4275408116682566,0.35960947551060124,0.47218543217794184,0.5003293439694416,0.5059003899879956,0.6117210654094998,0.4690965512212248,0.44191343382907255,0.43339694796182576,0.4872374721059981,0.3739255176173982,0.45346773790300643,0.5372001480977736,0.565799609994964,0.43535125681473963,0.5643551543142121,0.526942682265253,0.6384404655431658,0.5787607451588167,0.631533314764924,0.548973166401985,0.2783399763231927,0.5729195759954424,0.4669321961734242,0.5010581967821516,0.6127212575513575,0.47952146960352854,0.45372708302639003,0.4378451461521788,0.6330927246019804,0.45303972589720676,0.44145188636583077,0.5242211302920153,0.4031162906246518,0.4687613077592142,0.45017455698428716,0.5451990727397092,0.49131361814321006,0.5540128472527709,0.4468738102104739,0.48220980277567294,0.7121259706160432,0.43591338496279575,0.5005895812071086,0.48266334768318386
0.2407782701004613,0.47721235125109845,0.4596068521254769,0.30832569367967866,0.5754953566765314,0.4577576759453701,0.4095623388755515,0.5026483793497428,0.5209668506147992,0.5890603716032264,0.6198028737094528,0.48171485297104105,0.44435351716847493,0.40940842654495424,0.5298510222293218,0.4314385564066393,0.33804320023363715,0.46122658510316156,0.6117512042741109,0.49662026901468576,0.47804622613182923,0.46502481706108,0.636144160027432,0.5357113903803367,0.5720969210072918,0.5410764495689849,0.3761465722229469,0.4745036711124573,0.47139066477157615,0.5304859454597028,0.550190167645097,0.4765910240436925,0.4058777600401178,0.4776316632314488,0.5980845929756174,0.47252007425264714,0.5019852913860302,0.5921678144846317,0.4212754362528303,0.489790733831025,0.40185424064004216,0.5234678868205496,0.529284092574432,0.49948094133331566,0.5157787514803309,0.40441585864800206,0.6479119218648691,0.4573639669284173,0.5277357766070973,0.634072822495992
0.2299036488834887,0.4759888261884041,0.47634733324730677,0.2705011717615399,0.5856404224284091,0.4668966245394255,0.4353656061367891,0.5130142380614066,0.5012048017718738,0.641430574866151,0.6054863335358264,0.48130587057913277,0.4369921174713981,0.4088297239884381,0.5516592337379692,0.44540613020979314,0.31515773769489874,0.46898087301654445,0.5801890854243388,0.5428602428752665,0.44296848126895705,0.4141041938588418,0.6381193944586632,0.5512685505055428,0.6082215499038001,0.5245680952718383,0.4019699987584966,0.4498537669598634,0.46742153514149093,0.5253300914095118,0.5514083225786046,0.4898342023875317,0.4295318544495686,0.4742180250132022,0.5560487774449876,0.47883268894449593,0.4815415426844947,0.5867056195580181,0.4028155798239954,0.47850862939421,0.4119855936523238,0.5594173941945964,0.54342998190906,0.47625935058368785,0.542367468559968,0.39228362742307676,0.6363955347771255,0.4718621633172711,0.5234603164227127,0.6972261732835789
0.237125419086952,0.43250113230700105,0.40192672317450706,0.3365689928032535,0.5932251501814496,0.41045475321389385,0.39241140925785845,0.4415536845151986,0.5258731578266018,0.5367964910940761,0.6124086423750729,0.5382770351498873,0.4698856805561291,0.41453196264430575,0.5757123413427218,0.37580018726923525,0.3617445332097739,0.47536119736838855,0.5854348331980136,0.48327241841052404,0.5703720848459443,0.49678824905234964,0.5891454596441128,0.5697898020433447,0.6522573604248979,0.48826272668057275,0.4347132740910386,0.5421848169760266,0.42159647332192096,0.5274814478232192,0.587856949082467,0.45346979763355116,0.42821616881277613,0.44179299649217424,0.5679927929979485,0.5387260255577229,0.5082073762298366,0.5660545575554758,0.49385616090504086,0.5028015677621072,0.42557029679005076,0.5218507076979569,0.48409120929319527,0.4884288227922237,0.44688718155345303,0.4750638669693592,0.6915742932927954,0.4531991928055512,0.47435313837509463,0.5891235706535249
0.23410248473393608,0.43420094706179274,0.5169345691278556,0.3389616519774553,0.5606574784935854,0.5317836173421809,0.352995473354154,0.49438288121480745,0.4230239551312372,0.5827374088536718,0.5785506559961201,0.4519154651769278,0.3798424385085398,0.4556608226724611,0.539549802796872,0.4363226695078669,0.4339310093211567,0.4936628086398185,0.55688966629971,0.4901556348700855,0.5562962303348414,0.4280045341592749,0.6741566017998822,0.563205293675517,0.6200720477343173,0.5231418787392744,0.43959722335370205,0.5260172876208673,0.44635732537104855,0.5126448874345692,0.5928862057319841,0.47209668775123725,0.5141091413162058,0.4717186222825175,0.5523473314212849,0.46900301559256835,0.42461578671505285,0.5558280311889954,0.37418119251827264,0.42594207441739074,0.3898705293175221,0.5284950840683598,0.4827641831708894,0.5405951962954393,0.47234569934400106,0.4331910973820105,0.7072978221304634,0.43004651517238,0.5279267124651246,0.6481821024298029
0.25427433264607335,0.4395462365823525,0.3867823165642359,0.4179246608995538,0.598731737891855,0.47086554720940565,0.33482514072269903,0.506510804023418,0.4914088370525277,0.5311062049503386,0.645798903111654,0.4904541493315705,0.3566459661290956,0.4483241127592935,0.4920839385512932,0.4276322759991343,0.44065335595143645,0.459161638181776,0.5406328228765609,0.44328872657940577,0.6368515127947605,0.565696992505751,0.5419286649974304,0.5619822593916812,0.5148605599476314,0.4446825606027378,0.4054011210024645,0.5750120618815414,0.518059060957228,0.562890182794077,0.5704450494563069,0.45628098617644874,0.3876558957320357,0.49408095951386377,0.6761896293272687,0.6157061070833396,0.4664082564094359,0.521118260175803,0.46931476133878264,0.48869633787514877,0.41198289578767827,0.39502940090645783,0.3828579204903003,0.5282113982834753,0.3965239640438981,0.5157563937630432,0.6671147541132221,0.44824243525199176,0.5362385840571351,0.49917928999438244
0.24762430671310587,0.44374725391229575,0.47269404023751127,0.41957544411761827,0.5635397240804886,0.486281332381294,0.346148429914506,0.4758980591877069,0.4954529261775745,0.4799250011103294,0.606826173340635,0.4746148333904597,0.40241981168125274,0.45111110416822975,0.4844022458926384,0.41966479554210123,0.4489908856570868,0.4524367344326669,0.6219523325389376,0.3882632436561772,0.6100822176042409,0.5426069869745697,0.6665302978706251,0.5307024225991859,0.5496858063073536,0.5547732230683597,0.38833917001274915,0.5603725856703696,0.4506037468775259,0.534171696163674,0.5672277227913821,0.45367485914794803,0.4503603119943532,0.46624476648621627,0.6407450565914059,0.48377330997860274,0.4880941374253213,0.5578775486969114,0.43491343703343915,0.47577687870429136,0.35941884161712173,0.44472009992002737,0.44694537796071326,0.58551289221024,0.4122954828221487,0.4622567529215372,0.7224205116688355,0.40685677726760316,0.540105112955861,0.5314114414200487
0.20641517948757113,0.37769962025266285,0.3542194896050743,0.3795534879879803,0.5729257886677401,0.48728282063790723,0.36968955929625597,0.507931102886017,0.4475585874816862,0.6562683140980452,0.5723592536368991,0.5070102894123812,0.38470949269180443,0.46046336283349204,0.5245459610161487,0.37733215680749405,0.33367717076271564,0.5170513961083916,0.5303689400738949,0.5279526924139197,0.5355076255628516,0.477444584556354,0.5526476395353358,0.4874926453494966,0.5627537701798148,0.3508914471775274,0.45418751200601687,0.4728712285928616,0.4498529642405033,0.5191222483456963,0.512689914307262,0.4574164205863841,0.3363230007698569,0.4612592544140316,0.6487040088006271,0.596822232512552,0.5098394768111355,0.4548773317065087,0.49630960532832213,0.48566133066831546,0.3739401469758592,0.4349207657802594,0.5088544453288115,0.5064949585397638,0.44859721842689804,0.4531268467674298,0.5313077344351411,0.45098232775312497,0.5275928824499881,0.6696405613221127
0.21752619396738804,0.44441631013683797,0.3472177649000431,0.45400016066323823,0.5580739070914784,0.45452666016071464,0.33268762282030756,0.4516205362608128,0.47971093360374295,0.5161276449676943,0.5897425640613004,0.5480122683001477,0.3843369439902481,0.49178902650292633,0.46863761254442576,0.4131792050270439,0.3978626682696383,0.5368553441269891,0.5815573550631574,0.4015504129296006,0.5628044526020529,0.5314102184485736,0.6123383630228332,0.5151099865807522,0.5203275323902506,0.4020994906186015,0.3357282893501457,0.5577759005889854,0.4034781271777561,0.5246962758993092,0.5033916673739127,0.4007969902852264,0.25920625286911925,0.395410685498656,0.6832657339158552,0.5596728914048629,0.5063620561076403,0.40595248317678356,0.5440069050546067,0.4626548408154871,0.3891918893806587,0.4273970503857901,0.4709715021172961,0.5029560793773163,0.40674230867835365,0.5275904807845878,0.5866460273125637,0.4418472536006455,0.44540976883973316,0.5480169395124749
0.22611757652157585,0.4530462098579648,0.452504015196208,0.3132551413859387,0.6325326277911404,0.4584404279282305,0.3318888966059968,0.4861629181287729,0.5106177892592788,0.5811440853662859,0.5851694759345215,0.5144032711284237,0.4414049865327569,0.4191142969464004,0.557853653816017,0.3857604865062228,0.4032455531863509,0.5049975722274097,0.5669303123974754,0.47658623447869575,0.5301362842599928,0.5190029391993903,0.5632307609491453,0.55293366711814,0.5762028599667783,0.47750028502792896,0.3909503392433436,0.48331358738391944,0.4612661220761224,0.5636166967735569,0.5677989202228575,0.4859209512042006,0.3756691999710807,0.4684380849878958,0.6347603773210999,0.5493234280775647,0.4973802647540743,0.49485660069312304,0.4974060151256855,0.493284692025951,0.4112444680856119,0.48698090878043276,0.49925503694782714,0.4750951029099314,0.46838971276043095,0.43862536111550043,0.6184089760788753,0.4761209979567669,0.5330051666947067,0.5666621831963422
0.23702953130115773,0.5077019173571712,0.4882638502031313,0.3012033868505112,0.6399926775865266,0.5285907602111772,0.3128888128193656,0.536687976407354,0.4305626806409867,0.6314366888751496,0.6123988754504782,0.47512062059192306,0.3204070526162407,0.4564745820471385,0.5330801096257092,0.5010162021688334,0.45910751678481265,0.5240926683100254,0.47462352614949677,0.517816277632514,0.5171638951797947,0.4457648938057131,0.5661351066150758,0.627887811955125,0.5364972152388837,0.4486953032393283,0.37067721117559255,0.517967535964771,0.5247422601192592,0.5755461369503736,0.5834536330241044,0.48235185800171854,0.3918291887089569,0.48657901601389103,0.6042799068844752,0.5837369478782782,0.3758471759074769,0.4675336930511584,0.4143779671894041,0.4142625426230436,0.46477177587380136,0.5004440775184603,0.42301846480630323,0.429728762520149,0.49453912769607805,0.48196940537320665,0.6345915768453781,0.5082547251800354,0.5124010132453635,0.5864871405349722
0.22701897772444768,0.47134785248432953,0.4587403771431025,0.3607545068263361,0.5895510751553721,0.47058244093429347,0.3471765523478946,0.446714110233515,0.5051287135065611,0.5128563490350732,0.5831611346281872,0.5203993898194503,0.4469609046619307,0.4457238377671715,0.5290063745669492,0.42221618701473496,0.38973937391651314,0.4925906371055555,0.6465883119327569,0.4172673317152899,0.5158823063208966,0.4849676281105147,0.6797763491568171,0.5272275423658471,0.565182923417503,0.5387645188807474,0.3693983135857301,0.5114152171388646,0.39279472192179643,0.5309804832957531,0.5397097747986742,0.4323681714182223,0.3673104552795479,0.42639895325497534,0.6040332848675488,0.45380413774169703,0.5146013350940544,0.5256521907624262,0.4849371399076771,0.462872920319254,0.3745486138191382,0.5072911918656604,0.5253285456287461,0.5025442038690182,0.4728314631894297,0.4368482336191969,0.6621962916614046,0.43898712600339,0.47937561190259387,0.6012496700593509
0.23384591905348934,0.5509964848682132,0.5588156122213852,0.28660943241727255,0.6618463536101833,0.5115559804758294,0.3610263369450206,0.5431834838256068,0.49377160879834003,0.6005530388078217,0.6039805232160687,0.4725102053240943,0.3601081181763671,0.43456327346831464,0.5045922998939565,0.5259380104404175,0.4404640344428962,0.47571346215534194,0.5417563874315068,0.4641161294709225,0.4605976084129908,0.46658165303087723,0.6325048048812731,0.6095771662096388,0.5178840051526475,0.5548668250435249,0.32469061706741503,0.47231878022523816,0.5169729288218414,0.5924776247463064,0.5554904068073911,0.5081648275054255,0.4009686051297532,0.4815980615962133,0.6142913589394361,0.5207617611676848,0.41582338250326284,0.5000691561505726,0.40482871721226166,0.44569715793008546,0.4242421643802959,0.5098164623474584,0.4542797143656809,0.4584242025759276,0.5174902022450522,0.430986489366231,0.6582132851599493,0.5006175301350552,0.5498767565838556,0.5861018048772483
0.24890608563599398,0.46960720348851637,0.43613750902274573,0.36254965485672863,0.618936753271031,0.49790508753713486,0.36375260991922986,0.45475303539853273,0.4477175742788622,0.5242905467762553,0.6345133545307043,0.5132522736313665,0.35867946368771675,0.46213640900178987,0.5636716392220003,0.5002563718210874,0.4210795283545999,0.4526583545753974,0.5580602405716619,0.4758147228169508,0.598784485739045,0.42397563657224335,0.6484489019595964,0.6232212467461719,0.6067584918014922,0.4986642174220912,0.4741792522167666,0.6001096345531517,0.4327738874095429,0.5374465253164377,0.5958679225451553,0.4143625841265735,0.4688347431705166,0.4514711902410699,0.5087873421334083,0.541955657473292,0.419110818131577,0.5838916026146318,0.4301708746402091,0.4190147751369161,0.4304208759972887,0.5142089064435671,0.3981278064654019,0.4698315530149852,0.4479562568842903,0.513835376320517,0.7605006312193557,0.45209920402234294,0.43946525624822363,0.6295805421593406
0.24483715825405436,0.4078870190193904,0.4619965678161821,0.3460355029023987,0.5753551666281607,0.587011122243835,0.2761133096923883,0.501967467036217,0.3661386550894572,0.6075264295124015,0.5989972758642303,0.4391256013419519,0.33338521345959293,0.47021560825553976,0.5722082505567615,0.4424915064818653,0.4512198413888462,0.506955276352923,0.5394763396159585,0.5296717281117297,0.5991061778617326,0.4091174084682482,0.6234064879949159,0.5568741833320634,0.5663405203518581,0.453910432665906,0.5019164761556478,0.5449795466835899,0.46917237583127563,0.5190158586141902,0.603532719976604,0.43848007536288763,0.4832817575897882,0.5114948642331282,0.5564071028530696,0.5087066936836997,0.4062194685091036,0.5660864582077687,0.3798677195671111,0.3906136690585699,0.399359498422251,0.48789485174755537,0.45724751970660676,0.5063039257497006,0.47280978406771224,0.44334583291439744,0.6779620045295348,0.4358757007187839,0.5182954144409027,0.6618380289219411
0.2561273453880365,0.4323559917589519,0.3637721626740734,0.4139186611158824,0.5499119839862543,0.4412313785662336,0.3536798751716416,0.48039398905202646,0.4940582900589151,0.5219959699791813,0.6482493717502782,0.49947385860880406,0.3901818191048847,0.44486172661448453,0.5014349727151259,0.39930362311188666,0.41363206050623297,0.48231499093642766,0.5524942644401583,0.45688168726754697,0.6265674810259949,0.545334191928731,0.5584094877691208,0.5599413649288497,0.5615128554554979,0.44542656728139285,0.388817942232356,0.5901936571915865,0.4886401784882928,0.5296943152289378,0.5798276822514307,0.44070588200450156,0.3900042340808085,0.4693935162777906,0.6515699569276973,0.5794200814524064,0.47334282188195076,0.5359369745990845,0.4665355813441507,0.48666642101366064,0.430618365340282,0.4398392965496643,0.4177754326291961,0.5262727197347806,0.4062223885719079,0.5214758204985455,0.6742083881599398,0.44087438341635427,0.49625306925740437,0.510384296958057
0.21523851138040634,0.40812510357162557,0.43824655149001696,0.3948869458701358,0.5233622859512471,0.454208439612546,0.494310608945044,0.5310758836396253,0.514039071100296,0.6174798131394611,0.5830361470030933,0.46818375099549303,0.4163294142184227,0.4368764057339563,0.452022003654507,0.4073021316262137,0.29810435284063364,0.4343936208292579,0.5933218545405836,0.47642465110248255,0.49596480666938036,0.4918760380381664,0.6617841733496855,0.46624884408668393,0.5836627177180354,0.49602534126490394,0.40330727629981367,0.45212482003891363,0.4618795621532794,0.5007912782906363,0.4936119609344315,0.4984462310956427,0.430788396738369,0.46009083469104123,0.6428247609713137,0.5031234138852623,0.535476122725859,0.5453079449238243,0.41296587398196516,0.5299593730558644,0.3259487172566861,0.4566384094496269,0.5258016965841584,0.607500927351377,0.45803499343275,0.4058995777483656,0.6101716015923256,0.4106269697503233,0.5852303854284107,0.6790886236678717
0.21472484315699314,0.4913966098266105,0.46938993373718996,0.33736149807412247,0.6984546490265756,0.4814318398029833,0.3128258594069144,0.45949791223979436,0.5075086111279438,0.5339063168790801,0.5722316018218223,0.5533637869569931,0.41127321542591627,0.44873563889949886,0.5546443409228501,0.4554361675938561,0.42961736424266606,0.48955159545110283,0.5897601381723676,0.4170263016277455,0.5273412453795768,0.5061584011481387,0.6117468808253926,0.5749452350647101,0.5410408898387097,0.4935941013866174,0.3967920757148914,0.5008777344748564,0.4145994919764723,0.5917932989438666,0.540942150420516,0.45077877351054696,0.33706120220988056,0.43319412222733483,0.6131844657460268,0.5573752828875643,0.491880815180237,0.4567588948489991,0.539441799549317,0.46399845256672756,0.39098676563843904,0.4720099529649021,0.4633976801804192,0.44291552943063467,0.45576511719195395,0.46585594319992285,0.6430049599019595,0.4826171072089945,0.48992123408765453,0.5763815834579126
0.2213081528422276,0.4333798007498591,0.4442493111363436,0.30139229226649134,0.685439314797115,0.4967687641675215,0.3239761335217168,0.44525684079843125,0.5036567423755267,0.560578708339205,0.5771822586129084,0.5366549553400054,0.46658612027660235,0.41687703168264595,0.6234064425029352,0.40898042564367093,0.35672149500872596,0.45061466566797226,0.654997709910765,0.4762179632776363,0.5282408302377901,0.461211289471047,0.6248451784883134,0.5211127385677805,0.5713493496173722,0.5132662049158874,0.5095846126011612,0.4658612131986846,0.3905125223666815,0.5639453197907105,0.5507260566877004,0.4390880109303657,0.3914582619306527,0.4735319924745876,0.5570838277123391,0.5032678262921922,0.5477036392647111,0.5814970209228703,0.5215361351412234,0.478754253182896,0.35492821548921677,0.4917993158095176,0.5283152201031238,0.4560431534180228,0.49144568420740203,0.3919749496573585,0.6496864637296373,0.4557262340899783,0.5072773681085186,0.675627642168208
0.23750415895902935,0.4540096174681259,0.44656670299293855,0.35267368232414026,0.6180606127455881,0.4769794815599512,0.3972750662763346,0.4674352555448037,0.4803838574026066,0.5461594893954832,0.6149688913543816,0.5123153906678968,0.393723172163787,0.44397768958165407,0.5541918850902249,0.4662006659897017,0.3871072717558658,0.44146533519724634,0.5736080661570117,0.47575247171324153,0.5697232585123018,0.4479110096363338,0.6440280000385648,0.5874196780265994,0.6141224427841661,0.5086573715170204,0.4679331120128738,0.5508543758531761,0.4334601208477741,0.538092621125511,0.5750269630215621,0.44457969692713084,0.46609187678639047,0.45437899228101747,0.5353348481892546,0.5357500272375872,0.4607458028882181,0.5790316286111243,0.4412062762886152,0.4590313135227812,0.40237160010252226,0.5061124269924467,0.43662746533546803,0.49620777082397044,0.45274194325287875,0.4766831194896059,0.7266882256801853,0.4471763640950279,0.4823103902215574,0.6413809985645574
0.21595941299017224,0.44802452771530527,0.3587204837979181,0.40273297992775114,0.6444394738556813,0.474737652145553,0.46777314750311344,0.5436866665791431,0.5021758671779595,0.6377405731347562,0.6261935968085878,0.5200270543569605,0.32778654486297,0.45864367939861,0.47240817562113374,0.5101088623494993,0.29975581293072107,0.40500298044971456,0.5354284616214157,0.4954695834043948,0.514759636958173,0.48041692826862087,0.5776010142992795,0.5261463132002734,0.4985884235962943,0.3986772498456197,0.4567374396093816,0.4801951191061176,0.49648315544763,0.5654093450113398,0.469529310579616,0.4596285618203993,0.3305127214559283,0.4711779384800366,0.6376359053832565,0.6547076181507732,0.504450762925315,0.5029673460130348,0.48050920708305955,0.5080449940095482,0.36218258438590023,0.38940296183234346,0.41526794321356464,0.4971607477372227,0.4457297681701788,0.48017917959040207,0.5821157632073785,0.46644870059960974,0.5365663245767522,0.6851650463995587
0.2476039428235748,0.5014086709897668,0.4400431700529417,0.4019035663605581,0.5801608187932735,0.508947665200962,0.3957837091103708,0.5110595730315285,0.4865488067959721,0.5382697948756896,0.6432258391316652,0.4758552167198669,0.3490715197513046,0.46263463960515505,0.462154991078538,0.5264427256310152,0.37594787901171817,0.4285912075122642,0.6202649308790757,0.4311690198042026,0.518333235351074,0.4664678586846562,0.6868248664596395,0.5359334712413028,0.4785240346833072,0.5342639300958903,0.3714066024936811,0.5306617535145559,0.4753596610671663,0.5404359008468043,0.5122656267214831,0.42705278231046206,0.3696881081635681,0.46973297841755635,0.619956943148767,0.4923253177227938,0.4734792791279936,0.5732848541811002,0.410960548395266,0.44899707386277804,0.3717245124068108,0.45016971218783886,0.44778485656935046,0.5212472880054797,0.4767714989999794,0.4568406343176897,0.6745509856781063,0.4371201932474114,0.5050403231099637,0.6232078978247922
0.22451470175782381,0.39758395191493223,0.4489161666229533,0.34214949668880196,0.5960345954211927,0.4995360011005742,0.3275276956330415,0.5367010282623473,0.4546636727484372,0.6420917195331551,0.5763310808462433,0.46428851945533833,0.3814109403478145,0.43602795872537664,0.5294207399352099,0.36651861060583435,0.42685206334448234,0.5140959841259926,0.4967539077444384,0.5156225591654743,0.5738969957661079,0.525105699436321,0.5235085201785172,0.5344341640457192,0.5717568231672767,0.41394669968783765,0.42848428786734777,0.48150356106284686,0.5148400782586834,0.5511990115077623,0.5751231392017911,0.5157909474231605,0.42540027997109753,0.5059313692140472,0.6677446284973922,0.5974937109494258,0.4618177025415269,0.4705131686241642,0.4480185809388462,0.4899018726605461,0.39873878953492786,0.43978888391145676,0.4686716959127279,0.5296453199892437,0.439594241512549,0.4423594235943235,0.5897433021979497,0.4606829943719771,0.5955698493596765,0.5752204938561193
0.2415727100279337,0.41948695071033953,0.403091226192149,0.3710383779374204,0.5284049451968679,0.47162329247670914,0.44031363498125975,0.5146945924032977,0.4929225963624136,0.6020982835766541,0.628200317345614,0.46338322785268476,0.41140310185795165,0.42823054325420634,0.5014770755703991,0.420510864951428,0.3092507629899083,0.4366410297258129,0.6043228620714336,0.5095759775384833,0.5246809270819602,0.4639279736678526,0.636844851557312,0.49442751841841015,0.5670675557790101,0.49338231873920985,0.43327096580667424,0.493165549340949,0.476413163502711,0.5015001237447415,0.5320614352532198,0.46138120142178096,0.42766005392482886,0.48914778361842665,0.6077386723158235,0.4965935774708281,0.5137762507569689,0.6127919870398624,0.4025794184240292,0.49749684662239235,0.36817278582998686,0.4739146655638798,0.5090904222666053,0.5562633813059875,0.4802804368370558,0.4172233620045202,0.6406122900993723,0.4219493571171592,0.5429872348079787,0.6709588768543375
0.24545562637453447,0.5006458769495665,0.48444528198870335,0.2959567530155556,0.5727548260505423,0.47218983063157516,0.4285376787535935,0.5159063367805131,0.48437488276115936,0.608788158331693,0.6317494436547029,0.4705906883590305,0.3930628627681805,0.4251361372085347,0.527384805725431,0.4847956536373538,0.36393222735721026,0.46804549126790873,0.5488933532619233,0.5249493663155292,0.4817015806550131,0.4170571709705291,0.6438088729184254,0.5973329076839837,0.6044905428683397,0.5329936432485417,0.3775945499450947,0.5091552249651136,0.4912876406526465,0.5271644448232551,0.5754918492050646,0.4805148711081799,0.45587036945046083,0.4719454941791855,0.5494134828495241,0.49360404055208573,0.428584057582047,0.5868605884725293,0.3717454131030905,0.4532792753185662,0.44275377488992357,0.5583159355190732,0.4809825976623383,0.47999707382704626,0.5203637019248984,0.4420400794170164,0.6896003171311543,0.4724323403659422,0.5025429483523548,0.649587953388233
0.23982458273851648,0.4235887896596696,0.3625610028190507,0.42076614498066456,0.5125659265483827,0.405649395235459,0.41655286729713414,0.4863431829020287,0.5351015932277614,0.5380696873691985,0.6253326243794617,0.5031132774502886,0.43620224492780446,0.4340074025670223,0.4653759327064221,0.36693068436991444,0.34956855020702554,0.4787993669899701,0.5899076462189123,0.44477336049824273,0.5661301753590535,0.559500667443294,0.5891738512680548,0.5030276826262119,0.5687362726530762,0.46240807891773983,0.3463626328844192,0.5353525194668224,0.46777948582573986,0.5093581550703086,0.5341275131036632,0.4588207879407366,0.3596105058575474,0.44737522747732034,0.6836534675005504,0.5397888231817416,0.5309734716530452,0.5230888451844318,0.4762459514488322,0.5281229167088212,0.3934383393109929,0.4442608173840914,0.48643839172297926,0.5641976835634301,0.4198168873830258,0.4814810051641043,0.6250855786211428,0.4262719603505354,0.5201720660486353,0.5391685161800248
0.22096465003815535,0.5273499869413627,0.5351807287967631,0.31284080605302245,0.6325469009936395,0.47881045496426083,0.43374364698739176,0.5374606019164352,0.46791884603831047,0.623103038604611,0.5948269550940596,0.4926436369367329,0.3249979982814714,0.4592117383558874,0.490081897462018,0.5338707092878554,0.432959856779485,0.48888711602162505,0.45259171149462823,0.49234768124390893,0.4887957722937135,0.4361668955742536,0.6247813509254547,0.6576811823093696,0.6131444174967107,0.49241455210919177,0.34744928699760785,0.5185147436371402,0.5027596176955007,0.5659382153503286,0.5675332071659279,0.5139485483163516,0.4566489219740918,0.43710664337979177,0.5663072672226463,0.5852199142564717,0.36648844214182513,0.4524656992961953,0.39209444250476627,0.4413146907905709,0.455628811113323,0.5361750983540746,0.40369748473555944,0.4688613099215241,0.47641109069944726,0.5029170717081847,0.6864803454627558,0.5012562305700962,0.5110045638873744,0.6121996097125901
0.25672914546398184,0.4419869261889282,0.37542451575901153,0.36937031188726527,0.5377009922625553,0.4394174117402873,0.3526302887611296,0.4478795104447211,0.5111980460771668,0.5118822467314708,0.6421187431261514,0.5052089083576901,0.45818466665561003,0.4235747831202594,0.5434389577549954,0.3832284804827741,0.3625025743474309,0.48215939296330085,0.6377582934719324,0.46563997191083345,0.5684003978661495,0.5009712787234354,0.616066900154776,0.5275260061590406,0.5743994495168844,0.5056105482168718,0.3922112997532766,0.555024515239008,0.4370194234873088,0.50888076638463,0.573491744734092,0.41842540979002785,0.3790766219736329,0.4623475867708216,0.6089233233103495,0.47870667973589004,0.518952294243722,0.6023494289611367,0.46738694680639237,0.4812260095454227,0.4147438152920901,0.49838415650715684,0.5070116553051753,0.5059763574513405,0.46429099599073403,0.458999274591895,0.6748146124750416,0.43275455646672334,0.4695390100292546,0.5701805808288933
0.22435322566561805,0.4762715154029171,0.4554523827087343,0.343516707305326,0.6858403898408947,0.5267524588744376,0.32545705645270434,0.4692172976878675,0.4078218608705835,0.5748005817453049,0.5964950087818898,0.5357646874225506,0.30723034700697915,0.48764652931456565,0.5778435730462756,0.5246464727383471,0.4649470691417777,0.49610059683159885,0.4749392894593902,0.4919849000329517,0.5906019624837295,0.41038359614729264,0.6022564957278623,0.6631780759410408,0.606055317224906,0.4240692817680185,0.48437343806520605,0.585323931781899,0.4352231226559238,0.5707297701924915,0.5923227078843535,0.4303510497888615,0.4392093888979586,0.4363393242473962,0.5108734699066202,0.623995003784785,0.37200485257904975,0.4688223665992555,0.46525658487256527,0.39279572745118974,0.4490836894878211,0.5040380192037951,0.3636731972243789,0.4174675750605548,0.4381300737125991,0.5446759603863703,0.7145361968592705,0.4906714160120962,0.4356098656722698,0.6358630265966656
0.1763972755221419,0.4107082797801653,0.46970560363833785,0.40550818966455043,0.6536410259921394,0.42170951458569034,0.4622911149657917,0.49198090443643683,0.5060272188957567,0.5911082843992056,0.517512019404403,0.5611412341196503,0.37617071795736684,0.4728732789645643,0.48168388186651595,0.41292770014665187,0.4113363920281805,0.4795392408482223,0.4582341643353039,0.4272831027706486,0.5726320405511539,0.5393412446241977,0.5877482169885707,0.582269750121546,0.6737547431621925,0.40891700907994644,0.4289576114011052,0.5054067860938997,0.4178709100892443,0.5631914612158352,0.525448519814048,0.5243735106976314,0.4458853964274032,0.38462220358417,0.6222986811597669,0.6738905304683878,0.47051568953563155,0.35003746763865584,0.5263848546473623,0.5257255614998031,0.36724879139268907,0.4447425606157852,0.404329472001711,0.5522416846156301,0.357062122368602,0.5287800032910323,0.6421828448519895,0.4580751566013941,0.5451988416459526,0.5964847273803048
0.24443023605848643,0.4595452241713866,0.4764614747207489,0.3044760200097978,0.6136732682075208,0.4630732261778623,0.33001536003091547,0.4969736224946263,0.48701170245100345,0.57732858532009,0.6088477975814716,0.48799947135430044,0.4125477807561565,0.4182171987741007,0.5614278262040318,0.3994587524348838,0.4486024057516808,0.5065128868614152,0.5172680019376533,0.49773633736827777,0.5721214956495501,0.5088694778038938,0.550086069818724,0.6067248823968776,0.6119730621402693,0.48798449737514626,0.39404605399214865,0.5313689328118534,0.49914566544515165,0.5590046451134574,0.6188657303031377,0.49910522497244403,0.452568331977818,0.4853364374351566,0.606212293642244,0.5616971519898981,0.43499690632454696,0.5223559254383567,0.4420535148316393,0.4736704787317745,0.4539295018363132,0.5105442308510464,0.44872176500456445,0.4816224333299842,0.45819060559931873,0.4695287510329864,0.6803138953228228,0.47911903393172356,0.5319520640698379,0.5339969375832045
0.2248699812629782,0.42535144511282946,0.4512175871347893,0.35547710844965885,0.5650747430131265,0.42025735970642547,0.33826694577604066,0.4366515938359361,0.5259766633097863,0.5107804554875472,0.5647282712736629,0.5253278668987097,0.4951545729260988,0.4241631811120971,0.5437217751759295,0.32211229194215985,0.41317341905029226,0.5262627951219208,0.6099496534778258,0.42455150966712707,0.563397270568327,0.5478524169499024,0.6132540362016614,0.5291661163808855,0.6346866619784638,0.5118504860520178,0.3618535087624119,0.5188525954097992,0.40072115393878427,0.5235562725973392,0.5793268771824787,0.4706275578154788,0.40341232753077916,0.42488271857153015,0.6355564717244504,0.4857946420549596,0.526154119268266,0.49426542634979165,0.5099361252522666,0.504663926987266,0.39505099562246143,0.5106827163914621,0.5324808112059909,0.532464701222615,0.43289654245040887,0.4497061885730216,0.6574815752259966,0.4361131041124082,0.5078418967320778,0.5285390041280426
0.23286040003579317,0.4527099291462562,0.40658090478883513,0.37512325951706826,0.5462676254707202,0.40261322435139246,0.4534392847993342,0.4442807750562831,0.5136739505686447,0.5282563220122722,0.6148069005840343,0.5362559596325924,0.43539358989106475,0.4426347769340706,0.5211712870298513,0.42284658842541545,0.35043889853391935,0.474821100810364,0.5689095564359063,0.4661794621350257,0.5514295682459356,0.46617834180098294,0.6484893741900953,0.5828898129232354,0.669078623506836,0.4947606263217321,0.3940771082864919,0.5692438210267173,0.40788955187375747,0.5011303997392352,0.5668744233590541,0.4416412622933551,0.4379268746042276,0.4026703223176316,0.5502093347635474,0.5218370315821466,0.47866495813903615,0.5459841904274466,0.45822766819535365,0.4848313625738111,0.42755364730548223,0.5406465417340629,0.46761571866785523,0.5122318112860572,0.43967093483654696,0.5086998520202823,0.7139041786492404,0.4412923709738994,0.4419290657511651,0.6120127475658639
0.2312339932682574,0.4322444463500302,0.40540623863041125,0.33719440532578865,0.5962055875725059,0.463994798029027,0.3902236000576596,0.4960155050682138,0.512268106225422,0.5981677383313017,0.6094523120791062,0.5002341921913975,0.4385316495500239,0.4177755796687317,0.5425271483040729,0.4034909163587198,0.32531377691030994,0.45736403008746807,0.6089433320229243,0.4998524824523841,0.5136481822091963,0.4858735095337938,0.5969229072542931,0.5054522296655359,0.5561620516849738,0.4791781759883665,0.4329999824948828,0.47060402145961444,0.4589849121140505,0.5361929876595354,0.5334117458329327,0.4631509110568264,0.3749774879808736,0.48254759613762555,0.6190511065973088,0.5244073194861084,0.5329537653580533,0.5689797534078352,0.47025903164641675,0.5040011298727152,0.37695247908808854,0.47173273781487873,0.5198079111969917,0.5019983913534122,0.4852272627576294,0.41312317794493225,0.6104207945608782,0.45061554683529703,0.5345153719417315,0.6454530001109209
0.24569768692859273,0.43075932391315996,0.3955002597056181,0.31988898595778825,0.4971927227015822,0.35350667302643757,0.45206553705135993,0.49296812325108386,0.5187958150523919,0.6065604956907821,0.6317226875695635,0.5009798746494867,0.45090859470616446,0.40425710983665636,0.5272785627390161,0.33624870874897644,0.36867668884195764,0.5342659320862254,0.4578359955102113,0.5527479898812004,0.5633424679222503,0.5111245313746089,0.5127466258312078,0.6167655276827325,0.7246186600520373,0.43147908621982795,0.34150553829191344,0.5614230518985727,0.5072334135491214,0.4962846157332304,0.6279076207554248,0.5151430319968011,0.4684050037577408,0.4428736855628465,0.6012008077911777,0.5877655610186936,0.43625407602512223,0.5163888200408607,0.4248459702256988,0.5205171651355581,0.5122909327952591,0.5632853848662317,0.46676180428028846,0.5087442819503103,0.44176094874503036,0.5213241973227505,0.668436935400726,0.475536824120547,0.4938837791160269,0.5269887084525638
0.25772460546591686,0.4588785997769089,0.4578184127267906,0.32557375793766813,0.6007064555627327,0.4646377539545274,0.34273190469452236,0.4672723801976746,0.5106734880974115,0.5212845762440542,0.6315484222050968,0.4895042944516621,0.4457468499757834,0.4095611596285892,0.5686615247842182,0.40940216974616517,0.40961486811429615,0.4554677766531796,0.614057843212771,0.4677039735074231,0.5769826820994725,0.49930307594056567,0.6134636129995991,0.5688514749484603,0.5893449952492452,0.5517305892536803,0.4241426823459347,0.5407899809846056,0.4634075084504959,0.5440778869317004,0.6043029101155137,0.45884981426296656,0.45587673296588477,0.48986427581041014,0.581637916953726,0.4920915800548856,0.4859585003154238,0.6186134026524489,0.4401587077040042,0.47831675411997165,0.41502264192199423,0.5076139014871752,0.473147999618,0.5025700954893896,0.4689184291001786,0.440284636439949,0.722068593524617,0.4466971986877862,0.5142596596161774,0.5648128915571619
0.2299197977051342,0.4649220729993867,0.5020313398404521,0.3358668908164442,0.6212779400700061,0.4958808213082208,0.3067235535277155,0.5005732955205329,0.4917776076643279,0.5597989288338656,0.5773330425315877,0.4838109864649248,0.41308019065920437,0.4346184898095858,0.5243414267900482,0.407753298051743,0.4505698940153331,0.5035601970312983,0.5775899584452477,0.4387866207029472,0.5395908074300081,0.5288089094629176,0.603568656261988,0.5459952601531359,0.5418458909805086,0.5155704154480143,0.36494810644767345,0.4892849224917335,0.47187535267427716,0.5665448018770489,0.5667104683972444,0.49066471500383646,0.39635822219155925,0.4769490676057799,0.6559707594975929,0.5151034138860546,0.4770326134918968,0.48823010566932473,0.46324792876772564,0.4732152528137729,0.3891339347498187,0.47000530152690234,0.4877907444244443,0.5113001529980012,0.4614345458952297,0.4294046319552159,0.638140131831127,0.46002149117725916,0.5594175035056496,0.5436636418236072
0.2146221259047933,0.438365905217734,0.39735073871905263,0.3652300828848826,0.5008511643025388,0.46947572953726857,0.4129745265767582,0.5043457206517756,0.44556973828951224,0.6417985501982223,0.5848839135583833,0.49066920861019897,0.38656149257623745,0.46829364874254936,0.48608554380387153,0.41847522178476426,0.33018148067171865,0.5469583922313506,0.5337108187343143,0.5225861986639395,0.47183134822098455,0.4273017360656277,0.63022071733546,0.5197257609769245,0.5929689511723787,0.4115151613476515,0.34957752142561954,0.4935206470180218,0.4413477938583505,0.4838586387505164,0.5183895809426978,0.45114123346327106,0.34758319993652387,0.4230272140182908,0.616392499519398,0.5098966801701398,0.4650513550816405,0.462729706785598,0.43055296124700443,0.45191752011510433,0.4135457744607114,0.5200078198054663,0.5378492386250325,0.5033055031718042,0.490612020860372,0.4616392143309374,0.5664222904302707,0.453087866426069,0.47779131380204937,0.6722189134782611
0.21063250085609775,0.44356752587524223,0.548382855317679,0.34137871852750246,0.6111844313522518,0.5431474049870015,0.31521399256724825,0.515746602529383,0.441805269763015,0.5983374549271688,0.5347793744277363,0.4629045351619205,0.37939872576651945,0.46072617793019266,0.5128246005198974,0.4228533374709134,0.4601561913126834,0.5157320907834243,0.5555220193705537,0.44745889061275024,0.5236880544189224,0.4846418064789064,0.6501248432722732,0.5321008597532835,0.560221600508027,0.507270228210502,0.3926638543316337,0.466081551689753,0.45161436547248573,0.5516080137033437,0.553153191796803,0.5019686590021271,0.43885687268227197,0.4676885206743566,0.6338787764712268,0.49613194124038845,0.4525186190250902,0.4547775860640547,0.4288658778359639,0.4464342207196765,0.35570333114257496,0.4777654285677209,0.5010707408936045,0.5403913651808644,0.46407831032442287,0.41030686784621867,0.6287990195449457,0.4456430748029123,0.578933435957369,0.6106093525051891
0.1877171532020837,0.46966634125643214,0.5782862833769785,0.3423228829446609,0.6554787607113649,0.5204016331587694,0.32093568482677615,0.4798885074919233,0.4554529577295404,0.5664388439213663,0.4964012770303241,0.5150082754598951,0.3888245052720247,0.4781283815003317,0.5164693915159924,0.43920321794256517,0.48338273843117113,0.536695774880827,0.5451873596186211,0.40141494668270783,0.5084935071262064,0.48451347857339644,0.6778693969136602,0.5670955077919461,0.5988162045494654,0.512042709982354,0.36843497925611507,0.4737372914814802,0.39270154999719487,0.5667438350105825,0.5435942043750445,0.4978391852594777,0.4206369725628613,0.40598002236484626,0.6111469702767374,0.5091779341259342,0.4462322208333337,0.37553165563109636,0.48201403810878785,0.43933787323810924,0.35863574971976125,0.5035267436492514,0.491946621244613,0.5130409448301751,0.44526521757740073,0.44362459256656134,0.6434457511567857,0.4601997679828511,0.5357260988083627,0.6009845255884672
0.2079912862816936,0.47824650867144824,0.539301919224264,0.27186967457714645,0.6482511751131943,0.5077318380087245,0.3429654884826211,0.5033196414531912,0.47580278736860343,0.6249814800690242,0.5454620494808298,0.4956917746525318,0.42123878698852385,0.4325805103729996,0.5600363676075557,0.4340773740521801,0.406968177654455,0.5158031998303659,0.5620989812794995,0.489038509292674,0.459837022799256,0.44821106154929047,0.6328653579745721,0.5593170355198426,0.5872867138918182,0.5143260817387124,0.3885573263901703,0.4363414952111104,0.4410326626353436,0.5620830350886084,0.5539392145612952,0.5028860171774299,0.4079250862186067,0.45787825954621586,0.5903371979206408,0.4961978463524653,0.46541446026570177,0.4761991455274555,0.45233860964911504,0.45560505218610736,0.391855577139851,0.5344872670910992,0.5343669504992984,0.466510820494502,0.5150791661789988,0.39541859676873314,0.6150138127742435,0.4826059149435572,0.5426533872737846,0.6482431858141714
0.19469018652948844,0.40237974595214554,0.36555166508203457,0.4471319515107041,0.5625081940870861,0.464286068587931,0.4133801834698065,0.5023580357408716,0.44518561989915917,0.6151803541013058,0.5612444481459375,0.5307435206422869,0.33215474093377567,0.5021995606142995,0.4546699983920101,0.4243751275049246,0.37514436418002467,0.5239412595374234,0.47845475225088385,0.4663423120760512,0.5590189340227056,0.49689854940485245,0.5846594058867561,0.5303576236731273,0.5826181929908384,0.3372657485308984,0.39893281474034203,0.5278779524008917,0.43476478516336553,0.5191654799055262,0.49719009767605066,0.45462177094586803,0.33861758768303035,0.40144193678941986,0.6577452541084936,0.6399703604187051,0.4660700870768692,0.36557880002402304,0.50216409826985,0.4759748903410545,0.3820005354653726,0.4220147299985681,0.43750994687740763,0.5324046745419766,0.3903527186019878,0.5354163743285095,0.5668665433598903,0.44731230070850236,0.4952307908063577,0.6251343776728988
0.20609851056137193,0.4413927959972702,0.4576384844234038,0.30368819635647415,0.6513685626617103,0.5095818814315515,0.3683827829583695,0.4859460806301164,0.4405583492014929,0.6392598516754598,0.5628424265404086,0.5217452742185351,0.38306334194243213,0.4546010759738852,0.58296166946301,0.454248508053113,0.372784560382886,0.4997950274143447,0.527676084169323,0.528239809478455,0.505295392995607,0.4055026391919096,0.6122518982356029,0.5745388529254647,0.6152992367981351,0.43563466115032123,0.4790815572067702,0.48081797969699136,0.4206825225270054,0.5462497815027314,0.5519625980949445,0.4625509913125239,0.4149136723182486,0.4468421430778399,0.5379728047582779,0.5620530698121152,0.4529440992532312,0.4881604116994616,0.468152806498424,0.44094435186458447,0.4014380021965166,0.5206884516756946,0.4870805165237535,0.4458352104951874,0.4883745369178772,0.4473263865667821,0.626513738476248,0.47888929619492443,0.490429349217068,0.7087730810779438
0.23561690721508885,0.4367001535577595,0.45962090635835157,0.34302719818006333,0.5329692729317437,0.47225267200307425,0.37629097119455784,0.493726396057075,0.4512741766988862,0.5920640604705627,0.5958891873475721,0.47349581319913364,0.3970059542068891,0.4465020794370111,0.5247629778047262,0.4035646316707844,0.4108432603241104,0.5223355222656965,0.521871498669112,0.5065328721715187,0.5515112621931789,0.4595772294952614,0.6147139211358925,0.5743483116419621,0.6372467168807645,0.47341600221146934,0.3871968177638792,0.5383062587222719,0.46483693837269513,0.5059938550125589,0.593066426661236,0.4773989278290181,0.463182316946158,0.4544157934663137,0.5861119582874001,0.5137436227275765,0.4303561854255221,0.5181070333284171,0.4036581731429507,0.45305263134325974,0.43352283714799816,0.5317172262019734,0.4815968426864682,0.5219559584175025,0.46166522222780665,0.47094179997199126,0.6708700485998406,0.44861871773691225,0.5060800648690327,0.6006304587180912
0.25025620529105497,0.4202809121746174,0.4247667521651465,0.31108047474657363,0.6036990031797033,0.45547990770427993,0.32896718881210407,0.49263028772817596,0.4785622390726384,0.5901861987946095,0.6230793770876253,0.4895515179581936,0.41628759720047215,0.4116043157347799,0.5852275534973416,0.36836600951357035,0.4294642726625095,0.500484643941467,0.504862921045675,0.5314184278379063,0.6106083014407433,0.5112809109333504,0.5082347653341173,0.599008929272262,0.6288931116976978,0.44549808880428604,0.4468748730604456,0.5459984339628999,0.5065715787671169,0.5490287629601218,0.6324973159168942,0.4910453642698207,0.46471770813323227,0.5021659385182812,0.5991615755626263,0.5950495360223255,0.4449422499519639,0.5492729395979051,0.4504699239257225,0.48484833487349277,0.460727310962786,0.4957748147507426,0.4387407060519463,0.48292801453443074,0.4434466005013584,0.47958472384920525,0.6762918202089178,0.4735417036138249,0.5302660408336334,0.543100763928083
0.21979497536304554,0.4584496161629561,0.44352794158640446,0.33597951800145337,0.551961267990883,0.4218977851668189,0.43052255688112856,0.5227772774720998,0.5372302101143462,0.6178316185935687,0.5886352113710543,0.49195957152756065,0.4458500037987539,0.4175717238473684,0.4797608175441579,0.38493668867098263,0.33631242035621256,0.5008433360417355,0.56473399954514,0.48384329173847174,0.4651459626293602,0.520328196441098,0.5928677586036041,0.5129546970168823,0.5768271470350477,0.48231549346421476,0.3145800814692449,0.44893760165147933,0.48301839545276926,0.529315400295882,0.5223454246654101,0.5103970768371416,0.3569459046198281,0.4525144009114975,0.674040790817109,0.5214414350630444,0.5157717909531676,0.4851110372222034,0.4558298653109679,0.5254477662198045,0.3983342466130149,0.4926082685598407,0.5399172007096378,0.5268312041023171,0.4839956204289506,0.42280328417186247,0.5739079660570859,0.462908398665577,0.557439055694757,0.5908531617311747
0.20744017978895368,0.4213325906636631,0.5519291431235622,0.3164105967840075,0.6817733357257478,0.48467682567518466,0.3175152664697642,0.4895322612271953,0.5043201318259123,0.5671014172091886,0.5247591848199493,0.5044990734723861,0.4408310249663881,0.42253745904184076,0.5635073715344122,0.36210695312990393,0.4746942813574677,0.4882853704468478,0.5498123486742498,0.43210040904240155,0.5759724339658481,0.555152199878479,0.5834923823888473,0.5577364230164015,0.6190623704476678,0.5166825297504276,0.43892787132786143,0.46624698892253513,0.44563606125187516,0.5877336885584596,0.5875716912507979,0.5365831019419379,0.47866441623644895,0.47110000303174276,0.6325526596853737,0.5592460243064441,0.48955165016243957,0.459196176325832,0.4960303586035575,0.5066235547984841,0.36123296828922974,0.46717953931820005,0.4743913212306395,0.5360980445503462,0.4218330228229805,0.4196650995453066,0.6633820642752728,0.4571939493303458,0.6050067497540812,0.5492795388274171
0.23985066690172185,0.4935680517083211,0.43590224073646583,0.3230249548564407,0.7253004250750534,0.44787092094880987,0.30163678294805374,0.4576565447516989,0.541451191960741,0.5097437303374006,0.6202258940614076,0.5590139605147053,0.4256667035513702,0.4173465056478508,0.5845663898451721,0.4397876917924053,0.4422810804935591,0.4599901737314173,0.5777624469255351,0.43144325632463054,0.5831527495201236,0.5497523713123181,0.5387545612269771,0.6108843797460379,0.543874515351337,0.4943768387830748,0.41952463460868084,0.5365617978069084,0.46111263074343184,0.6151339326835558,0.5832116095057429,0.45739109969845215,0.3565741015795208,0.468838396885943,0.6166973774359114,0.6101937331837999,0.49146852090271353,0.5126627141491636,0.5512601724686521,0.49116686927299685,0.43104477112492723,0.455963181502083,0.41232955891575157,0.4233632253374179,0.43821087176625184,0.49104290289303465,0.6824897618693014,0.497088902571766,0.4955733481256587,0.5088468836535018
0.19642305580875255,0.412926592263646,0.4349707801737503,0.34279899949250003,0.6108104375814409,0.4273361513360861,0.4249708774973728,0.45760604148449174,0.4945116161366362,0.5972747507256756,0.5456986284784836,0.5526599487555924,0.4385157193521831,0.4457736753723953,0.5542137685422457,0.38366390316633064,0.3576390494165153,0.5047365858289162,0.5281629648312496,0.48805853696402696,0.5319821081317059,0.47037016454588876,0.6053792349635433,0.5625714746758542,0.6850745144319582,0.43485568313542555,0.44329454425420906,0.4980886391710696,0.39012867528699724,0.5264350887287192,0.5504662654368334,0.4801306455304911,0.4267575616188828,0.40176536218611225,0.565829098239542,0.5744725000064796,0.4933529319582774,0.4538560608909035,0.5084461024530469,0.49718560680428486,0.3962739106574079,0.5211917015648558,0.49481292154164286,0.49842286139809805,0.4348126531655829,0.47732417853732106,0.6378571949020002,0.45909056346815724,0.48923377510474925,0.6523114220399087
0.2243135618889496,0.4524080033876732,0.45497805322886237,0.3618133226889698,0.6218298731470123,0.3864390492106129,0.464658595120656,0.4543924643670135,0.5554594755414397,0.5181906070128347,0.5960233418158332,0.5501412592819209,0.44766862315958816,0.4231408047694203,0.5293526987898889,0.41589883669298455,0.37989867612790906,0.43583587221683673,0.5543297250495933,0.43693958085539975,0.5750440708344148,0.521485641866712,0.6188021007985173,0.6018947966210447,0.6820437464941617,0.5208887066248028,0.4197061333937709,0.5480592244853696,0.4237029000100211,0.5462851360543433,0.5750643437920148,0.48849876478422405,0.47914125152630194,0.4144057535607051,0.5646952054666086,0.5745379696676102,0.4916530849306144,0.5299484155775867,0.48682546320490744,0.5265091052095315,0.4085488608276989,0.5105886970098802,0.4292275097591088,0.5269873207749515,0.408264143170619,0.5035334221453075,0.7379359519912648,0.45072937197844337,0.49877349498272294,0.5731811888483394
0.2621265343960595,0.48137389976282147,0.400869349866779,0.43311704602786705,0.6119890293306915,0.47774788463469353,0.3395979712065269,0.4816952599619302,0.4910239396671956,0.4773576176973779,0.6629492118152032,0.5050514250625872,0.33908126337163746,0.46391857471506676,0.48674922198931425,0.4902797694668153,0.45586857770344846,0.43862103852741074,0.5674694003039837,0.40625700662888764,0.6391601357977243,0.5390491693665465,0.6003799691940047,0.5945232256155005,0.5066739383827461,0.4896920248811303,0.39630849483609815,0.616321586589166,0.4911910983203137,0.5657012826703959,0.5703781493601294,0.42162161013525157,0.39187633368312974,0.47076018700340916,0.634540185366593,0.5879873849515664,0.44630684220781824,0.5450372055297655,0.4617111390587326,0.4582799070528388,0.4174769951569047,0.41393071240647156,0.3526703262250158,0.5112222289832162,0.39802855952135957,0.5419554192214838,0.7285746945735582,0.4455583463157646,0.4855402532497365,0.5019775324647547
0.24676829567900535,0.45507798446041314,0.5090301610711325,0.39396074741300624,0.5294827025447872,0.49957552325107907,0.35690241739644263,0.5519292924820844,0.45302562168857374,0.5747270774952169,0.6060661353458554,0.42424010887588615,0.33402429266817807,0.45877792125302563,0.440252894991582,0.4300848412919068,0.4899991517896794,0.5043673543533874,0.49075266700554154,0.4500666270692659,0.5896209141718102,0.5385912418884617,0.600732746054356,0.5737112837237976,0.5581670837531892,0.49547413671059426,0.32394546757977544,0.548448213886016,0.5459780492238018,0.5362302646589132,0.5887097814483597,0.5173453371610722,0.4754100943394304,0.4897505130312,0.6805312384471448,0.5444057283588684,0.39811779952090226,0.480385485603117,0.363878566412687,0.46285341639326866,0.41612372688922394,0.45230848237803095,0.4142623760117851,0.5878461573984982,0.42038973653394907,0.48458515068448665,0.676743271770597,0.4394970624227912,0.5888860162474867,0.49996638454653286
0.22632813705546775,0.4605741978376462,0.4306746108432354,0.34791639629669674,0.5192798769513585,0.45743763586693276,0.4493761835974785,0.5125530131909178,0.4521556423274945,0.6337754311795107,0.6071642371799605,0.48485307668473393,0.3676547786109526,0.45938573711429564,0.49192873249043206,0.4558981196725631,0.35168228545866426,0.5154561754920117,0.4962843310321406,0.5329177652081857,0.49419953633540714,0.41619381390912114,0.6291482102708083,0.5809369840400335,0.6339469544492414,0.44260150740717835,0.3645567526570104,0.526012352716904,0.46887694367976984,0.49483047350904835,0.5533750876761737,0.47054125016833087,0.4247408051338804,0.43052647868330357,0.5717383581874511,0.5342945541540369,0.4199429772702225,0.4986384275607255,0.3916497360350725,0.4503298836773986,0.44445448479618205,0.5443490716856311,0.4803058555665708,0.500867160241323,0.4831010272757839,0.48827807022712577,0.6396411504932574,0.4628330131834625,0.47743374434497365,0.6598442519742342
0.22982075378655703,0.4431518536193154,0.4545926127544311,0.3239375430683293,0.5540518328566518,0.4827654914227722,0.3630115400837131,0.48344691216693053,0.46486507234982244,0.5953906140491747,0.5879378184742382,0.4843625812701898,0.42620899287374436,0.4378916462290025,0.5445559763144812,0.40339634946304437,0.3754575888053457,0.5157280392357644,0.5776943974980882,0.5038302199554741,0.5095260515331426,0.445787091411425,0.6347113167125517,0.5391065292310129,0.6049764902436622,0.4903583704601343,0.39524200512320046,0.4981428838309259,0.43864472071967503,0.5107978380363212,0.5664368466775971,0.4617906240914775,0.41604896428144295,0.45645875708495814,0.5857455654308357,0.47719688180610287,0.47341860763472515,0.5360013502593312,0.42938063559068695,0.4552855249627425,0.4074097180015474,0.533305663600645,0.5315309800540138,0.5003023458478217,0.4944890890478688,0.4281042960620328,0.6382931018659392,0.4498621205084594,0.5024469201040603,0.6398951767615488
